label,ann_ret,cagr,ann_vol,sharpe,max_dd,n_days,start,end,gross_sharpe,ann_cost,avg_turnover
value_z40_f0.1_x1.0,-0.00522,-0.00522,0.00999,-0.523,-0.0669,2500,2010-01-04,2019-12-31,1.321,0.01799,1.6103
value_z40_f0.1_x2.0,-0.00232,-0.00234,0.00941,-0.246,-0.0454,2500,2010-01-04,2019-12-31,1.347,0.01467,1.314
value_z40_f0.1_x3.0,-0.00119,-0.00122,0.00881,-0.135,-0.0358,2500,2010-01-04,2019-12-31,1.272,0.01215,1.0891
value_z40_f0.2_x1.0,-0.00502,-0.00501,0.00759,-0.661,-0.0582,2500,2010-01-04,2019-12-31,1.4,0.01521,1.3644
value_z40_f0.2_x2.0,-0.00222,-0.00222,0.00671,-0.331,-0.039,2500,2010-01-04,2019-12-31,1.201,0.01009,0.9065
value_z40_f0.2_x3.0,-8e-05,-0.0001,0.00594,-0.014,-0.0257,2500,2010-01-04,2019-12-31,1.096,0.00653,0.5844
value_z60_f0.1_x1.0,-0.00363,-0.00365,0.0099,-0.367,-0.0556,2500,2010-01-04,2019-12-31,1.406,0.01712,1.533
value_z60_f0.1_x2.0,-0.00127,-0.00131,0.00926,-0.138,-0.0363,2500,2010-01-04,2019-12-31,1.356,0.01352,1.2102
value_z60_f0.1_x3.0,-0.00073,-0.00076,0.00858,-0.085,-0.0346,2500,2010-01-04,2019-12-31,1.202,0.01084,0.97
value_z60_f0.2_x1.0,-0.00488,-0.00486,0.0074,-0.66,-0.0576,2500,2010-01-04,2019-12-31,1.345,0.01443,1.294
value_z60_f0.2_x2.0,-0.00164,-0.00165,0.00661,-0.248,-0.035,2500,2010-01-04,2019-12-31,1.142,0.00903,0.8088
value_z60_f0.2_x3.0,0.00073,0.00071,0.00586,0.125,-0.0238,2500,2010-01-04,2019-12-31,1.071,0.00548,0.489
value_z120_f0.1_x1.0,-0.00058,-0.00062,0.00982,-0.059,-0.0451,2500,2010-01-04,2019-12-31,1.572,0.01554,1.397
value_z120_f0.1_x2.0,0.00174,0.00169,0.00888,0.196,-0.0276,2500,2010-01-04,2019-12-31,1.507,0.01132,1.0165
value_z120_f0.1_x3.0,0.00124,0.0012,0.00795,0.156,-0.0213,2500,2010-01-04,2019-12-31,1.256,0.00858,0.7693
value_z120_f0.2_x1.0,-0.00209,-0.0021,0.00727,-0.288,-0.0395,2500,2010-01-04,2019-12-31,1.513,0.01269,1.1427
value_z120_f0.2_x2.0,-0.00011,-0.00013,0.0063,-0.017,-0.025,2500,2010-01-04,2019-12-31,1.147,0.00719,0.6453
value_z120_f0.2_x3.0,0.00234,0.00231,0.00568,0.412,-0.0175,2500,2010-01-04,2019-12-31,1.123,0.004,0.3567
value_raw_f0.1_x1.0,-0.00384,-0.00387,0.01145,-0.335,-0.0688,2500,2010-01-04,2019-12-31,0.809,0.01295,1.0472
value_raw_f0.1_x2.0,-0.0005,-0.00055,0.01049,-0.048,-0.0444,2500,2010-01-04,2019-12-31,0.606,0.0068,0.5347
value_raw_f0.1_x3.0,0.00041,0.00036,0.00978,0.042,-0.0358,2500,2010-01-04,2019-12-31,0.48,0.00426,0.3269
value_raw_f0.2_x1.0,-0.00173,-0.00174,0.00725,-0.238,-0.0389,2500,2010-01-04,2019-12-31,1.211,0.01028,0.8862
value_raw_f0.2_x2.0,0.00059,0.00057,0.00703,0.084,-0.0197,2500,2010-01-04,2019-12-31,0.59,0.00353,0.2909
value_raw_f0.2_x3.0,0.00022,0.00019,0.00733,0.03,-0.0251,2500,2010-01-04,2019-12-31,0.274,0.00178,0.1408
carry_h0.5_f0.1_x1.0,0.0034,0.00324,0.0166,0.205,-0.0651,2500,2010-01-04,2019-12-31,0.632,0.00708,0.6122
carry_h0.5_f0.1_x2.0,0.0054,0.00525,0.01592,0.339,-0.0532,2500,2010-01-04,2019-12-31,0.551,0.00336,0.2847
carry_h0.5_f0.1_x3.0,0.00451,0.00436,0.01582,0.285,-0.0527,2500,2010-01-04,2019-12-31,0.419,0.00211,0.1753
carry_h0.5_f0.2_x1.0,0.00295,0.00283,0.01442,0.205,-0.049,2500,2010-01-04,2019-12-31,0.502,0.00429,0.3652
carry_h0.5_f0.2_x2.0,0.00286,0.00276,0.01324,0.216,-0.039,2500,2010-01-04,2019-12-31,0.328,0.00148,0.1214
carry_h0.5_f0.2_x3.0,0.00205,0.00196,0.01271,0.161,-0.03,2500,2010-01-04,2019-12-31,0.256,0.0012,0.0963
carry_h1.0_f0.1_x1.0,0.00255,0.00239,0.01709,0.149,-0.0598,2500,2010-01-04,2019-12-31,0.626,0.00813,0.7018
carry_h1.0_f0.1_x2.0,0.00628,0.00612,0.01657,0.379,-0.0437,2500,2010-01-04,2019-12-31,0.599,0.00364,0.3095
carry_h1.0_f0.1_x3.0,0.00445,0.0043,0.01601,0.278,-0.0432,2500,2010-01-04,2019-12-31,0.407,0.00206,0.1719
carry_h1.0_f0.2_x1.0,0.00162,0.00152,0.01391,0.117,-0.0474,2500,2010-01-04,2019-12-31,0.46,0.00477,0.4116
carry_h1.0_f0.2_x2.0,0.00264,0.00254,0.01311,0.202,-0.0319,2500,2010-01-04,2019-12-31,0.308,0.00139,0.1155
carry_h1.0_f0.2_x3.0,0.00137,0.00127,0.01299,0.105,-0.0323,2500,2010-01-04,2019-12-31,0.195,0.00117,0.0959
mom_20_f0.1_x1.0,-0.02922,-0.02871,0.01437,-2.033,-0.2567,2500,2010-01-04,2019-12-31,-0.741,0.01866,1.5991
mom_20_f0.1_x2.0,-0.02587,-0.02545,0.01347,-1.92,-0.2315,2500,2010-01-04,2019-12-31,-0.791,0.01528,1.3045
mom_20_f0.1_x3.0,-0.02344,-0.02309,0.01294,-1.811,-0.2127,2500,2010-01-04,2019-12-31,-0.805,0.01308,1.1151
mom_20_f0.2_x1.0,-0.02543,-0.02498,0.00815,-3.121,-0.2245,2500,2010-01-04,2019-12-31,-1.189,0.01591,1.4079
mom_20_f0.2_x2.0,-0.01815,-0.01789,0.00723,-2.509,-0.1655,2500,2010-01-04,2019-12-31,-0.997,0.011,0.9676
mom_20_f0.2_x3.0,-0.01263,-0.01249,0.00624,-2.025,-0.1185,2500,2010-01-04,2019-12-31,-0.817,0.00757,0.6595
mom_60_f0.1_x1.0,-0.02426,-0.0239,0.0142,-1.708,-0.2184,2500,2010-01-04,2019-12-31,-0.521,0.01689,1.4414
mom_60_f0.1_x2.0,-0.01809,-0.01789,0.01266,-1.428,-0.1691,2500,2010-01-04,2019-12-31,-0.44,0.01254,1.0663
mom_60_f0.1_x3.0,-0.0153,-0.01515,0.01138,-1.345,-0.1437,2500,2010-01-04,2019-12-31,-0.497,0.00967,0.8236
mom_60_f0.2_x1.0,-0.02055,-0.02024,0.00813,-2.529,-0.186,2500,2010-01-04,2019-12-31,-0.818,0.01399,1.2438
mom_60_f0.2_x2.0,-0.01358,-0.01342,0.0071,-1.914,-0.1274,2500,2010-01-04,2019-12-31,-0.79,0.00803,0.7047
mom_60_f0.2_x3.0,-0.01075,-0.01064,0.00633,-1.698,-0.1015,2500,2010-01-04,2019-12-31,-0.943,0.00482,0.4182
mom_120_f0.1_x1.0,-0.02882,-0.02831,0.01349,-2.136,-0.2504,2500,2010-01-04,2019-12-31,-0.984,0.01566,1.3595
mom_120_f0.1_x2.0,-0.02153,-0.02123,0.01179,-1.826,-0.1939,2500,2010-01-04,2019-12-31,-0.949,0.0104,0.8948
mom_120_f0.1_x3.0,-0.01721,-0.017,0.01068,-1.611,-0.1583,2500,2010-01-04,2019-12-31,-0.892,0.00771,0.6588
mom_120_f0.2_x1.0,-0.02118,-0.02085,0.00807,-2.624,-0.1898,2500,2010-01-04,2019-12-31,-1.122,0.0123,1.1081
mom_120_f0.2_x2.0,-0.01294,-0.01279,0.0072,-1.798,-0.1207,2500,2010-01-04,2019-12-31,-0.965,0.00604,0.5325
mom_120_f0.2_x3.0,-0.00788,-0.00781,0.00646,-1.218,-0.0802,2500,2010-01-04,2019-12-31,-0.711,0.00329,0.2837
