Date,mult
2011-01-03,1.0
2011-01-04,1.0
2011-01-05,1.0
2011-01-06,1.0
2011-01-07,1.0
2011-01-10,1.0
2011-01-11,1.0
2011-01-12,1.0
2011-01-13,1.0
2011-01-14,1.0
2011-01-18,1.0
2011-01-19,1.0
2011-01-20,1.0
2011-01-21,1.0
2011-01-24,1.0
2011-01-25,1.0
2011-01-26,1.0
2011-01-27,1.0
2011-01-28,1.0
2011-01-31,1.0
2011-02-01,1.0
2011-02-02,1.0
2011-02-03,1.0
2011-02-04,1.0
2011-02-07,1.0
2011-02-08,1.0
2011-02-09,1.0
2011-02-10,1.0
2011-02-11,1.0
2011-02-14,1.0
2011-02-15,1.0
2011-02-16,1.0
2011-02-17,1.0
2011-02-18,1.0
2011-02-22,1.0
2011-02-23,1.0
2011-02-24,1.0
2011-02-25,1.0
2011-02-28,1.0
2011-03-01,1.0
2011-03-02,1.0
2011-03-03,1.0
2011-03-04,1.0
2011-03-07,1.0
2011-03-08,1.0
2011-03-09,1.0
2011-03-10,1.0
2011-03-11,1.0
2011-03-14,1.0
2011-03-15,1.0
2011-03-16,1.0
2011-03-17,1.0
2011-03-18,1.0
2011-03-21,1.0
2011-03-22,1.0
2011-03-23,1.0
2011-03-24,1.0
2011-03-25,1.0
2011-03-28,1.0
2011-03-29,1.0
2011-03-30,1.0
2011-03-31,1.0
2011-04-01,1.0
2011-04-04,1.0
2011-04-05,1.0
2011-04-06,1.0
2011-04-07,1.0
2011-04-08,1.0
2011-04-11,1.0
2011-04-12,1.0
2011-04-13,1.0
2011-04-14,1.0
2011-04-15,1.0
2011-04-18,1.0
2011-04-19,1.0
2011-04-20,1.0
2011-04-21,1.0
2011-04-25,1.0
2011-04-26,1.0
2011-04-27,1.0
2011-04-28,1.0
2011-04-29,1.0
2011-05-02,1.0
2011-05-03,1.0
2011-05-04,1.0
2011-05-05,1.0
2011-05-06,1.0
2011-05-09,1.0
2011-05-10,1.0
2011-05-11,1.0
2011-05-12,1.0
2011-05-13,1.0
2011-05-16,1.0
2011-05-17,1.0
2011-05-18,1.0
2011-05-19,1.0
2011-05-20,1.0
2011-05-23,1.0
2011-05-24,1.0
2011-05-25,1.0
2011-05-26,1.0
2011-05-27,1.0
2011-05-31,1.0
2011-06-01,1.0
2011-06-02,1.0
2011-06-03,1.0
2011-06-06,1.0
2011-06-07,0.9748942372523832
2011-06-08,0.9555777662206237
2011-06-09,0.9354914097498469
2011-06-10,0.9243675170935545
2011-06-13,0.8813398783082033
2011-06-14,0.8371501089590068
2011-06-15,0.7928859197413416
2011-06-16,0.751617411503241
2011-06-17,0.7069465584309358
2011-06-20,0.6951635576578516
2011-06-21,0.7226379374397831
2011-06-22,0.7862185976892077
2011-06-23,0.8349376439298986
2011-06-24,0.8762061667968147
2011-06-27,0.8482678486703931
2011-06-28,0.800207028649519
2011-06-29,0.7291433238248892
2011-06-30,0.6825090344009574
2011-07-01,0.6468153738771423
2011-07-05,0.7003664313332674
2011-07-06,0.7902484036690233
2011-07-07,0.861312108493653
2011-07-08,0.9205822163857711
2011-07-11,0.970802099771268
2011-07-12,1.0
2011-07-13,1.0
2011-07-14,1.0
2011-07-15,1.0
2011-07-18,1.0
2011-07-19,1.0
2011-07-20,1.0
2011-07-21,1.0
2011-07-22,1.0
2011-07-25,1.0
2011-07-26,1.0
2011-07-27,1.0
2011-07-28,1.0
2011-07-29,1.0
2011-08-01,1.0
2011-08-02,1.0
2011-08-03,1.0
2011-08-04,1.0
2011-08-05,1.0
2011-08-08,0.9639900755994845
2011-08-09,0.8785420780349732
2011-08-10,0.8785420780349732
2011-08-11,0.8785420780349732
2011-08-12,0.8785420780349732
2011-08-15,0.9145520024354887
2011-08-16,1.0
2011-08-17,1.0
2011-08-18,1.0
2011-08-19,1.0
2011-08-22,1.0
2011-08-23,1.0
2011-08-24,1.0
2011-08-25,1.0
2011-08-26,1.0
2011-08-29,1.0
2011-08-30,1.0
2011-08-31,1.0
2011-09-01,1.0
2011-09-02,1.0
2011-09-06,1.0
2011-09-07,1.0
2011-09-08,1.0
2011-09-09,1.0
2011-09-12,1.0
2011-09-13,1.0
2011-09-14,1.0
2011-09-15,1.0
2011-09-16,1.0
2011-09-19,1.0
2011-09-20,1.0
2011-09-21,1.0
2011-09-22,1.0
2011-09-23,1.0
2011-09-26,0.9825690704143619
2011-09-27,0.981041966700355
2011-09-28,0.981041966700355
2011-09-29,0.9437455282458084
2011-09-30,0.9162679028499884
2011-10-03,0.8741533782223716
2011-10-04,0.7894284949295433
2011-10-05,0.7277849600169783
2011-10-06,0.7522793622968169
2011-10-07,0.779756987692637
2011-10-10,0.8304275609934297
2011-10-11,0.916679548000265
2011-10-12,0.9783230829128298
2011-10-13,0.991125119087538
2011-10-14,0.991125119087538
2011-10-17,1.0
2011-10-18,1.0
2011-10-19,1.0
2011-10-20,1.0
2011-10-21,1.0
2011-10-24,1.0
2011-10-25,1.0
2011-10-26,1.0
2011-10-27,1.0
2011-10-28,1.0
2011-10-31,1.0
2011-11-01,1.0
2011-11-02,1.0
2011-11-03,1.0
2011-11-04,1.0
2011-11-07,1.0
2011-11-08,1.0
2011-11-09,1.0
2011-11-10,1.0
2011-11-11,1.0
2011-11-14,1.0
2011-11-15,1.0
2011-11-16,1.0
2011-11-17,1.0
2011-11-18,1.0
2011-11-21,0.9990581575883116
2011-11-22,0.9504037724492467
2011-11-23,0.9156311820462826
2011-11-25,0.8450530440605404
2011-11-28,0.7482317910558229
2011-11-29,0.7219573559695338
2011-11-30,0.734836789178553
2011-12-01,0.769609379581517
2011-12-02,0.8401875175672593
2011-12-05,0.9370087705719765
2011-12-06,0.9642250480699539
2011-12-07,1.0
2011-12-08,1.0
2011-12-09,1.0
2011-12-12,1.0
2011-12-13,1.0
2011-12-14,0.985853625635519
2011-12-15,0.9459380249664733
2011-12-16,0.9020046950638287
2011-12-19,0.8815318002239596
2011-12-20,0.853989847863784
2011-12-21,0.8681362222282649
2011-12-22,0.8963041716619118
2011-12-23,0.9392553709623913
2011-12-27,0.9597282658022603
2011-12-28,0.987270218162436
2011-12-29,0.9730973576342621
2011-12-30,0.9803902978236136
2012-01-03,0.9803728391477057
2012-01-04,0.9803728391477057
2012-01-05,0.9803728391477057
2012-01-06,0.9945456996758797
2012-01-09,0.9990004107219269
2012-01-10,1.0
2012-01-11,1.0
2012-01-12,1.0
2012-01-13,1.0
2012-01-17,1.0
2012-01-18,1.0
2012-01-19,1.0
2012-01-20,1.0
2012-01-23,1.0
2012-01-24,1.0
2012-01-25,1.0
2012-01-26,1.0
2012-01-27,1.0
2012-01-30,1.0
2012-01-31,1.0
2012-02-01,1.0
2012-02-02,1.0
2012-02-03,1.0
2012-02-06,1.0
2012-02-07,1.0
2012-02-08,1.0
2012-02-09,1.0
2012-02-10,1.0
2012-02-13,1.0
2012-02-14,1.0
2012-02-15,1.0
2012-02-16,1.0
2012-02-17,1.0
2012-02-21,1.0
2012-02-22,1.0
2012-02-23,1.0
2012-02-24,1.0
2012-02-27,1.0
2012-02-28,1.0
2012-02-29,1.0
2012-03-01,1.0
2012-03-02,1.0
2012-03-05,1.0
2012-03-06,1.0
2012-03-07,1.0
2012-03-08,1.0
2012-03-09,1.0
2012-03-12,1.0
2012-03-13,1.0
2012-03-14,1.0
2012-03-15,1.0
2012-03-16,1.0
2012-03-19,1.0
2012-03-20,1.0
2012-03-21,1.0
2012-03-22,1.0
2012-03-23,1.0
2012-03-26,1.0
2012-03-27,1.0
2012-03-28,1.0
2012-03-29,1.0
2012-03-30,1.0
2012-04-02,1.0
2012-04-03,1.0
2012-04-04,1.0
2012-04-05,1.0
2012-04-09,1.0
2012-04-10,1.0
2012-04-11,1.0
2012-04-12,1.0
2012-04-13,1.0
2012-04-16,1.0
2012-04-17,1.0
2012-04-18,1.0
2012-04-19,1.0
2012-04-20,1.0
2012-04-23,1.0
2012-04-24,1.0
2012-04-25,1.0
2012-04-26,1.0
2012-04-27,1.0
2012-04-30,1.0
2012-05-01,1.0
2012-05-02,1.0
2012-05-03,1.0
2012-05-04,1.0
2012-05-07,1.0
2012-05-08,1.0
2012-05-09,1.0
2012-05-10,1.0
2012-05-11,0.9967422163940857
2012-05-14,0.9960122326317002
2012-05-15,0.9827815743928132
2012-05-16,0.9583891158563546
2012-05-17,0.9231155092321626
2012-05-18,0.8928769213012879
2012-05-21,0.8439629698596802
2012-05-22,0.8565249156096947
2012-05-23,0.850154015460818
2012-05-24,0.8655254028077257
2012-05-25,0.8689672354312423
2012-05-29,0.8944154982025276
2012-05-30,0.8863999127612614
2012-05-31,0.9171632714465966
2012-06-01,0.9370654907238809
2012-06-04,0.9671200296371533
2012-06-05,0.9913157020698613
2012-06-06,1.0
2012-06-07,1.0
2012-06-08,1.0
2012-06-11,1.0
2012-06-12,1.0
2012-06-13,1.0
2012-06-14,1.0
2012-06-15,1.0
2012-06-18,1.0
2012-06-19,1.0
2012-06-20,1.0
2012-06-21,1.0
2012-06-22,1.0
2012-06-25,1.0
2012-06-26,1.0
2012-06-27,1.0
2012-06-28,1.0
2012-06-29,1.0
2012-07-02,1.0
2012-07-03,1.0
2012-07-05,1.0
2012-07-06,1.0
2012-07-09,1.0
2012-07-10,1.0
2012-07-11,1.0
2012-07-12,1.0
2012-07-13,1.0
2012-07-16,1.0
2012-07-17,1.0
2012-07-18,1.0
2012-07-19,1.0
2012-07-20,1.0
2012-07-23,1.0
2012-07-24,1.0
2012-07-25,1.0
2012-07-26,1.0
2012-07-27,1.0
2012-07-30,1.0
2012-07-31,1.0
2012-08-01,1.0
2012-08-02,1.0
2012-08-03,1.0
2012-08-06,1.0
2012-08-07,1.0
2012-08-08,1.0
2012-08-09,1.0
2012-08-10,1.0
2012-08-13,1.0
2012-08-14,1.0
2012-08-15,1.0
2012-08-16,1.0
2012-08-17,1.0
2012-08-20,1.0
2012-08-21,1.0
2012-08-22,1.0
2012-08-23,1.0
2012-08-24,1.0
2012-08-27,1.0
2012-08-28,1.0
2012-08-29,1.0
2012-08-30,1.0
2012-08-31,1.0
2012-09-04,1.0
2012-09-05,1.0
2012-09-06,1.0
2012-09-07,1.0
2012-09-10,1.0
2012-09-11,1.0
2012-09-12,1.0
2012-09-13,1.0
2012-09-14,1.0
2012-09-17,1.0
2012-09-18,1.0
2012-09-19,1.0
2012-09-20,1.0
2012-09-21,1.0
2012-09-24,1.0
2012-09-25,1.0
2012-09-26,1.0
2012-09-27,1.0
2012-09-28,1.0
2012-10-01,1.0
2012-10-02,1.0
2012-10-03,1.0
2012-10-04,1.0
2012-10-05,1.0
2012-10-08,1.0
2012-10-09,1.0
2012-10-10,1.0
2012-10-11,1.0
2012-10-12,1.0
2012-10-15,1.0
2012-10-16,1.0
2012-10-17,1.0
2012-10-18,1.0
2012-10-19,0.9943230817960705
2012-10-22,0.9667077464712639
2012-10-23,0.9357650630651555
2012-10-24,0.9017671744636584
2012-10-25,0.841160770756644
2012-10-26,0.7828637301488939
2012-10-31,0.776373947872375
2012-11-01,0.782110629433503
2012-11-02,0.8006110755199046
2012-11-05,0.809911611094518
2012-11-06,0.8463285987859891
2012-11-07,0.8566237895719876
2012-11-08,0.8476563969608485
2012-11-09,0.8360589804876595
2012-11-12,0.8648828584097625
2012-11-13,0.8744839376996705
2012-11-14,0.875202211535929
2012-11-15,0.8619152185047426
2012-11-16,0.8300016299707076
2012-11-19,0.7998942712997458
2012-11-20,0.8047394624441735
2012-11-21,0.7941693028489718
2012-11-23,0.8109991179453002
2012-11-26,0.8700075654676198
2012-11-27,0.922596914348879
2012-11-28,0.9357076150347522
2012-11-29,0.969369427609022
2012-11-30,1.0
2012-12-03,1.0
2012-12-04,1.0
2012-12-05,1.0
2012-12-06,1.0
2012-12-07,1.0
2012-12-10,1.0
2012-12-11,1.0
2012-12-12,1.0
2012-12-13,1.0
2012-12-14,0.9816422410974279
2012-12-17,0.9607978620062301
2012-12-18,0.9439533199229289
2012-12-19,0.9266206260611087
2012-12-20,0.8967994871987255
2012-12-21,0.8806601674607382
2012-12-24,0.8677349290109321
2012-12-26,0.8404014365336139
2012-12-27,0.8079428372522146
2012-12-28,0.7930033021900404
2012-12-31,0.7635418453253721
2013-01-02,0.7580251358264716
2013-01-03,0.8022031703870912
2013-01-04,0.8141810441102232
2013-01-07,0.8257479591639839
2013-01-08,0.8466780898677075
2013-01-09,0.8528017401014896
2013-01-10,0.8277580264470077
2013-01-11,0.8653772996744905
2013-01-14,0.8985710585452871
2013-01-15,0.9415994633467915
2013-01-16,0.9747621401529134
2013-01-17,0.9998058538073954
2013-01-18,1.0
2013-01-22,1.0
2013-01-23,1.0
2013-01-24,1.0
2013-01-25,1.0
2013-01-28,1.0
2013-01-29,1.0
2013-01-30,1.0
2013-01-31,1.0
2013-02-01,1.0
2013-02-04,1.0
2013-02-05,0.9980981886940382
2013-02-06,0.9980981886940382
2013-02-07,0.9980981886940382
2013-02-08,0.9980981886940382
2013-02-11,0.9980981886940382
2013-02-12,1.0
2013-02-13,1.0
2013-02-14,1.0
2013-02-15,1.0
2013-02-19,0.9950248891297597
2013-02-20,0.992917167177719
2013-02-21,0.9409005694037524
2013-02-22,0.8908679414876225
2013-02-25,0.866339030797737
2013-02-26,0.8605310366720562
2013-02-27,0.862638758624097
2013-02-28,0.9146553563980637
2013-03-01,0.9645005249055142
2013-03-04,0.9890294355953998
2013-03-05,0.9998125405913207
2013-03-06,0.9998125405913207
2013-03-07,0.9998125405913207
2013-03-08,1.0
2013-03-11,0.9886659163132936
2013-03-12,0.9886524399795871
2013-03-13,0.9886524399795871
2013-03-14,0.9886524399795871
2013-03-15,0.9886524399795871
2013-03-18,0.9999865236662935
2013-03-19,1.0
2013-03-20,1.0
2013-03-21,1.0
2013-03-22,1.0
2013-03-25,1.0
2013-03-26,1.0
2013-03-27,1.0
2013-03-28,1.0
2013-04-01,1.0
2013-04-02,1.0
2013-04-03,1.0
2013-04-04,1.0
2013-04-05,1.0
2013-04-08,1.0
2013-04-09,1.0
2013-04-10,1.0
2013-04-11,1.0
2013-04-12,1.0
2013-04-15,1.0
2013-04-16,0.9102728368368247
2013-04-17,0.8677674133477463
2013-04-18,0.7756015632950742
2013-04-19,0.6724758171287252
2013-04-22,0.6040008452300365
2013-04-23,0.6711896009927699
2013-04-24,0.7126946147641512
2013-04-25,0.8048604648168233
2013-04-26,0.9079862109831724
2013-04-29,0.9764611828818612
2013-04-30,0.9989995902823029
2013-05-01,1.0
2013-05-02,1.0
2013-05-03,1.0
2013-05-06,1.0
2013-05-07,1.0
2013-05-08,1.0
2013-05-09,1.0
2013-05-10,1.0
2013-05-13,1.0
2013-05-14,1.0
2013-05-15,1.0
2013-05-16,1.0
2013-05-17,1.0
2013-05-20,1.0
2013-05-21,1.0
2013-05-22,1.0
2013-05-23,1.0
2013-05-24,1.0
2013-05-28,1.0
2013-05-29,0.9978032938610536
2013-05-30,0.9978032938610536
2013-05-31,0.9978032938610536
2013-06-03,0.9668918679636667
2013-06-04,0.9668918679636667
2013-06-05,0.9385173578015907
2013-06-06,0.8906693444697573
2013-06-07,0.8675201294499036
2013-06-10,0.8667226132318724
2013-06-11,0.8321062768524534
2013-06-12,0.8111346912398696
2013-06-13,0.7667208623976458
2013-06-14,0.7523726010292222
2013-06-17,0.7317698103652182
2013-06-18,0.7261389869688539
2013-06-19,0.746820356692856
2013-06-20,0.7493322739021393
2013-06-21,0.6532685589062103
2013-06-24,0.5684083321548965
2013-06-25,0.4635264063660719
2013-06-26,0.35112574312545664
2013-06-27,0.295936981205173
2013-06-28,0.28622701454756877
2013-07-01,0.2869553393433086
2013-07-02,0.3045051395202759
2013-07-03,0.31759729103852363
2013-07-05,0.3345873955602164
2013-07-08,0.33955573016364904
2013-07-09,0.34513434554904765
2013-07-10,0.3470755824862099
2013-07-11,0.35091699636260276
2013-07-12,0.3707633337144794
2013-07-15,0.40115550413150347
2013-07-16,0.4276167058558948
2013-07-17,0.45015781895695256
2013-07-18,0.4720849606258624
2013-07-19,0.4739803155750838
2013-07-22,0.4809530615706576
2013-07-23,0.5167042649236503
2013-07-24,0.5430579856966112
2013-07-25,0.5446544844649084
2013-07-26,0.5558217294961219
2013-07-29,0.5770389224878134
2013-07-30,0.5495746175714376
2013-07-31,0.5322458717357033
2013-08-01,0.5413226735032179
2013-08-02,0.5351241159375958
2013-08-05,0.5310483873416042
2013-08-06,0.5270675918952918
2013-08-07,0.51537016785852
2013-08-08,0.5047442535370463
2013-08-09,0.522633575213532
2013-08-12,0.5173786438223292
2013-08-13,0.5391269347935603
2013-08-14,0.5465541268895068
2013-08-15,0.5533464560479311
2013-08-16,0.5298724926681235
2013-08-19,0.5104832852274668
2013-08-20,0.47385774046612283
2013-08-21,0.46318390285608607
2013-08-22,0.4454481898357929
2013-08-23,0.4458776459896427
2013-08-26,0.47089754607152423
2013-08-27,0.5103609280448296
2013-08-28,0.5265689797242282
2013-08-29,0.5467037565362685
2013-08-30,0.5734569990577472
2013-09-03,0.556146356627608
2013-09-04,0.5349589710517367
2013-09-05,0.5334529402105155
2013-09-06,0.5217324984366619
2013-09-09,0.500927268356472
2013-09-10,0.5228325448508293
2013-09-11,0.5283945588734728
2013-09-12,0.5447573955397479
2013-09-13,0.5480257459198513
2013-09-16,0.5474085195617139
2013-09-17,0.521308686953636
2013-09-18,0.5149699837120117
2013-09-19,0.5813002398187953
2013-09-20,0.6646064144416567
2013-09-23,0.7099869327816961
2013-09-24,0.7590685122952456
2013-09-25,0.8147518029180155
2013-09-26,0.7882266542944164
2013-09-27,0.7668226695600906
2013-09-30,0.7858576542623714
2013-10-01,0.7879033392752208
2013-10-02,0.7622301321162757
2013-10-03,0.7546151875694755
2013-10-04,0.7267941150118145
2013-10-07,0.7052593966385456
2013-10-08,0.6935257174005394
2013-10-09,0.6607364774513822
2013-10-10,0.6006325477663366
2013-10-11,0.5846634151935334
2013-10-14,0.5624418651943525
2013-10-15,0.5496252762801345
2013-10-16,0.5630901112137499
2013-10-17,0.6273702516603528
2013-10-18,0.712872967498191
2013-10-21,0.7932763348913163
2013-10-22,0.8716252184410592
2013-10-23,0.9584152012393374
2013-10-24,1.0
2013-10-25,1.0
2013-10-28,1.0
2013-10-29,1.0
2013-10-30,1.0
2013-10-31,1.0
2013-11-01,1.0
2013-11-04,1.0
2013-11-05,1.0
2013-11-06,1.0
2013-11-07,1.0
2013-11-08,1.0
2013-11-11,1.0
2013-11-12,1.0
2013-11-13,1.0
2013-11-14,1.0
2013-11-15,1.0
2013-11-18,1.0
2013-11-19,1.0
2013-11-20,1.0
2013-11-21,0.9930594384065413
2013-11-22,0.9930594384065413
2013-11-25,0.9930594384065413
2013-11-26,0.9930594384065413
2013-11-27,0.9930594384065413
2013-11-29,1.0
2013-12-02,1.0
2013-12-03,1.0
2013-12-04,1.0
2013-12-05,1.0
2013-12-06,1.0
2013-12-09,1.0
2013-12-10,1.0
2013-12-11,1.0
2013-12-12,1.0
2013-12-13,1.0
2013-12-16,1.0
2013-12-17,1.0
2013-12-18,1.0
2013-12-19,1.0
2013-12-20,1.0
2013-12-23,1.0
2013-12-24,1.0
2013-12-26,1.0
2013-12-27,1.0
2013-12-30,1.0
2013-12-31,1.0
2014-01-02,1.0
2014-01-03,1.0
2014-01-06,1.0
2014-01-07,1.0
2014-01-08,1.0
2014-01-09,1.0
2014-01-10,1.0
2014-01-13,1.0
2014-01-14,1.0
2014-01-15,1.0
2014-01-16,1.0
2014-01-17,1.0
2014-01-21,1.0
2014-01-22,1.0
2014-01-23,1.0
2014-01-24,1.0
2014-01-27,1.0
2014-01-28,1.0
2014-01-29,1.0
2014-01-30,1.0
2014-01-31,1.0
2014-02-03,1.0
2014-02-04,0.9972020209715916
2014-02-05,0.9972020209715916
2014-02-06,0.9829437633947531
2014-02-07,0.9829437633947531
2014-02-10,0.9829437633947531
2014-02-11,0.9857417424231615
2014-02-12,0.9857417424231615
2014-02-13,1.0
2014-02-14,1.0
2014-02-18,1.0
2014-02-19,1.0
2014-02-20,1.0
2014-02-21,1.0
2014-02-24,1.0
2014-02-25,1.0
2014-02-26,1.0
2014-02-27,1.0
2014-02-28,1.0
2014-03-03,1.0
2014-03-04,1.0
2014-03-05,1.0
2014-03-06,1.0
2014-03-07,1.0
2014-03-10,1.0
2014-03-11,1.0
2014-03-12,1.0
2014-03-13,1.0
2014-03-14,1.0
2014-03-17,1.0
2014-03-18,1.0
2014-03-19,1.0
2014-03-20,1.0
2014-03-21,1.0
2014-03-24,1.0
2014-03-25,1.0
2014-03-26,1.0
2014-03-27,1.0
2014-03-28,1.0
2014-03-31,1.0
2014-04-01,1.0
2014-04-02,1.0
2014-04-03,1.0
2014-04-04,1.0
2014-04-07,1.0
2014-04-08,0.9894939198621667
2014-04-09,0.9894939198621667
2014-04-10,0.9894939198621667
2014-04-11,0.9861651203992297
2014-04-14,0.9670315766215273
2014-04-15,0.9775376567593606
2014-04-16,0.9775376567593606
2014-04-17,0.9775376567593606
2014-04-21,0.9808664562222976
2014-04-22,1.0
2014-04-23,1.0
2014-04-24,1.0
2014-04-25,1.0
2014-04-28,1.0
2014-04-29,1.0
2014-04-30,1.0
2014-05-01,1.0
2014-05-02,1.0
2014-05-05,1.0
2014-05-06,1.0
2014-05-07,1.0
2014-05-08,1.0
2014-05-09,1.0
2014-05-12,1.0
2014-05-13,1.0
2014-05-14,1.0
2014-05-15,1.0
2014-05-16,1.0
2014-05-19,1.0
2014-05-20,1.0
2014-05-21,1.0
2014-05-22,1.0
2014-05-23,1.0
2014-05-27,1.0
2014-05-28,1.0
2014-05-29,1.0
2014-05-30,1.0
2014-06-02,1.0
2014-06-03,1.0
2014-06-04,1.0
2014-06-05,1.0
2014-06-06,1.0
2014-06-09,1.0
2014-06-10,1.0
2014-06-11,1.0
2014-06-12,1.0
2014-06-13,1.0
2014-06-16,1.0
2014-06-17,1.0
2014-06-18,1.0
2014-06-19,1.0
2014-06-20,1.0
2014-06-23,1.0
2014-06-24,1.0
2014-06-25,1.0
2014-06-26,1.0
2014-06-27,1.0
2014-06-30,1.0
2014-07-01,1.0
2014-07-02,1.0
2014-07-03,1.0
2014-07-07,1.0
2014-07-08,1.0
2014-07-09,1.0
2014-07-10,1.0
2014-07-11,1.0
2014-07-14,1.0
2014-07-15,1.0
2014-07-16,1.0
2014-07-17,1.0
2014-07-18,1.0
2014-07-21,1.0
2014-07-22,1.0
2014-07-23,1.0
2014-07-24,1.0
2014-07-25,1.0
2014-07-28,1.0
2014-07-29,1.0
2014-07-30,1.0
2014-07-31,1.0
2014-08-01,0.9892326068939482
2014-08-04,0.9866232660414482
2014-08-05,0.9866232660414482
2014-08-06,0.9751935961930581
2014-08-07,0.9751935961930581
2014-08-08,0.9859609892991099
2014-08-11,0.9885703301516097
2014-08-12,0.9885703301516097
2014-08-13,1.0
2014-08-14,1.0
2014-08-15,1.0
2014-08-18,1.0
2014-08-19,1.0
2014-08-20,1.0
2014-08-21,1.0
2014-08-22,1.0
2014-08-25,1.0
2014-08-26,1.0
2014-08-27,1.0
2014-08-28,1.0
2014-08-29,1.0
2014-09-02,1.0
2014-09-03,1.0
2014-09-04,1.0
2014-09-05,1.0
2014-09-08,1.0
2014-09-09,1.0
2014-09-10,1.0
2014-09-11,1.0
2014-09-12,1.0
2014-09-15,0.9629631077157692
2014-09-16,0.9145088881158163
2014-09-17,0.885921649838102
2014-09-18,0.8461492348737545
2014-09-19,0.8320133004090671
2014-09-22,0.8647639846209714
2014-09-23,0.8842434938471637
2014-09-24,0.8853099702995184
2014-09-25,0.913629748610479
2014-09-26,0.8812310893379213
2014-09-29,0.8616583074018738
2014-09-30,0.8729843738902069
2014-10-01,0.8664277825923001
2014-10-02,0.8327104854619132
2014-10-03,0.8211112960210926
2014-10-06,0.8050132405393378
2014-10-07,0.7912551405110548
2014-10-08,0.7746492378576837
2014-10-09,0.8198191716414576
2014-10-10,0.8303670551478467
2014-10-13,0.7862360714913408
2014-10-14,0.7148496494938356
2014-10-15,0.6652921057787304
2014-10-16,0.5636073215383004
2014-10-17,0.506294412931142
2014-10-20,0.4952975221142385
2014-10-21,0.5447592097611672
2014-10-22,0.64500000925291
2014-10-23,0.7254191689069305
2014-10-24,0.8266543115131931
2014-10-27,0.9217392314767316
2014-10-28,0.9750707097410182
2014-10-29,0.9750707097410182
2014-10-30,0.9963363343274277
2014-10-31,1.0
2014-11-03,1.0
2014-11-04,1.0
2014-11-05,1.0
2014-11-06,1.0
2014-11-07,1.0
2014-11-10,1.0
2014-11-11,1.0
2014-11-12,1.0
2014-11-13,1.0
2014-11-14,1.0
2014-11-17,1.0
2014-11-18,1.0
2014-11-19,1.0
2014-11-20,1.0
2014-11-21,1.0
2014-11-24,1.0
2014-11-25,1.0
2014-11-26,1.0
2014-11-28,1.0
2014-12-01,1.0
2014-12-02,1.0
2014-12-03,1.0
2014-12-04,1.0
2014-12-05,1.0
2014-12-08,1.0
2014-12-09,1.0
2014-12-10,1.0
2014-12-11,1.0
2014-12-12,1.0
2014-12-15,1.0
2014-12-16,1.0
2014-12-17,1.0
2014-12-18,1.0
2014-12-19,1.0
2014-12-22,1.0
2014-12-23,1.0
2014-12-24,1.0
2014-12-26,1.0
2014-12-29,1.0
2014-12-30,1.0
2014-12-31,1.0
2015-01-02,1.0
2015-01-05,1.0
2015-01-06,1.0
2015-01-07,1.0
2015-01-08,1.0
2015-01-09,1.0
2015-01-12,1.0
2015-01-13,1.0
2015-01-14,1.0
2015-01-15,1.0
2015-01-16,1.0
2015-01-20,1.0
2015-01-21,1.0
2015-01-22,1.0
2015-01-23,1.0
2015-01-26,1.0
2015-01-27,1.0
2015-01-28,1.0
2015-01-29,1.0
2015-01-30,1.0
2015-02-02,1.0
2015-02-03,1.0
2015-02-04,1.0
2015-02-05,1.0
2015-02-06,1.0
2015-02-09,1.0
2015-02-10,1.0
2015-02-11,1.0
2015-02-12,1.0
2015-02-13,1.0
2015-02-17,1.0
2015-02-18,1.0
2015-02-19,1.0
2015-02-20,1.0
2015-02-23,1.0
2015-02-24,1.0
2015-02-25,1.0
2015-02-26,1.0
2015-02-27,1.0
2015-03-02,1.0
2015-03-03,1.0
2015-03-04,1.0
2015-03-05,1.0
2015-03-06,1.0
2015-03-09,0.9673336931804973
2015-03-10,0.9532433701565678
2015-03-11,0.9100367885809802
2015-03-12,0.8622577372019713
2015-03-13,0.8342048035057082
2015-03-16,0.8242875418700644
2015-03-17,0.836464128052999
2015-03-18,0.8796707096285864
2015-03-19,0.9274497610075955
2015-03-20,0.9555026947038584
2015-03-23,0.998086263159005
2015-03-24,1.0
2015-03-25,1.0
2015-03-26,1.0
2015-03-27,1.0
2015-03-30,1.0
2015-03-31,1.0
2015-04-01,1.0
2015-04-02,1.0
2015-04-06,1.0
2015-04-07,1.0
2015-04-08,1.0
2015-04-09,1.0
2015-04-10,1.0
2015-04-13,1.0
2015-04-14,1.0
2015-04-15,1.0
2015-04-16,1.0
2015-04-17,1.0
2015-04-20,1.0
2015-04-21,1.0
2015-04-22,1.0
2015-04-23,1.0
2015-04-24,1.0
2015-04-27,1.0
2015-04-28,1.0
2015-04-29,1.0
2015-04-30,1.0
2015-05-01,1.0
2015-05-04,1.0
2015-05-05,1.0
2015-05-06,0.9981626831367958
2015-05-07,0.9655041918178486
2015-05-08,0.9511968721725221
2015-05-11,0.9511968721725221
2015-05-12,0.9346160907508342
2015-05-13,0.9188356084157359
2015-05-14,0.9415450640549483
2015-05-15,0.9558523837002749
2015-05-18,0.9558523837002749
2015-05-19,0.9724331651219629
2015-05-20,0.9900509643202653
2015-05-21,1.0
2015-05-22,1.0
2015-05-26,1.0
2015-05-27,1.0
2015-05-28,1.0
2015-05-29,1.0
2015-06-01,1.0
2015-06-02,1.0
2015-06-03,1.0
2015-06-04,0.997971624029762
2015-06-05,0.9863698279635521
2015-06-08,0.9518334136899167
2015-06-09,0.899763484756091
2015-06-10,0.8378936671581532
2015-06-11,0.8020106738463273
2015-06-12,0.799119052854558
2015-06-15,0.8013130086225082
2015-06-16,0.8163230395442376
2015-06-17,0.857339123826051
2015-06-18,0.8746603165294768
2015-06-19,0.889153733587456
2015-06-22,0.9214961920931412
2015-06-23,0.9541072160313562
2015-06-24,0.9610853625819766
2015-06-25,0.9613780878729402
2015-06-26,0.9303044113477584
2015-06-29,0.8831586646465246
2015-06-30,0.8217673890477848
2015-07-01,0.7654902951508666
2015-07-02,0.7148252323158744
2015-07-06,0.6773638752177915
2015-07-07,0.6702197914556844
2015-07-08,0.690938080794181
2015-07-09,0.6915594946749464
2015-07-10,0.6750846688415122
2015-07-13,0.6750893787969237
2015-07-14,0.6887042976891438
2015-07-15,0.7086842211386755
2015-07-16,0.760407822458407
2015-07-17,0.8478451624145078
2015-07-20,0.9163754860823611
2015-07-21,0.957050397653482
2015-07-22,0.982192334538075
2015-07-23,0.9964747300721003
2015-07-24,0.990355674972012
2015-07-27,0.9696081811355757
2015-07-28,0.9325167527610707
2015-07-29,0.9150695753696425
2015-07-30,0.9113578108784315
2015-07-31,0.9174768659785195
2015-08-03,0.9382243598149559
2015-08-04,0.9753157881894611
2015-08-05,0.98634784522266
2015-08-06,0.9907721070265698
2015-08-07,0.9717949335598561
2015-08-10,0.9646030178873841
2015-08-11,0.9646030178873841
2015-08-12,0.9710181382456134
2015-08-13,0.9738309108608144
2015-08-14,0.9928080843275282
2015-08-17,1.0
2015-08-18,1.0
2015-08-19,1.0
2015-08-20,1.0
2015-08-21,0.9887570903591556
2015-08-24,0.8993654318043603
2015-08-25,0.7787918107667363
2015-08-26,0.6463721212385967
2015-08-27,0.5297213358253205
2015-08-28,0.4385873806138717
2015-08-31,0.42767243678248523
2015-09-01,0.4401832436834662
2015-09-02,0.4502874572792554
2015-09-03,0.4537966729257617
2015-09-04,0.44163447365827774
2015-09-08,0.4224059634693906
2015-09-09,0.4191432939848972
2015-09-10,0.4228315686758629
2015-09-11,0.41956133472329216
2015-09-14,0.42247822284516
2015-09-15,0.42922890127367763
2015-09-16,0.4262679631431441
2015-09-17,0.4349330662026463
2015-09-18,0.44821293113303184
2015-09-21,0.4552102668213287
2015-09-22,0.4582967465521349
2015-09-23,0.4595455058465664
2015-09-24,0.4567826456675855
2015-09-25,0.45143889618556343
2015-09-28,0.44074003310040083
2015-09-29,0.4249317047570217
2015-09-30,0.4119431729447605
2015-10-01,0.4063328568637786
2015-10-02,0.39999974595234467
2015-10-05,0.4152705076119121
2015-10-06,0.455123006372517
2015-10-07,0.4987396966758185
2015-10-08,0.5451394077184194
2015-10-09,0.5840095770292661
2015-10-12,0.6281365716410312
2015-10-13,0.6793849200188589
2015-10-14,0.7181492229406488
2015-10-15,0.7662900064253633
2015-10-16,0.8422286362969273
2015-10-19,0.8981545834203699
2015-10-20,0.9325600190410614
2015-10-21,0.968026490242125
2015-10-22,0.9836323957848225
2015-10-23,0.9836323957848225
2015-10-26,0.9836323957848225
2015-10-27,0.9836323957848225
2015-10-28,0.9918111256281676
2015-10-29,1.0
2015-10-30,1.0
2015-11-02,1.0
2015-11-03,1.0
2015-11-04,1.0
2015-11-05,1.0
2015-11-06,1.0
2015-11-09,0.9975888942418848
2015-11-10,0.9738833774828242
2015-11-11,0.9526707439433467
2015-11-12,0.9234096973233112
2015-11-13,0.8889278995049021
2015-11-16,0.8474192491163217
2015-11-17,0.8435853191694382
2015-11-18,0.8345501688903637
2015-11-19,0.8597829136996099
2015-11-20,0.894264711518019
2015-11-23,0.9381844676647146
2015-11-24,0.9657239143706586
2015-11-25,0.9959716981892107
2015-11-27,1.0
2015-11-30,1.0
2015-12-01,1.0
2015-12-02,1.0
2015-12-03,1.0
2015-12-04,0.9735480749270925
2015-12-07,0.9735480749270925
2015-12-08,0.9735480749270925
2015-12-09,0.9735480749270925
2015-12-10,0.9733520407530577
2015-12-11,0.999803965825965
2015-12-14,0.999803965825965
2015-12-15,0.9839858910656236
2015-12-16,0.9704109699513358
2015-12-17,0.9706070041253707
2015-12-18,0.9705995501735158
2015-12-21,0.953916555109274
2015-12-22,0.9697346298696153
2015-12-23,0.9833095509839032
2015-12-24,0.9833095509839032
2015-12-28,0.9833170049357582
2015-12-29,1.0
2015-12-30,1.0
2015-12-31,0.9887963833961544
2016-01-04,0.9607431853482737
2016-01-05,0.926753540679613
2016-01-06,0.885714127351954
2016-01-07,0.8557151250482505
2016-01-08,0.7945495974977457
2016-01-11,0.7397866454585553
2016-01-12,0.6729042264247276
2016-01-13,0.6530255211869113
2016-01-14,0.5878411795430581
2016-01-15,0.5748617122810469
2016-01-19,0.5581936997535901
2016-01-20,0.5584866061740115
2016-01-21,0.5269048404966779
2016-01-22,0.5226453369764799
2016-01-25,0.5443561925899874
2016-01-26,0.5721668234015695
2016-01-27,0.6270320056278944
2016-01-28,0.64159575114631
2016-01-29,0.678868604628247
2016-02-01,0.7380454760923247
2016-02-02,0.8051681266323818
2016-02-03,0.8447396505405018
2016-02-04,0.9076286454734822
2016-02-05,0.9690077989055463
2016-02-08,0.9323238292345302
2016-02-09,0.9137830360583961
2016-02-10,0.8942635640324701
2016-02-11,0.9087579011696679
2016-02-12,0.909548741723421
2016-02-16,0.9506935957332139
2016-02-17,0.9737852701722364
2016-02-18,0.9994471933457849
2016-02-19,1.0
2016-02-22,1.0
2016-02-23,1.0
2016-02-24,1.0
2016-02-25,1.0
2016-02-26,1.0
2016-02-29,1.0
2016-03-01,1.0
2016-03-02,1.0
2016-03-03,1.0
2016-03-04,1.0
2016-03-07,1.0
2016-03-08,1.0
2016-03-09,1.0
2016-03-10,1.0
2016-03-11,1.0
2016-03-14,1.0
2016-03-15,1.0
2016-03-16,1.0
2016-03-17,1.0
2016-03-18,1.0
2016-03-21,1.0
2016-03-22,1.0
2016-03-23,1.0
2016-03-24,1.0
2016-03-28,1.0
2016-03-29,1.0
2016-03-30,1.0
2016-03-31,1.0
2016-04-01,1.0
2016-04-04,1.0
2016-04-05,1.0
2016-04-06,1.0
2016-04-07,1.0
2016-04-08,1.0
2016-04-11,1.0
2016-04-12,1.0
2016-04-13,1.0
2016-04-14,1.0
2016-04-15,1.0
2016-04-18,1.0
2016-04-19,1.0
2016-04-20,1.0
2016-04-21,1.0
2016-04-22,1.0
2016-04-25,1.0
2016-04-26,1.0
2016-04-27,1.0
2016-04-28,1.0
2016-04-29,1.0
2016-05-02,1.0
2016-05-03,1.0
2016-05-04,1.0
2016-05-05,1.0
2016-05-06,1.0
2016-05-09,1.0
2016-05-10,1.0
2016-05-11,1.0
2016-05-12,1.0
2016-05-13,1.0
2016-05-16,1.0
2016-05-17,1.0
2016-05-18,1.0
2016-05-19,1.0
2016-05-20,1.0
2016-05-23,1.0
2016-05-24,1.0
2016-05-25,1.0
2016-05-26,1.0
2016-05-27,1.0
2016-05-31,1.0
2016-06-01,1.0
2016-06-02,1.0
2016-06-03,1.0
2016-06-06,1.0
2016-06-07,1.0
2016-06-08,1.0
2016-06-09,1.0
2016-06-10,1.0
2016-06-13,1.0
2016-06-14,1.0
2016-06-15,1.0
2016-06-16,1.0
2016-06-17,1.0
2016-06-20,1.0
2016-06-21,1.0
2016-06-22,1.0
2016-06-23,1.0
2016-06-24,1.0
2016-06-27,1.0
2016-06-28,0.9987734983269554
2016-06-29,0.9987734983269554
2016-06-30,0.9987734983269554
2016-07-01,0.9987734983269554
2016-07-05,0.9987734983269554
2016-07-06,1.0
2016-07-07,1.0
2016-07-08,1.0
2016-07-11,1.0
2016-07-12,1.0
2016-07-13,1.0
2016-07-14,1.0
2016-07-15,1.0
2016-07-18,1.0
2016-07-19,1.0
2016-07-20,1.0
2016-07-21,1.0
2016-07-22,1.0
2016-07-25,1.0
2016-07-26,1.0
2016-07-27,1.0
2016-07-28,1.0
2016-07-29,1.0
2016-08-01,1.0
2016-08-02,1.0
2016-08-03,1.0
2016-08-04,1.0
2016-08-05,1.0
2016-08-08,1.0
2016-08-09,1.0
2016-08-10,1.0
2016-08-11,1.0
2016-08-12,1.0
2016-08-15,1.0
2016-08-16,1.0
2016-08-17,1.0
2016-08-18,1.0
2016-08-19,1.0
2016-08-22,1.0
2016-08-23,1.0
2016-08-24,1.0
2016-08-25,1.0
2016-08-26,1.0
2016-08-29,1.0
2016-08-30,1.0
2016-08-31,1.0
2016-09-01,1.0
2016-09-02,1.0
2016-09-06,1.0
2016-09-07,1.0
2016-09-08,1.0
2016-09-09,1.0
2016-09-12,0.9668173670031747
2016-09-13,0.9668173670031747
2016-09-14,0.9216928397542461
2016-09-15,0.8878868861551737
2016-09-16,0.8753549345778989
2016-09-19,0.8984464890640232
2016-09-20,0.8802446152214998
2016-09-21,0.9155153074887579
2016-09-22,0.9493212610878302
2016-09-23,0.961853212665105
2016-09-26,0.971944291175806
2016-09-27,0.9901461650183295
2016-09-28,1.0
2016-09-29,1.0
2016-09-30,1.0
2016-10-03,1.0
2016-10-04,1.0
2016-10-05,0.9854764105306189
2016-10-06,0.9753121039963635
2016-10-07,0.9478744901439382
2016-10-10,0.9135919036906242
2016-10-11,0.8903435763421857
2016-10-12,0.8357616441270924
2016-10-13,0.7810225742068992
2016-10-14,0.7399489298278971
2016-10-17,0.6850795650373838
2016-10-18,0.620408323524259
2016-10-19,0.6316058421596831
2016-10-20,0.6486894116007231
2016-10-21,0.6633471907122193
2016-10-24,0.7065655464543912
2016-10-25,0.7643953248773225
2016-10-26,0.7933711291281359
2016-10-27,0.78584321784766
2016-10-28,0.7616394928660828
2016-10-31,0.721643769535208
2016-11-01,0.6676754818164691
2016-11-02,0.600820452607038
2016-11-03,0.554981563068786
2016-11-04,0.525684243693063
2016-11-07,0.5049109621295147
2016-11-08,0.49936379160486605
2016-11-09,0.5116692133144152
2016-11-10,0.5091955772341891
2016-11-11,0.5004521779488902
2016-11-14,0.4838133473575639
2016-11-15,0.4435280034796919
2016-11-16,0.4075030320187629
2016-11-17,0.39505581418732155
2016-11-18,0.39393361881646966
2016-11-21,0.3953015888587054
2016-11-22,0.41031626314786873
2016-11-23,0.4164133173271495
2016-11-25,0.41285232654241116
2016-11-28,0.4118924566428512
2016-11-29,0.4178267154815867
2016-11-30,0.4184915421370821
2016-12-01,0.4051432093361994
2016-12-02,0.38838443293149505
2016-12-05,0.37352748144321335
2016-12-06,0.3593790198682338
2016-12-07,0.34560074033335103
2016-12-08,0.35891381708395187
2016-12-09,0.3803210678233247
2016-12-12,0.39875705935124467
2016-12-13,0.41328156261137605
2016-12-14,0.43434575121431845
2016-12-15,0.42898430635517115
2016-12-16,0.42656123704992754
2016-12-19,0.42195010659893023
2016-12-20,0.4252060536496337
2016-12-21,0.4201984703203821
2016-12-22,0.4266048534847496
2016-12-23,0.4285082458490786
2016-12-27,0.4342404174244548
2016-12-28,0.4367501237273899
2016-12-29,0.43388522773441507
2016-12-30,0.43441667850885946
2017-01-03,0.43221275036366
2017-01-04,0.4373423459687074
2017-01-05,0.44668138513359257
2017-01-06,0.49647971583118106
2017-01-09,0.5411973332272084
2017-01-10,0.6097346174982807
2017-01-11,0.672436816964078
2017-01-12,0.7427150295209963
2017-01-13,0.7712301667731477
2017-01-17,0.8069054382437898
2017-01-18,0.8411127433124349
2017-01-19,0.8530650770072551
2017-01-20,0.8341710974068984
2017-01-23,0.8293927463339008
2017-01-24,0.834909664302929
2017-01-25,0.8293734554341778
2017-01-26,0.8441935316836089
2017-01-27,0.8732226400012767
2017-01-30,0.8994854063134945
2017-01-31,0.8915680554007872
2017-02-01,0.8948130242495018
2017-02-02,0.8970780330749708
2017-02-03,0.9036333333541746
2017-02-06,0.9186331120346143
2017-02-07,0.9525092466620088
2017-02-08,0.9697994806223154
2017-02-09,0.9864101736506754
2017-02-10,1.0
2017-02-13,1.0
2017-02-14,1.0
2017-02-15,1.0
2017-02-16,1.0
2017-02-17,1.0
2017-02-21,1.0
2017-02-22,1.0
2017-02-23,1.0
2017-02-24,1.0
2017-02-27,1.0
2017-02-28,1.0
2017-03-01,1.0
2017-03-02,1.0
2017-03-03,1.0
2017-03-06,1.0
2017-03-07,1.0
2017-03-08,1.0
2017-03-09,1.0
2017-03-10,1.0
2017-03-13,1.0
2017-03-14,1.0
2017-03-15,1.0
2017-03-16,1.0
2017-03-17,1.0
2017-03-20,1.0
2017-03-21,1.0
2017-03-22,1.0
2017-03-23,1.0
2017-03-24,1.0
2017-03-27,1.0
2017-03-28,1.0
2017-03-29,1.0
2017-03-30,1.0
2017-03-31,1.0
2017-04-03,1.0
2017-04-04,1.0
2017-04-05,1.0
2017-04-06,1.0
2017-04-07,1.0
2017-04-10,1.0
2017-04-11,1.0
2017-04-12,1.0
2017-04-13,1.0
2017-04-17,1.0
2017-04-18,1.0
2017-04-19,1.0
2017-04-20,1.0
2017-04-21,1.0
2017-04-24,1.0
2017-04-25,1.0
2017-04-26,1.0
2017-04-27,1.0
2017-04-28,1.0
2017-05-01,1.0
2017-05-02,1.0
2017-05-03,1.0
2017-05-04,1.0
2017-05-05,1.0
2017-05-08,1.0
2017-05-09,1.0
2017-05-10,1.0
2017-05-11,1.0
2017-05-12,1.0
2017-05-15,1.0
2017-05-16,1.0
2017-05-17,1.0
2017-05-18,1.0
2017-05-19,1.0
2017-05-22,1.0
2017-05-23,1.0
2017-05-24,1.0
2017-05-25,1.0
2017-05-26,1.0
2017-05-30,1.0
2017-05-31,1.0
2017-06-01,1.0
2017-06-02,1.0
2017-06-05,1.0
2017-06-06,1.0
2017-06-07,1.0
2017-06-08,1.0
2017-06-09,1.0
2017-06-12,1.0
2017-06-13,1.0
2017-06-14,1.0
2017-06-15,1.0
2017-06-16,1.0
2017-06-19,1.0
2017-06-20,1.0
2017-06-21,1.0
2017-06-22,1.0
2017-06-23,1.0
2017-06-26,1.0
2017-06-27,1.0
2017-06-28,1.0
2017-06-29,1.0
2017-06-30,0.9744999819169433
2017-07-03,0.94140302693994
2017-07-05,0.8706620619651477
2017-07-06,0.8250661692851722
2017-07-07,0.735192091463793
2017-07-10,0.6763992594950761
2017-07-11,0.6381818305265727
2017-07-12,0.6446638499376651
2017-07-13,0.6656855687916536
2017-07-14,0.7256205820279189
2017-07-17,0.8093243188370558
2017-07-18,0.8806387027825625
2017-07-19,0.9448976483462624
2017-07-20,0.9694718221722495
2017-07-21,0.9994108867573633
2017-07-24,1.0
2017-07-25,1.0
2017-07-26,1.0
2017-07-27,1.0
2017-07-28,1.0
2017-07-31,1.0
2017-08-01,1.0
2017-08-02,1.0
2017-08-03,1.0
2017-08-04,1.0
2017-08-07,1.0
2017-08-08,1.0
2017-08-09,1.0
2017-08-10,1.0
2017-08-11,1.0
2017-08-14,1.0
2017-08-15,1.0
2017-08-16,1.0
2017-08-17,1.0
2017-08-18,1.0
2017-08-21,1.0
2017-08-22,1.0
2017-08-23,1.0
2017-08-24,1.0
2017-08-25,1.0
2017-08-28,1.0
2017-08-29,1.0
2017-08-30,1.0
2017-08-31,1.0
2017-09-01,1.0
2017-09-05,1.0
2017-09-06,1.0
2017-09-07,1.0
2017-09-08,1.0
2017-09-11,1.0
2017-09-12,1.0
2017-09-13,1.0
2017-09-14,1.0
2017-09-15,1.0
2017-09-18,1.0
2017-09-19,1.0
2017-09-20,1.0
2017-09-21,1.0
2017-09-22,1.0
2017-09-25,1.0
2017-09-26,1.0
2017-09-27,1.0
2017-09-28,1.0
2017-09-29,1.0
2017-10-02,1.0
2017-10-03,1.0
2017-10-04,1.0
2017-10-05,1.0
2017-10-06,1.0
2017-10-09,1.0
2017-10-10,1.0
2017-10-11,1.0
2017-10-12,1.0
2017-10-13,1.0
2017-10-16,1.0
2017-10-17,1.0
2017-10-18,1.0
2017-10-19,1.0
2017-10-20,1.0
2017-10-23,1.0
2017-10-24,1.0
2017-10-25,1.0
2017-10-26,1.0
2017-10-27,1.0
2017-10-30,1.0
2017-10-31,1.0
2017-11-01,1.0
2017-11-02,1.0
2017-11-03,1.0
2017-11-06,1.0
2017-11-07,1.0
2017-11-08,1.0
2017-11-09,1.0
2017-11-10,1.0
2017-11-13,1.0
2017-11-14,1.0
2017-11-15,1.0
2017-11-16,1.0
2017-11-17,1.0
2017-11-20,1.0
2017-11-21,1.0
2017-11-22,1.0
2017-11-24,1.0
2017-11-27,1.0
2017-11-28,1.0
2017-11-29,1.0
2017-11-30,1.0
2017-12-01,1.0
2017-12-04,1.0
2017-12-05,1.0
2017-12-06,1.0
2017-12-07,1.0
2017-12-08,1.0
2017-12-11,1.0
2017-12-12,1.0
2017-12-13,1.0
2017-12-14,1.0
2017-12-15,1.0
2017-12-18,1.0
2017-12-19,1.0
2017-12-20,1.0
2017-12-21,1.0
2017-12-22,1.0
2017-12-26,1.0
2017-12-27,1.0
2017-12-28,1.0
2017-12-29,1.0
2018-01-02,1.0
2018-01-03,1.0
2018-01-04,1.0
2018-01-05,1.0
2018-01-08,1.0
2018-01-09,1.0
2018-01-10,1.0
2018-01-11,1.0
2018-01-12,1.0
2018-01-16,1.0
2018-01-17,1.0
2018-01-18,1.0
2018-01-19,1.0
2018-01-22,1.0
2018-01-23,1.0
2018-01-24,1.0
2018-01-25,1.0
2018-01-26,1.0
2018-01-29,1.0
2018-01-30,1.0
2018-01-31,1.0
2018-02-01,1.0
2018-02-02,1.0
2018-02-05,0.9204997901159855
2018-02-06,0.8015887023588087
2018-02-07,0.6932277445737136
2018-02-08,0.5757061301198368
2018-02-09,0.439024734844469
2018-02-12,0.38639276161976444
2018-02-13,0.38349691051778695
2018-02-14,0.37364000118061624
2018-02-15,0.3804565539666712
2018-02-16,0.4152149028950629
2018-02-20,0.44555278554433714
2018-02-21,0.46065564012954263
2018-02-22,0.4651357835455415
2018-02-23,0.4642993081142894
2018-02-26,0.4667300343585339
2018-02-27,0.4967919512387686
2018-02-28,0.501757944963104
2018-03-01,0.5112266656311718
2018-03-02,0.5130483232126763
2018-03-05,0.5043811816723226
2018-03-06,0.47241252849189513
2018-03-07,0.47579948575833964
2018-03-08,0.47922051860813175
2018-03-09,0.5015470723756037
2018-03-12,0.5398113936592415
2018-03-13,0.585693727451401
2018-03-14,0.6206944885590203
2018-03-15,0.6648218702178945
2018-03-16,0.6899614116669084
2018-03-19,0.6902318766317352
2018-03-20,0.6500659056870384
2018-03-21,0.6124801451036879
2018-03-22,0.5702201400054332
2018-03-23,0.5273393226806795
2018-03-26,0.4836426100629693
2018-03-27,0.47958965344309945
2018-03-28,0.4721696747330994
2018-03-29,0.45927489676732647
2018-04-02,0.4603496508601327
2018-04-03,0.46214090524122564
2018-04-04,0.45314899760812805
2018-04-05,0.4548909280255609
2018-04-06,0.45921335691777115
2018-04-09,0.45161782736954115
2018-04-10,0.45417109646664483
2018-04-11,0.464625625648371
2018-04-12,0.4795514854119716
2018-04-13,0.483147654658886
2018-04-16,0.4943858787856925
2018-04-17,0.5192849183622564
2018-04-18,0.5628639637510517
2018-04-19,0.5886110784430075
2018-04-20,0.5991805719099756
2018-04-23,0.5900805267316067
2018-04-24,0.5592620888503941
2018-04-25,0.4963224130647713
2018-04-26,0.43708835246285355
2018-04-27,0.41103665165653147
2018-04-30,0.4061343354228086
2018-05-01,0.40095361347013014
2018-05-02,0.39699305081802244
2018-05-03,0.3956092658035524
2018-05-04,0.3928368563598182
2018-05-07,0.39202657981783845
2018-05-08,0.3983776261372244
2018-05-09,0.4078819244051333
2018-05-10,0.42142635083291086
2018-05-11,0.4413811257588199
2018-05-14,0.4544742474069402
2018-05-15,0.4624216672938063
2018-05-16,0.4534010849244732
2018-05-17,0.4429200173393408
2018-05-18,0.41919830676630465
2018-05-21,0.39688930411071877
2018-05-22,0.3812061907719827
2018-05-23,0.38169586052030485
2018-05-24,0.387861625858442
2018-05-25,0.403525409299675
2018-05-29,0.41808844067768075
2018-05-30,0.4334898017251646
2018-05-31,0.4529721759793673
2018-06-01,0.46362413164648003
2018-06-04,0.46848800123631085
2018-06-05,0.4725512030279223
2018-06-06,0.4776690163641552
2018-06-07,0.48023431393414384
2018-06-08,0.48800083053338916
2018-06-11,0.49608792273892116
2018-06-12,0.5100468846750532
2018-06-13,0.5155784175463851
2018-06-14,0.5240948069602507
2018-06-15,0.5520694608169676
2018-06-18,0.5454839490519616
2018-06-19,0.5317236112360815
2018-06-20,0.519955220150287
2018-06-21,0.5024201173572312
2018-06-22,0.4606557237293466
2018-06-25,0.4524680571664538
2018-06-26,0.438164439749616
2018-06-27,0.4235816782849147
2018-06-28,0.4064571165294016
2018-06-29,0.39326405594097896
2018-07-02,0.38068408819832755
2018-07-03,0.3722421257704672
2018-07-05,0.3712812156373158
2018-07-06,0.3797995854257521
2018-07-09,0.39103883025580544
2018-07-10,0.40479071415693246
2018-07-11,0.42166574853407857
2018-07-12,0.4247571952095598
2018-07-13,0.43203168536182684
2018-07-16,0.4340842762454458
2018-07-17,0.4301054683395195
2018-07-18,0.42238163233005244
2018-07-19,0.42212568207003454
2018-07-20,0.41021763825287055
2018-07-23,0.40001673532092125
2018-07-24,0.38772493295655897
2018-07-25,0.38287043990516445
2018-07-26,0.38705049948133075
2018-07-27,0.38519357312328734
2018-07-30,0.37858556325231346
2018-07-31,0.3694149915600328
2018-08-01,0.3627982941253278
2018-08-02,0.34271873364844013
2018-08-03,0.3334510827910441
2018-08-06,0.3338485385062211
2018-08-07,0.3406819690456013
2018-08-08,0.3434835500633512
2018-08-09,0.3533247025002203
2018-08-10,0.3623523379149427
2018-08-13,0.36351831593241074
2018-08-14,0.3551790990975474
2018-08-15,0.34866548859312696
2018-08-16,0.3268657688342781
2018-08-17,0.30733046967607286
2018-08-20,0.29628086008046217
2018-08-21,0.30048365328674
2018-08-22,0.30350836631356815
2018-08-23,0.32307197279550026
2018-08-24,0.33399961266350486
2018-08-27,0.3533628602974819
2018-08-28,0.3736274556599595
2018-08-29,0.3860383812514795
2018-08-30,0.4028496066193811
2018-08-31,0.4215242155323538
2018-09-04,0.42445066031175144
2018-09-05,0.41516783214751296
2018-09-06,0.4071223993562848
2018-09-07,0.39051016497760926
2018-09-10,0.37118233656210275
2018-09-11,0.3555920567270094
2018-09-12,0.3474749095450576
2018-09-13,0.34801065309758167
2018-09-14,0.3527792705127442
2018-09-17,0.3583817924504924
2018-09-18,0.3580723326499907
2018-09-19,0.356330476103388
2018-09-20,0.35076142540960986
2018-09-21,0.35086374282947375
2018-09-24,0.35080465485095613
2018-09-25,0.35312825653350366
2018-09-26,0.35620302186810066
2018-09-27,0.3569664804064384
2018-09-28,0.34817334001370137
2018-10-01,0.3472690094566248
2018-10-02,0.34583249378445596
2018-10-03,0.35164586508474194
2018-10-04,0.35124279206610565
2018-10-05,0.34126167271122154
2018-10-08,0.32275921385041995
2018-10-09,0.3043796841392267
2018-10-10,0.2780778019039124
2018-10-11,0.2597589337742571
2018-10-12,0.25164522037547526
2018-10-15,0.25
2018-10-16,0.25
2018-10-17,0.25
2018-10-18,0.25
2018-10-19,0.25
2018-10-22,0.25
2018-10-23,0.25
2018-10-24,0.25
2018-10-25,0.25
2018-10-26,0.25
2018-10-29,0.25
2018-10-30,0.25
2018-10-31,0.25
2018-11-01,0.25
2018-11-02,0.25
2018-11-05,0.25
2018-11-06,0.25
2018-11-07,0.25
2018-11-08,0.25
2018-11-09,0.25
2018-11-12,0.25
2018-11-13,0.25
2018-11-14,0.25
2018-11-15,0.25
2018-11-16,0.25
2018-11-19,0.25
2018-11-20,0.25
2018-11-21,0.25
2018-11-23,0.25
2018-11-26,0.25
2018-11-27,0.25
2018-11-28,0.25
2018-11-29,0.25
2018-11-30,0.25
2018-12-03,0.25
2018-12-04,0.25
2018-12-06,0.25
2018-12-07,0.25
2018-12-10,0.25
2018-12-11,0.25
2018-12-12,0.25
2018-12-13,0.25
2018-12-14,0.25
2018-12-17,0.25
2018-12-18,0.25
2018-12-19,0.25
2018-12-20,0.25
2018-12-21,0.25
2018-12-24,0.25
2018-12-26,0.25
2018-12-27,0.25
2018-12-28,0.25
2018-12-31,0.25
2019-01-02,0.25
2019-01-03,0.25
2019-01-04,0.25
2019-01-07,0.25
2019-01-08,0.25
2019-01-09,0.25
2019-01-10,0.25
2019-01-11,0.25
2019-01-14,0.25
2019-01-15,0.25
2019-01-16,0.25
2019-01-17,0.25
2019-01-18,0.25
2019-01-22,0.25
2019-01-23,0.25
2019-01-24,0.25
2019-01-25,0.25
2019-01-28,0.25
2019-01-29,0.25
2019-01-30,0.25
2019-01-31,0.2668554781083502
2019-02-01,0.2954645684934267
2019-02-04,0.3293746411599176
2019-02-05,0.39045611015432596
2019-02-06,0.4836390283673033
2019-02-07,0.5453425893191808
2019-02-08,0.5766104250403441
2019-02-11,0.6052762898186825
2019-02-12,0.6023421605722522
2019-02-13,0.5826851038588782
2019-02-14,0.5759925304855473
2019-02-15,0.5923961494860176
2019-02-19,0.6185251475691902
2019-02-20,0.6585975236610757
2019-02-21,0.68211541439285
2019-02-22,0.6930673043204594
2019-02-25,0.7124268459696348
2019-02-26,0.7202297367779291
2019-02-27,0.7218274779520695
2019-02-28,0.7145324018932424
2019-03-01,0.7144671550250861
2019-03-04,0.6970534071089065
2019-03-05,0.6802092430215889
2019-03-06,0.6613748404699638
2019-03-07,0.6474410667301067
2019-03-08,0.6319839337205777
2019-03-11,0.625430824096723
2019-03-12,0.6345115795215159
2019-03-13,0.6557007012919343
2019-03-14,0.6940216496763478
2019-03-15,0.7289724127964157
2019-03-18,0.7753919432417182
2019-03-19,0.8097271786347962
2019-03-20,0.8332312296809942
2019-03-21,0.8551617468074839
2019-03-22,0.9029150079505948
2019-03-25,0.9224432227284527
2019-03-26,0.9398708815401176
2019-03-27,0.9599596753708226
2019-03-28,0.9652669318457244
2019-03-29,0.9565873158653766
2019-04-01,0.9689663414263648
2019-04-02,0.9784590295478507
2019-04-03,0.9826940084381504
2019-04-04,0.9913203840196522
2019-04-05,1.0
2019-04-08,1.0
2019-04-09,1.0
2019-04-10,1.0
2019-04-11,1.0
2019-04-12,1.0
2019-04-15,1.0
2019-04-16,1.0
2019-04-17,1.0
2019-04-18,1.0
2019-04-22,1.0
2019-04-23,1.0
2019-04-24,1.0
2019-04-25,1.0
2019-04-26,1.0
2019-04-29,1.0
2019-04-30,1.0
2019-05-01,1.0
2019-05-02,1.0
2019-05-03,1.0
2019-05-06,1.0
2019-05-07,1.0
2019-05-08,1.0
2019-05-09,1.0
2019-05-10,1.0
2019-05-13,1.0
2019-05-14,0.9653000566970784
2019-05-15,0.9520326348471457
2019-05-16,0.9520326348471457
2019-05-17,0.9520326348471457
2019-05-20,0.9520326348471457
2019-05-21,0.96305949643009
2019-05-22,0.9757401399040463
2019-05-23,0.9713736088988426
2019-05-24,0.9492500286866262
2019-05-28,0.9300901504421768
2019-05-29,0.9240218643104043
2019-05-30,0.8769658477912262
2019-05-31,0.8606612728462221
2019-06-03,0.8477536431740524
2019-06-04,0.8170282674231203
2019-06-05,0.8467696352748698
2019-06-06,0.8944124301700246
2019-06-07,0.9150835361202322
2019-06-10,0.9501147460046184
2019-06-11,1.0
2019-06-12,1.0
2019-06-13,1.0
2019-06-14,1.0
2019-06-17,1.0
2019-06-18,1.0
2019-06-19,1.0
2019-06-20,1.0
2019-06-21,1.0
2019-06-24,1.0
2019-06-25,1.0
2019-06-26,1.0
2019-06-27,1.0
2019-06-28,1.0
2019-07-01,1.0
2019-07-02,1.0
2019-07-03,1.0
2019-07-05,1.0
2019-07-08,1.0
2019-07-09,1.0
2019-07-10,1.0
2019-07-11,1.0
2019-07-12,1.0
2019-07-15,1.0
2019-07-16,1.0
2019-07-17,1.0
2019-07-18,1.0
2019-07-19,1.0
2019-07-22,1.0
2019-07-23,1.0
2019-07-24,1.0
2019-07-25,1.0
2019-07-26,1.0
2019-07-29,1.0
2019-07-30,1.0
2019-07-31,1.0
2019-08-01,1.0
2019-08-02,1.0
2019-08-05,1.0
2019-08-06,1.0
2019-08-07,1.0
2019-08-08,1.0
2019-08-09,1.0
2019-08-12,1.0
2019-08-13,1.0
2019-08-14,1.0
2019-08-15,1.0
2019-08-16,1.0
2019-08-19,1.0
2019-08-20,1.0
2019-08-21,1.0
2019-08-22,1.0
2019-08-23,1.0
2019-08-26,1.0
2019-08-27,1.0
2019-08-28,1.0
2019-08-29,1.0
2019-08-30,1.0
2019-09-03,1.0
2019-09-04,1.0
2019-09-05,1.0
2019-09-06,1.0
2019-09-09,1.0
2019-09-10,1.0
2019-09-11,1.0
2019-09-12,1.0
2019-09-13,1.0
2019-09-16,1.0
2019-09-17,1.0
2019-09-18,1.0
2019-09-19,1.0
2019-09-20,1.0
2019-09-23,1.0
2019-09-24,1.0
2019-09-25,1.0
2019-09-26,1.0
2019-09-27,1.0
2019-09-30,1.0
2019-10-01,1.0
2019-10-02,1.0
2019-10-03,0.9899047475840801
2019-10-04,0.9899047475840803
2019-10-07,0.9899047475840803
2019-10-08,0.9899047475840803
2019-10-09,0.9899047475840803
2019-10-10,1.0
2019-10-11,1.0
2019-10-14,1.0
2019-10-15,1.0
2019-10-16,1.0
2019-10-17,1.0
2019-10-18,1.0
2019-10-21,1.0
2019-10-22,1.0
2019-10-23,1.0
2019-10-24,1.0
2019-10-25,1.0
2019-10-28,1.0
2019-10-29,1.0
2019-10-30,1.0
2019-10-31,1.0
2019-11-01,1.0
2019-11-04,1.0
2019-11-05,1.0
2019-11-06,1.0
2019-11-07,1.0
2019-11-08,1.0
2019-11-11,1.0
2019-11-12,1.0
2019-11-13,1.0
2019-11-14,1.0
2019-11-15,1.0
2019-11-18,1.0
2019-11-19,1.0
2019-11-20,1.0
2019-11-21,1.0
2019-11-22,1.0
2019-11-25,1.0
2019-11-26,1.0
2019-11-27,1.0
2019-11-29,1.0
2019-12-02,1.0
2019-12-03,1.0
2019-12-04,1.0
2019-12-05,1.0
2019-12-06,1.0
2019-12-09,1.0
2019-12-10,1.0
2019-12-11,1.0
2019-12-12,1.0
2019-12-13,1.0
2019-12-16,1.0
2019-12-17,1.0
2019-12-18,1.0
2019-12-19,1.0
2019-12-20,1.0
2019-12-23,1.0
2019-12-24,1.0
2019-12-26,1.0
2019-12-27,1.0
2019-12-30,1.0
2019-12-31,1.0
2020-01-02,1.0
2020-01-03,1.0
2020-01-06,1.0
2020-01-07,1.0
2020-01-08,1.0
2020-01-09,1.0
2020-01-10,1.0
2020-01-13,1.0
2020-01-14,1.0
2020-01-15,1.0
2020-01-16,1.0
2020-01-17,1.0
2020-01-21,1.0
2020-01-22,1.0
2020-01-23,1.0
2020-01-24,1.0
2020-01-27,1.0
2020-01-28,1.0
2020-01-29,1.0
2020-01-30,1.0
2020-01-31,1.0
2020-02-03,1.0
2020-02-04,1.0
2020-02-05,1.0
2020-02-06,1.0
2020-02-07,1.0
2020-02-10,1.0
2020-02-11,1.0
2020-02-12,1.0
2020-02-13,1.0
2020-02-14,1.0
2020-02-18,1.0
2020-02-19,1.0
2020-02-20,1.0
2020-02-21,1.0
2020-02-24,1.0
2020-02-25,0.9981841415565669
2020-02-26,0.9006115515630553
2020-02-27,0.8009800235626834
2020-02-28,0.670661822135389
2020-03-02,0.5385221861684406
2020-03-03,0.4371727654141848
2020-03-04,0.4234756334651461
2020-03-05,0.47975613739782713
2020-03-06,0.5310382325816574
2020-03-09,0.6104327226606884
2020-03-10,0.583706458256841
2020-03-11,0.5772444824387353
2020-03-12,0.4705955065064262
2020-03-13,0.3996316127498902
2020-03-16,0.3023767586378076
2020-03-17,0.28226830223934407
2020-03-18,0.25
2020-03-19,0.25
2020-03-20,0.25
2020-03-23,0.25
2020-03-24,0.25
2020-03-25,0.25
2020-03-26,0.25
2020-03-27,0.25
2020-03-30,0.25
2020-03-31,0.25
2020-04-01,0.25
2020-04-02,0.25
2020-04-03,0.25
2020-04-06,0.25
2020-04-07,0.25
2020-04-08,0.25
2020-04-09,0.2568476441530484
2020-04-13,0.27161936174181406
2020-04-14,0.28782222964469456
2020-04-15,0.32781627515925577
2020-04-16,0.35976423117765255
2020-04-17,0.3936904703444234
2020-04-20,0.4277395184979815
2020-04-21,0.4522909191544793
2020-04-22,0.4305595749517166
2020-04-23,0.43498195717405636
2020-04-24,0.43123597345306425
2020-04-27,0.4298374717968908
2020-04-28,0.44372004210893345
2020-04-29,0.4697349538112195
2020-04-30,0.5448493923602509
2020-05-01,0.5932042096680554
2020-05-04,0.5859389740836931
2020-05-05,0.576451850719807
2020-05-06,0.5870636525392949
2020-05-07,0.5227187591563848
2020-05-08,0.5299803190998346
2020-05-11,0.6139946216149281
2020-05-12,0.6981954469732035
2020-05-13,0.7200224964225628
2020-05-14,0.7209318331867709
2020-05-15,0.7139139562894286
2020-05-18,0.6909680835019083
2020-05-19,0.7116175426360981
2020-05-20,0.7783995151242842
2020-05-21,0.8803502949532183
2020-05-22,0.9447238950004792
2020-05-26,0.9934984367711179
2020-05-27,0.9934984367711179
2020-05-28,1.0
2020-05-29,1.0
2020-06-01,1.0
2020-06-02,1.0
2020-06-03,1.0
2020-06-04,1.0
2020-06-05,1.0
2020-06-08,1.0
2020-06-09,1.0
2020-06-10,1.0
2020-06-11,1.0
2020-06-12,1.0
2020-06-15,1.0
2020-06-16,1.0
2020-06-17,1.0
2020-06-18,1.0
2020-06-19,1.0
2020-06-22,1.0
2020-06-23,1.0
2020-06-24,1.0
2020-06-25,1.0
2020-06-26,1.0
2020-06-29,1.0
2020-06-30,1.0
2020-07-01,1.0
2020-07-02,1.0
2020-07-06,1.0
2020-07-07,1.0
2020-07-08,1.0
2020-07-09,1.0
2020-07-10,1.0
2020-07-13,1.0
2020-07-14,1.0
2020-07-15,1.0
2020-07-16,1.0
2020-07-17,1.0
2020-07-20,1.0
2020-07-21,1.0
2020-07-22,1.0
2020-07-23,1.0
2020-07-24,1.0
2020-07-27,1.0
2020-07-28,1.0
2020-07-29,1.0
2020-07-30,1.0
2020-07-31,1.0
2020-08-03,1.0
2020-08-04,1.0
2020-08-05,1.0
2020-08-06,1.0
2020-08-07,1.0
2020-08-10,1.0
2020-08-11,1.0
2020-08-12,1.0
2020-08-13,1.0
2020-08-14,1.0
2020-08-17,1.0
2020-08-18,1.0
2020-08-19,1.0
2020-08-20,1.0
2020-08-21,1.0
2020-08-24,1.0
2020-08-25,1.0
2020-08-26,1.0
2020-08-27,1.0
2020-08-28,1.0
2020-08-31,1.0
2020-09-01,1.0
2020-09-02,1.0
2020-09-03,1.0
2020-09-04,1.0
2020-09-08,0.9981087649110011
2020-09-09,0.9412466537613005
2020-09-10,0.9150933007930362
2020-09-11,0.8683825750631092
2020-09-14,0.8178543952599021
2020-09-15,0.7915692455696648
2020-09-16,0.8295722544600664
2020-09-17,0.824028698653408
2020-09-18,0.8238209146809986
2020-09-21,0.8104705743398689
2020-09-22,0.764838924615022
2020-09-23,0.7244540444765514
2020-09-24,0.6561411564657659
2020-09-25,0.6115699078238902
2020-09-28,0.6053131376493759
2020-09-29,0.6338672488766891
2020-09-30,0.6466263183678947
2020-10-01,0.7008746389982395
2020-10-02,0.7650037143416815
2020-10-05,0.7821501757573992
2020-10-06,0.7870348714991842
2020-10-07,0.7722725200297564
2020-10-08,0.7733932991684863
2020-10-09,0.7675303199349539
2020-10-12,0.8081369374161707
2020-10-13,0.8485061649511559
2020-10-14,0.9097534293271474
2020-10-15,0.9543941263437811
2020-10-16,0.9876177885780837
2020-10-19,0.9934554478357803
2020-10-20,0.9667990598225538
2020-10-21,0.9382943311612925
2020-10-22,0.9098887878284684
2020-10-23,0.8746103154424976
2020-10-26,0.8511246724661996
2020-10-27,0.8347551552589889
2020-10-28,0.8280192072160318
2020-10-29,0.7730211789331802
2020-10-30,0.7328941305189991
2020-11-02,0.6642957064632418
2020-11-03,0.6228449108594016
2020-11-04,0.5919414170398369
2020-11-05,0.6584165859022468
2020-11-06,0.7338221067023987
2020-11-09,0.8324507258986736
2020-11-10,0.8938520400602478
2020-11-11,0.9243229693217276
2020-11-12,0.9227220157689653
2020-11-13,0.9088640142834563
2020-11-16,0.9088640142834563
2020-11-17,0.9319394009461597
2020-11-18,0.967612642208463
2020-11-19,0.9825981120479874
2020-11-20,0.9964561135334963
2020-11-23,0.9964561135334963
2020-11-24,0.9936188748215402
2020-11-25,0.9936188748215402
2020-11-27,0.9971627612880439
2020-11-30,0.9971627612880439
2020-12-01,0.9971627612880439
2020-12-02,1.0
2020-12-03,1.0
2020-12-04,1.0
2020-12-07,1.0
2020-12-08,1.0
2020-12-09,1.0
2020-12-10,1.0
2020-12-11,1.0
2020-12-14,1.0
2020-12-15,1.0
2020-12-16,1.0
2020-12-17,1.0
2020-12-18,1.0
2020-12-21,1.0
2020-12-22,1.0
2020-12-23,1.0
2020-12-24,1.0
2020-12-28,1.0
2020-12-29,1.0
2020-12-30,1.0
2020-12-31,1.0
2021-01-04,1.0
2021-01-05,1.0
2021-01-06,1.0
2021-01-07,1.0
2021-01-08,1.0
2021-01-11,1.0
2021-01-12,1.0
2021-01-13,1.0
2021-01-14,1.0
2021-01-15,1.0
2021-01-19,1.0
2021-01-20,1.0
2021-01-21,1.0
2021-01-22,1.0
2021-01-25,1.0
2021-01-26,1.0
2021-01-27,1.0
2021-01-28,1.0
2021-01-29,1.0
2021-02-01,1.0
2021-02-02,1.0
2021-02-03,1.0
2021-02-04,1.0
2021-02-05,1.0
2021-02-08,1.0
2021-02-09,1.0
2021-02-10,1.0
2021-02-11,1.0
2021-02-12,1.0
2021-02-16,1.0
2021-02-17,1.0
2021-02-18,1.0
2021-02-19,1.0
2021-02-22,1.0
2021-02-23,1.0
2021-02-24,1.0
2021-02-25,1.0
2021-02-26,0.9506483226835556
2021-03-01,0.9090879279793744
2021-03-02,0.9074937305184057
2021-03-03,0.8862924979619347
2021-03-04,0.8133526377183518
2021-03-05,0.7605959825488167
2021-03-08,0.7253951462435548
2021-03-09,0.6225499248295254
2021-03-10,0.591971481591613
2021-03-11,0.619683261437202
2021-03-12,0.6976462604198034
2021-03-15,0.7317509263796076
2021-03-16,0.8116817606722979
2021-03-17,0.8403742236465581
2021-03-18,0.866826689107624
2021-03-19,0.8281342503288306
2021-03-22,0.8156429138556145
2021-03-23,0.8099081913851688
2021-03-24,0.7961573964379509
2021-03-25,0.765775139133869
2021-03-26,0.7756241457443587
2021-03-29,0.8007854242198071
2021-03-30,0.7892306848759889
2021-03-31,0.7737386099227912
2021-04-01,0.7901937884855268
2021-04-05,0.8431825541572084
2021-04-06,0.873169177204615
2021-04-07,0.914967223601187
2021-04-08,0.9672973063217254
2021-04-09,1.0
2021-04-12,1.0
2021-04-13,1.0
2021-04-14,1.0
2021-04-15,1.0
2021-04-16,1.0
2021-04-19,1.0
2021-04-20,1.0
2021-04-21,1.0
2021-04-22,1.0
2021-04-23,1.0
2021-04-26,1.0
2021-04-27,1.0
2021-04-28,1.0
2021-04-29,1.0
2021-04-30,1.0
2021-05-03,1.0
2021-05-04,1.0
2021-05-05,1.0
2021-05-06,1.0
2021-05-07,1.0
2021-05-10,1.0
2021-05-11,1.0
2021-05-12,1.0
2021-05-13,1.0
2021-05-14,1.0
2021-05-17,1.0
2021-05-18,1.0
2021-05-19,1.0
2021-05-20,1.0
2021-05-21,1.0
2021-05-24,1.0
2021-05-25,1.0
2021-05-26,1.0
2021-05-27,1.0
2021-05-28,1.0
2021-06-01,1.0
2021-06-02,1.0
2021-06-03,1.0
2021-06-04,1.0
2021-06-07,1.0
2021-06-08,1.0
2021-06-09,1.0
2021-06-10,1.0
2021-06-11,1.0
2021-06-14,1.0
2021-06-15,1.0
2021-06-16,1.0
2021-06-17,1.0
2021-06-18,1.0
2021-06-21,1.0
2021-06-22,1.0
2021-06-23,1.0
2021-06-24,1.0
2021-06-25,1.0
2021-06-28,1.0
2021-06-29,1.0
2021-06-30,1.0
2021-07-01,1.0
2021-07-02,1.0
2021-07-06,1.0
2021-07-07,1.0
2021-07-08,1.0
2021-07-09,1.0
2021-07-12,1.0
2021-07-13,1.0
2021-07-14,1.0
2021-07-15,1.0
2021-07-16,1.0
2021-07-19,1.0
2021-07-20,1.0
2021-07-21,1.0
2021-07-22,1.0
2021-07-23,1.0
2021-07-26,1.0
2021-07-27,1.0
2021-07-28,1.0
2021-07-29,1.0
2021-07-30,1.0
2021-08-02,1.0
2021-08-03,1.0
2021-08-04,1.0
2021-08-05,1.0
2021-08-06,1.0
2021-08-09,1.0
2021-08-10,1.0
2021-08-11,1.0
2021-08-12,1.0
2021-08-13,1.0
2021-08-16,1.0
2021-08-17,1.0
2021-08-18,1.0
2021-08-19,1.0
2021-08-20,1.0
2021-08-23,1.0
2021-08-24,1.0
2021-08-25,1.0
2021-08-26,1.0
2021-08-27,1.0
2021-08-30,1.0
2021-08-31,1.0
2021-09-01,1.0
2021-09-02,1.0
2021-09-03,1.0
2021-09-07,1.0
2021-09-08,1.0
2021-09-09,1.0
2021-09-10,1.0
2021-09-13,1.0
2021-09-14,1.0
2021-09-15,1.0
2021-09-16,1.0
2021-09-17,1.0
2021-09-20,1.0
2021-09-21,0.9831901784972633
2021-09-22,0.9680238445311863
2021-09-23,0.9680238445311863
2021-09-24,0.9680238445311863
2021-09-27,0.9680238445311863
2021-09-28,0.9641050715718507
2021-09-29,0.8735263039840231
2021-09-30,0.7676912713416478
2021-10-01,0.6583271180662473
2021-10-04,0.5590036839173765
2021-10-05,0.4675921265179099
2021-10-06,0.4653840310030165
2021-10-07,0.4692569739788494
2021-10-08,0.4785932557668958
2021-10-11,0.4719599415630327
2021-10-12,0.47028967167926206
2021-10-13,0.4684541465133062
2021-10-14,0.47382040853697394
2021-10-15,0.5498102255732223
2021-10-18,0.6423905334120686
2021-10-19,0.7562009551573782
2021-10-20,0.8659896773921322
2021-10-21,0.9625855050350068
2021-10-22,0.9866235594861124
2021-10-25,1.0
2021-10-26,1.0
2021-10-27,1.0
2021-10-28,1.0
2021-10-29,1.0
2021-11-01,1.0
2021-11-02,1.0
2021-11-03,1.0
2021-11-04,1.0
2021-11-05,1.0
2021-11-08,1.0
2021-11-09,1.0
2021-11-10,1.0
2021-11-11,1.0
2021-11-12,1.0
2021-11-15,1.0
2021-11-16,1.0
2021-11-17,1.0
2021-11-18,1.0
2021-11-19,1.0
2021-11-22,1.0
2021-11-23,1.0
2021-11-24,1.0
2021-11-26,1.0
2021-11-29,1.0
2021-11-30,1.0
2021-12-01,1.0
2021-12-02,1.0
2021-12-03,1.0
2021-12-06,1.0
2021-12-07,1.0
2021-12-08,1.0
2021-12-09,1.0
2021-12-10,1.0
2021-12-13,1.0
2021-12-14,1.0
2021-12-15,1.0
2021-12-16,1.0
2021-12-17,1.0
2021-12-20,1.0
2021-12-21,1.0
2021-12-22,1.0
2021-12-23,1.0
2021-12-27,1.0
2021-12-28,1.0
2021-12-29,1.0
2021-12-30,1.0
2021-12-31,1.0
2022-01-03,1.0
2022-01-04,1.0
2022-01-05,1.0
2022-01-06,0.9933683671848273
2022-01-07,0.9791039865595925
2022-01-10,0.948706250069437
2022-01-11,0.9209998263055326
2022-01-12,0.9209998263055326
2022-01-13,0.9276314591207054
2022-01-14,0.9238841320717018
2022-01-18,0.9264138686569314
2022-01-19,0.8774376783166756
2022-01-20,0.7983237088113178
2022-01-21,0.7027586076537395
2022-01-24,0.6142326880845639
2022-01-25,0.5363774574348863
2022-01-26,0.4999040363119189
2022-01-27,0.4609084376477961
2022-01-28,0.437185382599517
2022-01-31,0.4348266773070056
2022-02-01,0.4440153266619486
2022-02-02,0.4690443387646697
2022-02-03,0.5181672826241582
2022-02-04,0.5304548049560531
2022-02-07,0.5326470540472918
2022-02-08,0.521601330407403
2022-02-09,0.5045054026846703
2022-02-10,0.48450700820680626
2022-02-11,0.48232943995913385
2022-02-14,0.47526982488703523
2022-02-15,0.4668702196758609
2022-02-16,0.46049277049047904
2022-02-17,0.4406313333559574
2022-02-18,0.43419108464297096
2022-02-22,0.43073756150977777
2022-02-23,0.4260530763341125
2022-02-24,0.40645034343003134
2022-02-25,0.39257895787951214
2022-02-28,0.39232230168707266
2022-03-01,0.39936755407423336
2022-03-02,0.4088255925231995
2022-03-03,0.4274494279975767
2022-03-04,0.4368010919424658
2022-03-07,0.4403194113740881
2022-03-08,0.4255029191192679
2022-03-09,0.41097509758159595
2022-03-10,0.40399652546246195
2022-03-11,0.39319779276345346
2022-03-14,0.37214366102432134
2022-03-15,0.34713212254195946
2022-03-16,0.32399140465338017
2022-03-17,0.309569725206971
2022-03-18,0.30460039790655674
2022-03-21,0.3129329267362977
2022-03-22,0.3370100660026054
2022-03-23,0.35987390358227167
2022-03-24,0.37316490444202427
2022-03-25,0.3908283479977286
2022-03-28,0.40062644099317596
2022-03-29,0.40840463838276975
2022-03-30,0.42355826465516316
2022-03-31,0.4358354773005392
2022-04-01,0.43413195539734106
2022-04-04,0.4330302620493024
2022-04-05,0.44199897840592983
2022-04-06,0.4290676907969474
2022-04-07,0.40730838074416165
2022-04-08,0.3916765575676856
2022-04-11,0.3763688496748948
2022-04-12,0.3452629428752552
2022-04-13,0.3296847114083936
2022-04-14,0.32846287305452637
2022-04-18,0.3140400897402942
2022-04-19,0.30308995281452544
2022-04-20,0.3006003416334437
2022-04-21,0.2998541091890651
2022-04-22,0.28171647872378575
2022-04-25,0.2749454010894183
2022-04-26,0.26758523676539897
2022-04-27,0.2603567017335914
2022-04-28,0.25046988560542793
2022-04-29,0.25
2022-05-02,0.25
2022-05-03,0.25
2022-05-04,0.25
2022-05-05,0.25
2022-05-06,0.25
2022-05-09,0.25
2022-05-10,0.25
2022-05-11,0.25
2022-05-12,0.25
2022-05-13,0.25
2022-05-16,0.25
2022-05-17,0.25
2022-05-18,0.25
2022-05-19,0.25
2022-05-20,0.25
2022-05-23,0.25
2022-05-24,0.25
2022-05-25,0.25
2022-05-26,0.25
2022-05-27,0.25
2022-05-31,0.25
2022-06-01,0.25
2022-06-02,0.25
2022-06-03,0.25
2022-06-06,0.25
2022-06-07,0.25
2022-06-08,0.25
2022-06-09,0.25
2022-06-10,0.25
2022-06-13,0.25
2022-06-14,0.25
2022-06-15,0.25
2022-06-16,0.25
2022-06-17,0.25
2022-06-21,0.25
2022-06-22,0.25
2022-06-23,0.25
2022-06-24,0.25
2022-06-27,0.25
2022-06-28,0.25
2022-06-29,0.25
2022-06-30,0.25
2022-07-01,0.25
2022-07-05,0.25
2022-07-06,0.25
2022-07-07,0.25
2022-07-08,0.25
2022-07-11,0.25
2022-07-12,0.25
2022-07-13,0.25
2022-07-14,0.25
2022-07-15,0.25
2022-07-18,0.25
2022-07-19,0.25
2022-07-20,0.25
2022-07-21,0.25
2022-07-22,0.25
2022-07-25,0.25
2022-07-26,0.25
2022-07-27,0.25
2022-07-28,0.25
2022-07-29,0.25
2022-08-01,0.25
2022-08-02,0.25
2022-08-03,0.25
2022-08-04,0.25
2022-08-05,0.25
2022-08-08,0.25
2022-08-09,0.25
2022-08-10,0.25
2022-08-11,0.25
2022-08-12,0.25
2022-08-15,0.25
2022-08-16,0.25
2022-08-17,0.25
2022-08-18,0.25
2022-08-19,0.25
2022-08-22,0.25
2022-08-23,0.25
2022-08-24,0.25
2022-08-25,0.25
2022-08-26,0.25
2022-08-29,0.25
2022-08-30,0.25
2022-08-31,0.25
2022-09-01,0.25
2022-09-02,0.25
2022-09-06,0.25
2022-09-07,0.25
2022-09-08,0.25
2022-09-09,0.25
2022-09-12,0.25
2022-09-13,0.25
2022-09-14,0.25
2022-09-15,0.25
2022-09-16,0.25
2022-09-19,0.25
2022-09-20,0.25
2022-09-21,0.25
2022-09-22,0.25
2022-09-23,0.25
2022-09-26,0.25
2022-09-27,0.25
2022-09-28,0.25
2022-09-29,0.25
2022-09-30,0.25
2022-10-03,0.25
2022-10-04,0.25
2022-10-05,0.25
2022-10-06,0.25
2022-10-07,0.25
2022-10-10,0.25
2022-10-11,0.25
2022-10-12,0.25
2022-10-13,0.25
2022-10-14,0.25
2022-10-17,0.25
2022-10-18,0.25
2022-10-19,0.25
2022-10-20,0.25
2022-10-21,0.25
2022-10-24,0.25
2022-10-25,0.25
2022-10-26,0.25
2022-10-27,0.25
2022-10-28,0.25
2022-10-31,0.25
2022-11-01,0.25
2022-11-02,0.25
2022-11-03,0.25
2022-11-04,0.25
2022-11-07,0.25
2022-11-08,0.25
2022-11-09,0.25
2022-11-10,0.25
2022-11-11,0.25
2022-11-14,0.25
2022-11-15,0.25
2022-11-16,0.25
2022-11-17,0.25
2022-11-18,0.25
2022-11-21,0.25
2022-11-22,0.25
2022-11-23,0.25
2022-11-25,0.25
2022-11-28,0.25
2022-11-29,0.25
2022-11-30,0.25
2022-12-01,0.25
2022-12-02,0.25
2022-12-05,0.25
2022-12-06,0.25
2022-12-07,0.25
2022-12-08,0.25
2022-12-09,0.25
2022-12-12,0.25
2022-12-13,0.25
2022-12-14,0.25
2022-12-15,0.25
2022-12-16,0.25
2022-12-19,0.25
2022-12-20,0.25
2022-12-21,0.25
2022-12-22,0.25
2022-12-23,0.25
2022-12-27,0.25
2022-12-28,0.25
2022-12-29,0.25
2022-12-30,0.25
2023-01-03,0.25
2023-01-04,0.25
2023-01-05,0.25
2023-01-06,0.25
2023-01-09,0.25
2023-01-10,0.25
2023-01-11,0.25
2023-01-12,0.25
2023-01-13,0.25
2023-01-17,0.25
2023-01-18,0.25
2023-01-19,0.25
2023-01-20,0.25
2023-01-23,0.25
2023-01-24,0.25
2023-01-25,0.25
2023-01-26,0.25
2023-01-27,0.25
2023-01-30,0.25
2023-01-31,0.25
2023-02-01,0.25
2023-02-02,0.25
2023-02-03,0.25
2023-02-06,0.25
2023-02-07,0.25
2023-02-08,0.25
2023-02-09,0.25
2023-02-10,0.25
2023-02-13,0.25
2023-02-14,0.25
2023-02-15,0.25
2023-02-16,0.25
2023-02-17,0.25
2023-02-21,0.25
2023-02-22,0.25
2023-02-23,0.25
2023-02-24,0.25
2023-02-27,0.25
2023-02-28,0.25
2023-03-01,0.25
2023-03-02,0.25
2023-03-03,0.25
2023-03-06,0.25
2023-03-07,0.25
2023-03-08,0.25
2023-03-09,0.25
2023-03-10,0.25
2023-03-13,0.25
2023-03-14,0.25
2023-03-15,0.25
2023-03-16,0.25
2023-03-17,0.25
2023-03-20,0.25
2023-03-21,0.25
2023-03-22,0.25
2023-03-23,0.25
2023-03-24,0.25
2023-03-27,0.25
2023-03-28,0.25
2023-03-29,0.25
2023-03-30,0.25
2023-03-31,0.25
2023-04-03,0.255578577485315
2023-04-04,0.26245126258320195
2023-04-05,0.27038261510635164
2023-04-06,0.2912431060877556
2023-04-10,0.3182322076842169
2023-04-11,0.33745862659657605
2023-04-12,0.35784841944803925
2023-04-13,0.3754553340550749
2023-04-14,0.3850728308405601
2023-04-17,0.38473602690968445
2023-04-18,0.39403162596503566
2023-04-19,0.401940556722504
2023-04-20,0.41075484287415376
2023-04-21,0.4143363905029201
2023-04-24,0.43019581152426645
2023-04-25,0.48797882279227167
2023-04-26,0.5407416712266062
2023-04-27,0.5930696112241948
2023-04-28,0.6701001306859918
2023-05-01,0.7591631373277536
2023-05-02,0.7987359247392767
2023-05-03,0.8526325893032013
2023-05-04,0.906718650373187
2023-05-05,0.9263495663673365
2023-05-08,0.9447748410386427
2023-05-09,0.9633184469060891
2023-05-10,0.9714875252010113
2023-05-11,0.9807209708516021
2023-05-12,1.0
2023-05-15,1.0
2023-05-16,1.0
2023-05-17,1.0
2023-05-18,1.0
2023-05-19,1.0
2023-05-22,1.0
2023-05-23,1.0
2023-05-24,1.0
2023-05-25,1.0
2023-05-26,1.0
2023-05-30,1.0
2023-05-31,1.0
2023-06-01,1.0
2023-06-02,1.0
2023-06-05,1.0
2023-06-06,1.0
2023-06-07,1.0
2023-06-08,1.0
2023-06-09,1.0
2023-06-12,1.0
2023-06-13,1.0
2023-06-14,1.0
2023-06-15,1.0
2023-06-16,1.0
2023-06-20,1.0
2023-06-21,1.0
2023-06-22,1.0
2023-06-23,1.0
2023-06-26,1.0
2023-06-27,1.0
2023-06-28,1.0
2023-06-29,1.0
2023-06-30,1.0
2023-07-03,1.0
2023-07-05,1.0
2023-07-06,1.0
2023-07-07,1.0
2023-07-10,1.0
2023-07-11,1.0
2023-07-12,1.0
2023-07-13,1.0
2023-07-14,1.0
2023-07-17,1.0
2023-07-18,1.0
2023-07-19,1.0
2023-07-20,1.0
2023-07-21,1.0
2023-07-24,1.0
2023-07-25,1.0
2023-07-26,1.0
2023-07-27,1.0
2023-07-28,1.0
2023-07-31,1.0
2023-08-01,1.0
2023-08-02,1.0
2023-08-03,0.9994975682478602
2023-08-04,0.9770960299831511
2023-08-07,0.959002819617859
2023-08-08,0.9504277024783754
2023-08-09,0.9317487866360545
2023-08-10,0.8953405173884544
2023-08-11,0.8716105694755611
2023-08-14,0.8333573626789719
2023-08-15,0.7990852501030263
2023-08-16,0.7466222223877648
2023-08-17,0.6835973317975084
2023-08-18,0.6238010422707732
2023-08-21,0.5742332393628486
2023-08-22,0.5154798876439497
2023-08-23,0.4852853714490564
2023-08-24,0.5295962092748269
2023-08-25,0.5378403380377741
2023-08-28,0.5623480769981668
2023-08-29,0.5998402493982758
2023-08-30,0.6877757430117379
2023-08-31,0.7419063317890975
2023-09-01,0.8395899787304881
2023-09-05,0.9131125181949635
2023-09-06,0.9513595539091355
2023-09-07,0.919832077155544
2023-09-08,0.8668336572281005
2023-09-11,0.8174653101708784
2023-09-12,0.7917215720612509
2023-09-13,0.7668777630016026
2023-09-14,0.7645960412612467
2023-09-15,0.7849319229490691
2023-09-18,0.7689561175013491
2023-09-19,0.7451617162840718
2023-09-20,0.7293890417892799
2023-09-21,0.6864850578274508
2023-09-22,0.6086213224397174
2023-09-25,0.5629693346290132
2023-09-26,0.5070518620081083
2023-09-27,0.450669531157455
2023-09-28,0.41604527463587343
2023-09-29,0.4061263285906579
2023-10-02,0.3930975544171864
2023-10-03,0.3805965251682172
2023-10-04,0.3662180477224369
2023-10-05,0.3604287358690553
2023-10-06,0.3499891457290465
2023-10-09,0.3474419167643873
2023-10-10,0.35555316930506364
2023-10-11,0.37737078348836206
2023-10-12,0.39951643877103293
2023-10-13,0.41630110206876286
2023-10-16,0.4305978670080052
2023-10-17,0.4383213137316167
2023-10-18,0.4414589548922831
2023-10-19,0.43150221883237994
2023-10-20,0.42311530362603234
2023-10-23,0.40559155061317276
2023-10-24,0.3877623186537911
2023-10-25,0.37807303481275795
2023-10-26,0.3620564209147685
2023-10-27,0.3466137005380688
2023-10-30,0.33794123954599453
2023-10-31,0.331464840949122
2023-11-01,0.320194914033668
2023-11-02,0.33066433626943426
2023-11-03,0.3592613385085405
2023-11-06,0.3939748635111808
2023-11-07,0.42347984703835395
2023-11-08,0.45641257722684986
2023-11-09,0.48534844729201065
2023-11-10,0.48936453775402794
2023-11-13,0.5049593002925027
2023-11-14,0.520389144399928
2023-11-15,0.6046826006937295
2023-11-16,0.6766782300176037
2023-11-17,0.7806899218547876
2023-11-20,0.8688532268331409
2023-11-21,0.9582299133322252
2023-11-22,0.9742463474333712
2023-11-24,0.9972008374535447
2023-11-27,1.0
2023-11-28,1.0
2023-11-29,1.0
2023-11-30,1.0
2023-12-01,1.0
2023-12-04,1.0
2023-12-05,1.0
2023-12-06,1.0
2023-12-07,1.0
2023-12-08,1.0
2023-12-11,1.0
2023-12-12,1.0
2023-12-13,1.0
2023-12-14,1.0
2023-12-15,1.0
2023-12-18,1.0
2023-12-19,1.0
2023-12-20,1.0
2023-12-21,1.0
2023-12-22,1.0
2023-12-26,1.0
2023-12-27,1.0
2023-12-28,1.0
2023-12-29,1.0
2024-01-02,1.0
2024-01-03,1.0
2024-01-04,1.0
2024-01-05,1.0
2024-01-08,1.0
2024-01-09,1.0
2024-01-10,1.0
2024-01-11,1.0
2024-01-12,1.0
2024-01-16,1.0
2024-01-17,1.0
2024-01-18,1.0
2024-01-19,1.0
2024-01-22,1.0
2024-01-23,1.0
2024-01-24,1.0
2024-01-25,1.0
2024-01-26,1.0
2024-01-29,1.0
2024-01-30,1.0
2024-01-31,1.0
2024-02-01,1.0
2024-02-02,1.0
2024-02-05,1.0
2024-02-06,1.0
2024-02-07,1.0
2024-02-08,1.0
2024-02-09,1.0
2024-02-12,1.0
2024-02-13,1.0
2024-02-14,1.0
2024-02-15,1.0
2024-02-16,1.0
2024-02-20,1.0
2024-02-21,1.0
2024-02-22,1.0
2024-02-23,1.0
2024-02-26,1.0
2024-02-27,1.0
2024-02-28,1.0
2024-02-29,1.0
2024-03-01,1.0
2024-03-04,1.0
2024-03-05,1.0
2024-03-06,1.0
2024-03-07,1.0
2024-03-08,1.0
2024-03-11,1.0
2024-03-12,1.0
2024-03-13,1.0
2024-03-14,1.0
2024-03-15,1.0
2024-03-18,1.0
2024-03-19,1.0
2024-03-20,1.0
2024-03-21,1.0
2024-03-22,1.0
2024-03-25,1.0
2024-03-26,1.0
2024-03-27,1.0
2024-03-28,1.0
2024-04-01,1.0
2024-04-02,1.0
2024-04-03,1.0
2024-04-04,1.0
2024-04-05,1.0
2024-04-08,1.0
2024-04-09,1.0
2024-04-10,1.0
2024-04-11,1.0
2024-04-12,1.0
2024-04-15,1.0
2024-04-16,1.0
2024-04-17,1.0
2024-04-18,0.9974143189972302
2024-04-19,0.9843253926675215
2024-04-22,0.9466150639428157
2024-04-23,0.9096324595086948
2024-04-24,0.8974173973225996
2024-04-25,0.8839276176323928
2024-04-26,0.8698219715882936
2024-04-29,0.9075323003129995
2024-04-30,0.9445149047471204
2024-05-01,0.9178627035318299
2024-05-02,0.8953040683241505
2024-05-03,0.906216629476931
2024-05-06,0.906216629476931
2024-05-07,0.906216629476931
2024-05-08,0.9450838928783167
2024-05-09,0.9837179887789727
2024-05-10,1.0
2024-05-13,1.0
2024-05-14,1.0
2024-05-15,1.0
2024-05-16,1.0
2024-05-17,1.0
2024-05-20,1.0
2024-05-21,1.0
2024-05-22,1.0
2024-05-23,1.0
2024-05-24,1.0
2024-05-28,1.0
2024-05-29,1.0
2024-05-30,1.0
2024-05-31,1.0
2024-06-03,1.0
2024-06-04,1.0
2024-06-05,1.0
2024-06-06,1.0
2024-06-07,1.0
2024-06-10,1.0
2024-06-11,1.0
2024-06-12,1.0
2024-06-13,1.0
2024-06-14,1.0
2024-06-17,1.0
2024-06-18,1.0
2024-06-20,1.0
2024-06-21,1.0
2024-06-24,1.0
2024-06-25,1.0
2024-06-26,1.0
2024-06-27,1.0
2024-06-28,1.0
2024-07-01,1.0
2024-07-02,1.0
2024-07-03,1.0
2024-07-05,1.0
2024-07-08,1.0
2024-07-09,1.0
2024-07-10,1.0
2024-07-11,1.0
2024-07-12,1.0
2024-07-15,1.0
2024-07-16,1.0
2024-07-17,1.0
2024-07-18,1.0
2024-07-19,1.0
2024-07-22,1.0
2024-07-23,1.0
2024-07-24,1.0
2024-07-25,0.9682109284455669
2024-07-26,0.9209896961586252
2024-07-29,0.9017886353685653
2024-07-30,0.8874530495674934
2024-07-31,0.8661850618822464
2024-08-01,0.8979741334366796
2024-08-02,0.9451953657236212
2024-08-05,0.9598355844414682
2024-08-06,0.9203603013497912
2024-08-07,0.8804676678600674
2024-08-08,0.7985216896230906
2024-08-09,0.761209002412965
2024-08-12,0.7444345685117671
2024-08-13,0.791432058700664
2024-08-14,0.8525926798756348
2024-08-15,0.9345386581126116
2024-08-16,0.9718513453227372
2024-08-19,0.9931866212961479
2024-08-20,1.0
2024-08-21,1.0
2024-08-22,1.0
2024-08-23,1.0
2024-08-26,1.0
2024-08-27,1.0
2024-08-28,1.0
2024-08-29,1.0
2024-08-30,1.0
2024-09-03,1.0
2024-09-04,1.0
2024-09-05,1.0
2024-09-06,1.0
2024-09-09,1.0
2024-09-10,1.0
2024-09-11,1.0
2024-09-12,1.0
2024-09-13,1.0
2024-09-16,1.0
2024-09-17,1.0
2024-09-18,1.0
2024-09-19,1.0
2024-09-20,1.0
2024-09-23,1.0
2024-09-24,1.0
2024-09-25,1.0
2024-09-26,1.0
2024-09-27,1.0
2024-09-30,1.0
2024-10-01,1.0
2024-10-02,1.0
2024-10-03,1.0
2024-10-04,1.0
2024-10-07,1.0
2024-10-08,1.0
2024-10-09,1.0
2024-10-10,1.0
2024-10-11,1.0
2024-10-14,1.0
2024-10-15,1.0
2024-10-16,1.0
2024-10-17,1.0
2024-10-18,1.0
2024-10-21,1.0
2024-10-22,1.0
2024-10-23,1.0
2024-10-24,1.0
2024-10-25,1.0
2024-10-28,1.0
2024-10-29,1.0
2024-10-30,1.0
2024-10-31,1.0
2024-11-01,1.0
2024-11-04,1.0
2024-11-05,1.0
2024-11-06,1.0
2024-11-07,1.0
2024-11-08,1.0
2024-11-11,1.0
2024-11-12,1.0
2024-11-13,1.0
2024-11-14,1.0
2024-11-15,1.0
2024-11-18,0.9918232733753
2024-11-19,0.9918232733753
2024-11-20,0.9918232733753
2024-11-21,0.9918232733753
2024-11-22,0.9918232733753
2024-11-25,1.0
2024-11-26,1.0
2024-11-27,1.0
2024-11-29,1.0
2024-12-02,1.0
2024-12-03,1.0
2024-12-04,1.0
2024-12-05,1.0
2024-12-06,1.0
2024-12-09,1.0
2024-12-10,1.0
2024-12-11,1.0
2024-12-12,1.0
2024-12-13,1.0
2024-12-16,1.0
2024-12-17,1.0
2024-12-18,1.0
2024-12-19,0.9654698842938462
2024-12-20,0.9098148344004915
2024-12-23,0.887273606207235
2024-12-24,0.8657678167120345
2024-12-26,0.8657678167120345
2024-12-27,0.9002979324181883
2024-12-30,0.9292848867020018
2024-12-31,0.9070312258465076
2025-01-02,0.8703858805777429
2025-01-03,0.8178741989495771
2025-01-06,0.7840329020593384
2025-01-07,0.7879691266569524
2025-01-08,0.7730899465122252
2025-01-10,0.7779473823743931
2025-01-13,0.7482793004901378
2025-01-14,0.6877568221336159
2025-01-15,0.6164822757213624
2025-01-16,0.6396224531511763
2025-01-17,0.6585124672839997
2025-01-21,0.7278578188069367
2025-01-22,0.8222215940536973
2025-01-23,0.9162280114778779
2025-01-24,0.952761903241542
2025-01-27,0.9871655880105159
2025-01-28,0.9926059351972049
2025-01-29,0.9926059351972049
2025-01-30,0.9926059351972049
2025-01-31,0.9926059351972049
2025-02-03,0.9926059351972049
2025-02-04,1.0
2025-02-05,1.0
2025-02-06,1.0
2025-02-07,1.0
2025-02-10,1.0
2025-02-11,1.0
2025-02-12,1.0
2025-02-13,1.0
2025-02-14,1.0
2025-02-18,1.0
2025-02-19,1.0
2025-02-20,1.0
2025-02-21,1.0
2025-02-24,1.0
2025-02-25,1.0
2025-02-26,1.0
2025-02-27,1.0
2025-02-28,1.0
2025-03-03,1.0
2025-03-04,1.0
2025-03-05,1.0
2025-03-06,1.0
2025-03-07,0.9709094543295486
2025-03-10,0.9483985715577493
2025-03-11,0.8797563777779654
2025-03-12,0.7997321601975383
2025-03-13,0.7289604026740031
2025-03-14,0.6813668339330472
2025-03-17,0.6558554401721675
2025-03-18,0.7019453750776539
2025-03-19,0.7597699501582453
2025-03-20,0.8305417076817806
2025-03-21,0.9072258220931879
2025-03-24,0.9391847153774483
2025-03-25,0.9588941324178668
2025-03-26,0.9810937749177022
2025-03-27,0.9592563060131118
2025-03-28,0.9545291296257006
2025-03-31,0.9516361850974905
2025-04-01,0.9544790269313695
2025-04-02,0.9544790269313695
2025-04-03,0.9763164958359601
2025-04-04,0.9340921808954356
2025-04-07,0.8349801277614824
2025-04-08,0.6993977042334374
2025-04-09,0.5541185740672253
2025-04-10,0.48710667349476855
2025-04-11,0.4308495312834328
2025-04-14,0.5011160658026759
2025-04-15,0.5988165098788756
2025-04-16,0.7149447400707214
2025-04-17,0.749711147823976
2025-04-21,0.8030076888110216
2025-04-22,0.7658793191644226
2025-04-23,0.7536934802546624
2025-04-24,0.7546482351972275
2025-04-25,0.7868937280164292
2025-04-28,0.8368058205686554
2025-04-29,0.9217360366065931
2025-04-30,0.9718038549681985
2025-05-01,1.0
2025-05-02,1.0
2025-05-05,1.0
2025-05-06,1.0
2025-05-07,1.0
2025-05-08,1.0
2025-05-09,1.0
2025-05-12,1.0
2025-05-13,1.0
2025-05-14,1.0
2025-05-15,1.0
2025-05-16,1.0
2025-05-19,1.0
2025-05-20,1.0
2025-05-21,1.0
2025-05-22,1.0
2025-05-23,1.0
2025-05-27,1.0
2025-05-28,1.0
2025-05-29,1.0
2025-05-30,1.0
2025-06-02,1.0
2025-06-03,1.0
2025-06-04,1.0
2025-06-05,1.0
2025-06-06,1.0
2025-06-09,1.0
2025-06-10,1.0
2025-06-11,1.0
2025-06-12,1.0
2025-06-13,1.0
2025-06-16,1.0
2025-06-17,1.0
2025-06-18,1.0
2025-06-20,1.0
2025-06-23,1.0
2025-06-24,1.0
2025-06-25,1.0
2025-06-26,1.0
2025-06-27,1.0
2025-06-30,1.0
2025-07-01,1.0
2025-07-02,1.0
2025-07-03,1.0
2025-07-07,1.0
2025-07-08,1.0
2025-07-09,1.0
2025-07-10,1.0
2025-07-11,1.0
2025-07-14,1.0
2025-07-15,1.0
2025-07-16,1.0
2025-07-17,1.0
2025-07-18,1.0
2025-07-21,1.0
2025-07-22,1.0
2025-07-23,1.0
2025-07-24,1.0
2025-07-25,1.0
2025-07-28,1.0
2025-07-29,1.0
2025-07-30,1.0
2025-07-31,1.0
2025-08-01,1.0
2025-08-04,1.0
2025-08-05,1.0
2025-08-06,1.0
2025-08-07,1.0
2025-08-08,1.0
2025-08-11,1.0
2025-08-12,1.0
2025-08-13,1.0
2025-08-14,1.0
2025-08-15,1.0
2025-08-18,1.0
2025-08-19,1.0
2025-08-20,1.0
2025-08-21,1.0
2025-08-22,1.0
2025-08-25,1.0
2025-08-26,1.0
2025-08-27,1.0
2025-08-28,1.0
2025-08-29,1.0
2025-09-02,1.0
2025-09-03,1.0
2025-09-04,1.0
2025-09-05,1.0
2025-09-08,1.0
2025-09-09,1.0
2025-09-10,1.0
2025-09-11,1.0
2025-09-12,1.0
2025-09-15,1.0
2025-09-16,1.0
2025-09-17,1.0
2025-09-18,1.0
2025-09-19,1.0
2025-09-22,1.0
2025-09-23,1.0
2025-09-24,1.0
2025-09-25,1.0
2025-09-26,1.0
2025-09-29,1.0
2025-09-30,1.0
2025-10-01,1.0
2025-10-02,1.0
2025-10-03,1.0
2025-10-06,1.0
2025-10-07,1.0
2025-10-08,1.0
2025-10-09,1.0
2025-10-10,1.0
2025-10-13,1.0
2025-10-14,1.0
2025-10-15,1.0
2025-10-16,1.0
2025-10-17,1.0
2025-10-20,1.0
2025-10-21,1.0
2025-10-22,1.0
2025-10-23,1.0
2025-10-24,1.0
2025-10-27,1.0
2025-10-28,1.0
2025-10-29,1.0
2025-10-30,1.0
2025-10-31,1.0
2025-11-03,1.0
2025-11-04,1.0
2025-11-05,1.0
2025-11-06,1.0
2025-11-07,1.0
2025-11-10,1.0
2025-11-11,1.0
2025-11-12,1.0
2025-11-13,1.0
2025-11-14,1.0
2025-11-17,1.0
2025-11-18,1.0
2025-11-19,0.9859752099076156
2025-11-20,0.9798969923633312
2025-11-21,0.9423558567068893
2025-11-24,0.9202932805743675
2025-11-25,0.9202932805743675
2025-11-26,0.934318070666752
2025-11-28,0.9403962882110362
2025-12-01,0.9779374238674782
2025-12-02,1.0
2025-12-03,1.0
2025-12-04,1.0
2025-12-05,1.0
2025-12-08,1.0
2025-12-09,1.0
2025-12-10,1.0
2025-12-11,1.0
2025-12-12,1.0
2025-12-15,1.0
2025-12-16,1.0
2025-12-17,1.0
2025-12-18,1.0
2025-12-19,1.0
2025-12-22,1.0
2025-12-23,1.0
2025-12-24,1.0
2025-12-26,1.0
2025-12-29,1.0
2025-12-30,1.0
2025-12-31,1.0
2026-01-02,1.0
2026-01-05,1.0
2026-01-06,1.0
2026-01-07,1.0
2026-01-08,1.0
2026-01-09,1.0
2026-01-12,1.0
2026-01-13,1.0
2026-01-14,1.0
2026-01-15,1.0
2026-01-16,1.0
2026-01-20,1.0
2026-01-21,1.0
2026-01-22,1.0
2026-01-23,1.0
2026-01-26,1.0
2026-01-27,1.0
2026-01-28,1.0
2026-01-29,1.0
2026-01-30,1.0
2026-02-02,1.0
2026-02-03,1.0
2026-02-04,1.0
2026-02-05,0.9942568783524885
2026-02-06,0.9602759563861601
2026-02-09,0.9602759563861601
2026-02-10,0.9602759563861601
2026-02-11,0.9602759563861601
2026-02-12,0.9660190780336716
2026-02-13,1.0
2026-02-17,1.0
2026-02-18,1.0
2026-02-19,1.0
2026-02-20,1.0
2026-02-23,1.0
2026-02-24,1.0
2026-02-25,1.0
2026-02-26,1.0
2026-02-27,1.0
2026-03-02,1.0
2026-03-03,1.0
2026-03-04,1.0
2026-03-05,1.0
2026-03-06,1.0
2026-03-09,1.0
2026-03-10,1.0
2026-03-11,1.0
2026-03-12,1.0
2026-03-13,0.9712471221506084
2026-03-16,0.9160038188960031
2026-03-17,0.8857584902010863
2026-03-18,0.8633094289973273
2026-03-19,0.7886810948825443
2026-03-20,0.7166917907551107
2026-03-23,0.654325625539066
2026-03-24,0.5688989334502994
2026-03-25,0.47262889295373967
2026-03-26,0.4377475886648693
2026-03-27,0.41264515401655244
2026-03-30,0.40167420851401037
2026-03-31,0.3898024818045546
2026-04-01,0.3986338717249525
2026-04-02,0.40480203089496636
