permutation,null_sr,null_dsr,null_mdd,null_dmdd
0,0.8202014660609006,-0.09161000906618055,-0.45646975197390416,-0.014669769143900946
1,0.9132115063147133,0.0014000311876321003,-0.4218685348663447,0.019931447963658533
2,0.860537793602769,-0.05127368152431211,-0.42272972444104373,0.019070258388959482
3,0.8910568066487602,-0.02075466847832097,-0.42609623467618574,0.015703748153817476
4,0.8370224863913454,-0.0747889887357358,-0.4227297244410436,0.019070258388959593
5,0.9413852396887495,0.02957376456166838,-0.4452962090034094,-0.0034962261734061695
6,0.8982001636964938,-0.013611311430587358,-0.44046574558660734,0.001334237243395875
7,0.9231750510647184,0.01136357593763726,-0.42272972444104373,0.019070258388959482
8,0.8316024953392015,-0.08020897978787966,-0.4395754147074862,0.0022245681225170344
9,0.870217407925465,-0.04159406720161618,-0.4222718373649933,0.019528145465009916
10,1.0030941481767321,0.09128267304965099,-0.4354972108778705,0.006302771952132691
11,0.8723382645213896,-0.03947321060569153,-0.43796851835817263,0.0038314644718305813
12,1.0087234753248493,0.09691200019776813,-0.43413469725084675,0.007665285579156467
13,1.0592130760510026,0.1474016009239214,-0.36502286359337555,0.07677711923662767
14,0.8865121560251898,-0.025299319101891315,-0.44398914246881094,-0.002189159638807725
15,0.837311247752651,-0.07450022737443018,-0.44354004797242175,-0.0017400651424185343
16,0.8571126327769142,-0.054698842350166976,-0.45060998801499474,-0.008810005184991532
17,0.8090583966339591,-0.1027530784931221,-0.42153404308127607,0.020265939748727146
18,0.9170676704943722,0.00525619536729105,-0.4428769029220385,-0.001076920092035305
19,0.9108757297215776,-0.000935745405503563,-0.45445479542612444,-0.012654812596121223
20,0.8744095977309948,-0.03740187739608636,-0.436107826188495,0.005692156641508239
21,0.8584707734793551,-0.053340701647726085,-0.41939174713391025,0.02240823569609296
22,0.8722770029522753,-0.03953447217480588,-0.4418206737260968,-2.0690896093578104e-05
23,0.8113394614815732,-0.10047201364550795,-0.4379469740501767,0.003853008779826528
24,0.8301611596374394,-0.08165031548964174,-0.41915344101835705,0.02264654181164616
25,0.9808454891275106,0.06903401400042941,-0.41734234608535736,0.02445763674464585
26,0.892324149718814,-0.019487325408267142,-0.43087554042882226,0.010924442401180956
27,0.9286826069823859,0.016871131855304755,-0.42272972444104395,0.01907025838895926
28,0.941899482230961,0.03008800710387982,-0.42272972444104373,0.019070258388959482
29,0.8057098270057277,-0.10610164812135348,-0.44417532667124093,-0.0023753438412377204
30,0.8823369968557179,-0.02947447827136329,-0.42272972444104373,0.019070258388959482
31,1.0228486743365288,0.11103719920944766,-0.4306216129749054,0.011178369855097792
32,0.8945134557917571,-0.017298019335324044,-0.44492829168546555,-0.003128308855462336
33,0.9589097623937656,0.04709828726668441,-0.4193917471339099,0.022408235696093293
34,0.8494417359800915,-0.06236973914698962,-0.44776876368841567,-0.005968780858412459
35,0.9178896185243379,0.006078143397256763,-0.4530687099045654,-0.011268727074562168
36,0.8675511574055746,-0.044260317721506515,-0.451422836593363,-0.009622853763359807
37,0.8625080474419503,-0.04930342768513085,-0.41316570013375864,0.028634282696244573
38,0.7863712499912475,-0.12544022513583364,-0.41167453283526345,0.03012544999473976
39,0.8952545725891533,-0.016556902537927853,-0.3931451927456404,0.0486547900843628
40,0.8599620619382686,-0.05184941318881253,-0.4384185503281063,0.0033814325018969305
41,0.8671245676925532,-0.04468690743452797,-0.4227297244410436,0.019070258388959593
42,0.933534863758292,0.021723388631210816,-0.3845311242143544,0.05726885861564879
43,0.8516225587735279,-0.06018891635355328,-0.42272972444104373,0.019070258388959482
44,0.8137312791867496,-0.09808019594033157,-0.44028590808797363,0.0015140747420295808
45,0.9871043095864366,0.07529283445935542,-0.433028674501744,0.00877130832825923
46,0.8824690791308515,-0.029342395996229675,-0.41595305932918347,0.02584692350081974
47,0.8295259990675808,-0.08228547605950032,-0.4426102376884027,-0.0008102548583994729
48,0.9044472490029513,-0.007364226124129902,-0.43876580708346913,0.0030341757465340846
49,0.9365921979885751,0.02478072286149391,-0.42272972444104373,0.019070258388959482
50,0.8634143885431433,-0.04839708658393782,-0.4450263658586908,-0.003226383028687607
51,0.8490066542415936,-0.06280482088548756,-0.4501867774779831,-0.008386794647979867
52,0.8549712023601289,-0.05684027276695225,-0.43957980776313377,0.0022201750668694453
53,0.8150077316121749,-0.09680374351490628,-0.42750832665434224,0.014291656175660972
54,0.969584118618626,0.05777264349154487,-0.4227297244410436,0.019070258388959593
55,0.982310402332692,0.0704989272056108,-0.40375089913927853,0.03804908369072468
56,0.878495920161359,-0.03331555496572214,-0.4349663263442758,0.006833656485727424
57,0.8516568588293294,-0.06015461629775176,-0.42272972444104384,0.01907025838895937
58,0.9235344859949461,0.01172301086786498,-0.4020561367712471,0.03974384605875614
59,0.8617763909441367,-0.050035084182944445,-0.4388456281272608,0.002954354702742412
60,0.9025415504650869,-0.009269924661994278,-0.44087408074536993,0.0009259020846332788
61,0.7821403549901267,-0.12967112013695448,-0.42272972444104373,0.019070258388959482
62,0.874634841399013,-0.03717663372806812,-0.42272972444104384,0.01907025838895937
63,0.8935211693459549,-0.018290305781126226,-0.4238083750095164,0.01799160782048681
64,0.9247045556807758,0.012893080553694647,-0.44943851866846996,-0.007638535838466742
65,0.8636630062641937,-0.048148468862887484,-0.42272972444104395,0.01907025838895926
66,0.858190597072317,-0.05362087805476412,-0.43762392297170305,0.004176059858300163
67,0.8984468283577861,-0.013364646769295052,-0.42072177319765836,0.021078209632344858
68,0.9119192851654886,0.00010781003840742986,-0.4338090478950246,0.0079909349349786
69,0.8237112306745871,-0.08810024445249409,-0.45142862375566384,-0.009628640925660625
70,0.8939418453353465,-0.017869629791734676,-0.4650365756997593,-0.0232365928697561
71,0.8991414646466097,-0.01267001048047145,-0.4551925179664631,-0.013392535136459882
72,0.9422769778301783,0.030465502703097114,-0.4247315201529973,0.017068462677005902
73,0.8221301899151148,-0.08968128521196639,-0.4341469277519697,0.007653055078033488
74,0.8854341181882958,-0.0263773569387854,-0.4227297244410436,0.019070258388959593
75,0.890354853173481,-0.021456621953600208,-0.4793134558036004,-0.037513472973597195
76,0.8241293422613286,-0.08768213286575255,-0.44880364939923234,-0.007003666569229128
77,0.8616930576466812,-0.05011841748039991,-0.44058577979054925,0.001214203039453965
78,0.9648680311696003,0.05305655604251913,-0.4245296351786395,0.017270347651363704
79,0.9071629467015366,-0.004648528425544529,-0.4227297244410436,0.019070258388959593
80,0.8473959923619206,-0.06441548276516051,-0.41999850727138843,0.02180147555861478
81,0.8596898072194941,-0.0521216679075871,-0.4381333148396426,0.003666667990360639
82,0.896982921773689,-0.014828553353392171,-0.4614855727725149,-0.019685589942511683
83,0.9056295730711114,-0.006181902055969801,-0.4327441561534502,0.009055826676553025
84,0.8916521745596105,-0.020159300567470617,-0.42695909274135113,0.014840890088652081
85,0.9178089165895714,0.0059974414624902606,-0.4227297244410436,0.019070258388959593
86,0.8898663792382835,-0.021945095888797672,-0.42351285095176594,0.018287131878237273
87,0.8128198578389475,-0.09899161728813366,-0.42272972444104384,0.01907025838895937
88,0.8555745728908764,-0.05623690223620481,-0.42272972444104384,0.01907025838895937
89,0.9461579140863371,0.03434643895925593,-0.4227297244410436,0.019070258388959593
90,0.9211543447898832,0.009342869662802067,-0.42272972444104373,0.019070258388959482
91,0.9115033482045218,-0.0003081269225593264,-0.413056688147174,0.028743294682829212
92,0.7260831630670755,-0.18572831206000562,-0.43992212512993,0.0018778577000732044
93,0.9516930971652308,0.0398816220381496,-0.4325846264922888,0.00921535633771442
94,0.8752334351484415,-0.03657803997863962,-0.42272972444104373,0.019070258388959482
95,0.9059932488746977,-0.005818226252383485,-0.4414926586816825,0.0003073241483206868
96,0.8889106371713396,-0.022900837955741604,-0.4434144093015947,-0.0016144264715914902
97,0.86172354074184,-0.05008793438524117,-0.44014826297830245,0.0016517198517007614
98,0.8206376511561133,-0.09117382397096785,-0.4234345285336337,0.018365454296369488
99,0.8558356126771929,-0.05597586244988828,-0.4408374253381101,0.0009625574918931123
100,0.9930152822704331,0.08120380714335196,-0.44579021516365835,-0.0039902323336551415
101,0.8790401841581489,-0.032771290968932276,-0.4227297244410435,0.019070258388959704
102,0.9894873449692264,0.07767586984214525,-0.45054506510302517,-0.008745082273021954
103,0.8402677301998727,-0.0715437449272085,-0.4227000820365622,0.019099900793441038
104,0.8976064419506146,-0.014205033176466597,-0.46978965989927723,-0.02798967706927402
105,0.9239330597918897,0.012121584664808505,-0.42272972444104384,0.01907025838895937
106,0.8089100791748266,-0.10290139595225456,-0.44179982801121553,1.5481878767875656e-07
107,0.9081027984007864,-0.003708676726294713,-0.39989032078219233,0.04190966204781088
108,0.7818134842774184,-0.1299979908496628,-0.44124821150105775,0.0005517713289454607
109,0.8187554362437967,-0.09305603888328451,-0.44550083216676883,-0.0037008493367656214
110,0.7991232304778599,-0.11268824464922123,-0.4535043953941621,-0.011704412564158884
111,0.8813425167040225,-0.030468958423058634,-0.4232356766908014,0.01856430613920179
112,0.8784133972894534,-0.033398077837627715,-0.4241630819181468,0.017636900911856435
113,0.9080729635955869,-0.003738511531494293,-0.4276786289597868,0.014121353870216402
114,0.9389596424334565,0.02714816730637537,-0.42272972444104373,0.019070258388959482
115,0.8948829257856562,-0.01692854934142496,-0.4417997582057631,2.2462424009717097e-07
116,0.914756989803132,0.0029455146760508644,-0.44495747270451214,-0.003157489874508923
117,0.8536947266739923,-0.058116748453088896,-0.43432476547502274,0.007475217354980468
118,0.9247341148069937,0.012922639679912584,-0.4409799603999436,0.0008200224300596304
119,0.86530281456557,-0.04650866056151115,-0.4480990900631534,-0.006299107233150192
120,0.8509136866568757,-0.06089778847020544,-0.42272972444104373,0.019070258388959482
121,0.9467256233610069,0.03491414823392569,-0.43824401956318004,0.00355596326682317
122,0.9462184823741782,0.034407007247097,-0.4475723833474582,-0.005772400517454979
123,0.8602692482278288,-0.051542226899252364,-0.4596603383462732,-0.017860355516269966
124,0.8191692770198019,-0.09264219810727925,-0.44425422687636684,-0.0024542440463636295
125,0.8832965755108891,-0.028514899616192024,-0.4110704045587238,0.030729578271279423
126,0.7957439452752485,-0.11606752985183266,-0.42725718025624937,0.014542802573753844
127,0.860478447344825,-0.051333027782256124,-0.4384734658686251,0.00332651696137809
128,0.923865551669788,0.012054076542706849,-0.45732901562793893,-0.015529032797935716
129,0.9206309126305063,0.008819437503425176,-0.42272972444104384,0.01907025838895937
130,0.903745264435698,-0.008066210691383136,-0.43556866254942006,0.0062313202805831525
131,0.969821778931968,0.05801030380488681,-0.38055731741593013,0.06124266541407308
132,0.9692793159929814,0.05746784086590029,-0.3697283887165683,0.07207159411343489
133,0.8483139127678225,-0.06349756235925863,-0.42272972444104373,0.019070258388959482
134,0.9524781130896234,0.04066663796254222,-0.44050863867747303,0.0012913441525301828
135,0.8639018665898461,-0.04790960853723503,-0.4220423641961709,0.019757618633832297
136,0.8691646050566583,-0.04264687007042289,-0.4384501083602925,0.0033498744697106897
137,0.8387624830305791,-0.07304899209650206,-0.42345082708241566,0.018349155747587553
138,0.9436115072297186,0.03180003210263749,-0.4450705713236489,-0.0032705884936456986
139,0.9514825595682692,0.039671084441188054,-0.3781589486843284,0.06364103414567479
140,0.8789596740930268,-0.032851801034054384,-0.4467345010826649,-0.004934518252661668
141,0.814874776287757,-0.09693669883932421,-0.4433206338204674,-0.0015206509904641674
142,0.8716271055550525,-0.040184369572028644,-0.4287852797174506,0.013014703112552595
143,1.071335344496457,0.1595238693693759,-0.3678829015161792,0.07391708131382402
144,0.8698470654709859,-0.04196440965609527,-0.4360807375969933,0.005719245233009929
145,0.8722274862355169,-0.039583988891564226,-0.429321307177853,0.012478675652150217
146,0.9504114532061129,0.038599978079031705,-0.4438595039050697,-0.0020595210750664616
147,0.9002041170289509,-0.011607358098130294,-0.4240218670780125,0.01777811575199073
148,0.8273785905344793,-0.0844328845926019,-0.44789223854867366,-0.006092255718670447
149,0.9578017736749065,0.045990298547825326,-0.42272972444104384,0.01907025838895937
150,0.9105065175932094,-0.00130495753387172,-0.4345653873555829,0.007234595474420291
151,0.8947535408613152,-0.01705793426576596,-0.42272972444104373,0.019070258388959482
152,0.9796265303504589,0.06781505522337772,-0.4246851663375075,0.017114816492495688
153,0.9935118627025377,0.0817003875754565,-0.42272972444104373,0.019070258388959482
154,0.8775122235796105,-0.03429925154747071,-0.42272972444104384,0.01907025838895937
155,0.9296451506137069,0.017833675486625733,-0.4198973281919748,0.02190265463802843
156,0.8346353954829219,-0.07717607964415929,-0.4341671974255257,0.007632785404477538
157,0.8691650013339323,-0.0426464737931489,-0.4391133231467518,0.0026866596832514356
158,0.8094150666446337,-0.10239640848244747,-0.4364702746103444,0.005329708219658835
159,0.9285686428900741,0.016757167762992964,-0.40078075897686405,0.041019223853139164
160,0.8974164414775035,-0.014395033649577615,-0.42272972444104373,0.019070258388959482
161,0.9975363171548866,0.08572484202780539,-0.3842773229136003,0.05752265991640293
162,0.8360602884185795,-0.07575118670850167,-0.4415255438329372,0.0002744389970660288
163,0.88342614815929,-0.02838532696779117,-0.4227297244410436,0.019070258388959593
164,0.898995125097602,-0.012816350029479118,-0.42272972444104384,0.01907025838895937
165,0.9457281401896773,0.03391666506259616,-0.4246722346101258,0.017127748219877392
166,0.8539067247399356,-0.0579047503871456,-0.42272972444104384,0.01907025838895937
167,1.0536881507630202,0.1418766756359391,-0.422832474361714,0.018967508468289207
168,0.9407902832457093,0.028978808118628185,-0.41609266976147896,0.02570731306852425
169,0.8697356283888283,-0.04207584673825282,-0.42272972444104373,0.019070258388959482
170,0.85553535437456,-0.0562761207525212,-0.43296601232077336,0.00883397050922985
171,0.8416021282613522,-0.070209346865729,-0.42272972444104384,0.01907025838895937
172,0.8739879884111666,-0.03782348671591451,-0.4417300178783029,6.996495170030759e-05
173,0.831417689256285,-0.08039378587079615,-0.4154909712407826,0.02630901158922061
174,0.9345290056375961,0.02271753051051495,-0.41495630160250097,0.026843681227502247
175,0.8510574162313227,-0.06075405889575847,-0.43393740805157355,0.007862574778429665
176,0.9011936147209471,-0.010617860406134105,-0.44015267335296526,0.0016473094770379504
177,0.8529264883832454,-0.0588849867438358,-0.4227297244410435,0.019070258388959704
178,0.8656085600811398,-0.04620291504594132,-0.4440857053855003,-0.002285722555497083
179,0.9149995791771341,0.0031881040500529867,-0.4643953148507487,-0.022595332020745484
180,0.9084762147332638,-0.003335260393817374,-0.42410912259961575,0.017690860230387462
181,0.9907542263466795,0.07894275121959837,-0.4090617655782053,0.03273821725179793
182,0.9999360578141976,0.08812458268711643,-0.4084450461912592,0.033354936638744004
183,0.8782259963512812,-0.03358547877579998,-0.4389839990164969,0.0028159838135063398
184,1.0134250347462468,0.10161355961916563,-0.44019730871235707,0.0016026741176461412
185,0.888128597254316,-0.02368287787276513,-0.4234420011770035,0.018357981652999733
186,0.8305202242233106,-0.08129125090377054,-0.4422378849190005,-0.00043790208899729954
187,0.9828110536546337,0.07099957852755256,-0.42272972444104373,0.019070258388959482
188,0.9031593522980909,-0.008652122828990305,-0.44932498100043605,-0.0075249981704328395
189,0.7851894605743386,-0.12662201455274258,-0.4227297244410436,0.019070258388959593
190,0.9239843094594814,0.01217283433240024,-0.43853867011497283,0.0032613127150303844
191,0.8281337186715223,-0.08367775645555886,-0.44494174887905813,-0.003141766049054917
192,0.9137481733629436,0.0019366982358623996,-0.42272972444104384,0.01907025838895937
193,0.8517957238873876,-0.060015751239693604,-0.4227297244410435,0.019070258388959704
194,0.8797294928855697,-0.032081982241511486,-0.4456251570958225,-0.0038251742658192978
195,0.8913576173594798,-0.020453857767601336,-0.4433815631568284,-0.0015815803268252049
196,0.8535531658078498,-0.05825830931923137,-0.4302876518621679,0.011512330967835327
197,0.8808912066073186,-0.030920268519762595,-0.41794933606880513,0.02385064676119808
198,0.9596059792751734,0.047794504148092276,-0.42272972444104384,0.01907025838895937
199,0.8085980981201795,-0.1032133770069017,-0.44178756377877626,1.241905122695286e-05
200,0.8581863756305081,-0.053625099496573014,-0.44229293925045576,-0.0004929564204525505
201,1.046717971181164,0.1349064960540829,-0.36640896345857665,0.07539101937142656
202,0.7897757299286731,-0.1220357451984081,-0.4418331087087105,-3.312587870729633e-05
203,0.8599055730065143,-0.051905902120566894,-0.42272972444104384,0.01907025838895937
204,0.8281682994113074,-0.08364317571577373,-0.44163637077096796,0.00016361205903525633
205,0.8881342714854532,-0.023677203641627953,-0.45190194651187465,-0.01010196368187144
206,0.8214554644024189,-0.09035601072466226,-0.4476363078744142,-0.005836325044411006
207,0.8147533937757081,-0.09705808135137306,-0.42272972444104373,0.019070258388959482
208,0.8472356040572921,-0.06457587106978901,-0.4290788810077827,0.012721101822220526
209,0.9034737636291444,-0.008337711497936717,-0.43364970523264634,0.00815027759735687
210,0.8619454859194366,-0.04986598920764451,-0.4160106850266273,0.02578929780337591
211,0.9363298446736319,0.024518369546550733,-0.42400051061499233,0.01779947221501088
212,0.8947870622574985,-0.017024412869582672,-0.42914112883667044,0.012658853993332775
213,0.9337315288095327,0.021920053682451535,-0.4318998948293118,0.00990008800069142
214,0.9474848770142724,0.03567340188719126,-0.4187280533622857,0.023071929467717522
215,0.9691687529531078,0.05735727782602662,-0.42272972444104384,0.01907025838895937
216,0.8503329719908946,-0.061478503136186524,-0.42516586158710123,0.016634121242901978
217,0.9041058452222226,-0.007705629904858569,-0.44302634890680304,-0.001226366076799823
218,0.9139175742093869,0.0021060990823057457,-0.4227297244410436,0.019070258388959593
219,0.8591192030770339,-0.05269227205004723,-0.42272972444104373,0.019070258388959482
220,1.0436994922204574,0.13188801709337628,-0.4375693642771227,0.0042306185528805385
221,0.8898808178906461,-0.02193065723643506,-0.4439008845995922,-0.002100901769588992
222,0.8125947598512996,-0.09921671527578158,-0.4170745810987694,0.02472540173123383
223,0.8732292698545668,-0.038582205272514325,-0.4192776629419558,0.022522319888047426
224,0.9415793458435191,0.02976787071643794,-0.4436927137879494,-0.001892730957946176
225,0.7651384198981864,-0.14667305522889473,-0.4368991184121185,0.004900864417884732
226,0.8317349003475446,-0.08007657477953656,-0.42135038263504887,0.020449600194954343
227,0.9078818103536017,-0.0039296647734794465,-0.419929852126836,0.021870130703167234
228,0.9528731621636044,0.04106168703652324,-0.3966947827070306,0.04510520012297259
229,0.8465397073171073,-0.0652717678099739,-0.45087128997836634,-0.009071307148363128
230,0.8857703686408696,-0.026041106486211607,-0.42884352029237927,0.012956462537623947
231,0.8767891126778521,-0.03502236244922907,-0.4388227802764285,0.002977202553574698
232,0.9798118653572577,0.06800039023017657,-0.46610106691038233,-0.02430108408037912
233,0.8669545239933503,-0.044856951133730893,-0.4346964034773817,0.007103579352621514
234,0.9255518498718752,0.01374037474479406,-0.44071370330544124,0.0010862795245619727
235,0.8930763887084441,-0.01873508641863708,-0.44298047097385684,-0.0011804881438536308
236,0.8301914239522026,-0.08162005117487858,-0.4343015266961521,0.007498456133851139
237,0.8375503707811672,-0.07426110434591393,-0.4227297244410436,0.019070258388959593
238,0.8198255578973193,-0.0919859172297619,-0.4227297244410436,0.019070258388959593
239,0.9398253266337809,0.028013851506699772,-0.4371338636023999,0.004666119227603294
240,0.9385360086023183,0.026724533475237178,-0.42137331554850976,0.02042666728149345
241,0.8352093619038239,-0.07660211322325727,-0.446721310036176,-0.004921327206172776
242,0.8504169925764155,-0.06139448255066571,-0.44585063668770064,-0.004050653857697428
243,0.8824738675325007,-0.029337607594580484,-0.42272972444104384,0.01907025838895937
244,0.8163702455189233,-0.09544122960815782,-0.4476768274955535,-0.005876844665550274
245,0.9342464385030981,0.022434963376016914,-0.44964209831091595,-0.007842115480912737
246,0.80648392705704,-0.10532754807004119,-0.43144373566807603,0.010356247161927179
247,0.9614565897298517,0.049645114602770546,-0.44042417984983284,0.0013758029801703708
248,0.8422135650348236,-0.06959791009225758,-0.4348482924726149,0.006951690357388296
249,0.785920730484409,-0.12589074464267214,-0.44260412833175367,-0.0008041455017504529
250,0.8879488388822434,-0.023862636244837754,-0.42208977832080663,0.019710204509196583
251,0.8287606759685787,-0.08305079915850244,-0.4902600989383077,-0.048460116108304474
252,0.8901819341190583,-0.021629541008022835,-0.43556591637720365,0.006234066452799558
253,0.8148363775568541,-0.09697509757022704,-0.46491483973880177,-0.023114856908798553
254,0.8726194977875752,-0.03919197733950597,-0.4632800394460609,-0.021480056616057674
255,0.8111301030274954,-0.10068137209958572,-0.4390054448139924,0.002794538016010817
256,0.8706854388886455,-0.04112603623843569,-0.4227297244410436,0.019070258388959593
257,0.9229622748984397,0.011150799771358577,-0.45334711017594886,-0.011547127345945651
258,0.9632299279770578,0.05141845284997659,-0.42272972444104373,0.019070258388959482
259,0.9156591510774533,0.0038476759503721647,-0.4227297244410436,0.019070258388959593
260,0.8620385704654044,-0.04977290466167672,-0.44956343541910215,-0.00776345258909894
261,0.9407112300646773,0.02889975493759611,-0.3964616303180042,0.045338352511999025
262,0.8651595437258655,-0.04665193140121571,-0.42272972444104406,0.01907025838895915
263,0.9260017671949016,0.01419029206782041,-0.3781589486843281,0.06364103414567512
264,0.8363270760137572,-0.07548439911332394,-0.4244018312595248,0.017398151570478415
265,0.9140806254247434,0.0022691502976622813,-0.423801652117724,0.017998330712279187
266,0.879985933055825,-0.03182554207125621,-0.42272972444104384,0.01907025838895937
267,0.8644755076586002,-0.04733596746848101,-0.43636089942360057,0.005439083406402645
268,0.8894761547227682,-0.022335320404312964,-0.44126153761860243,0.0005384452114007843
269,0.9280910255751349,0.016279550448053737,-0.43205661278631025,0.009743370043692967
270,1.0411594458189635,0.1293479706918823,-0.4417999828300041,-8.881784197001252e-16
271,0.8673531299528907,-0.04445834517419045,-0.44359468570124916,-0.0017947028712459456
272,0.8607888499961927,-0.05102262513088851,-0.4444879832711417,-0.002688000441138483
273,0.7870071296829162,-0.12480434544416497,-0.42704688904924826,0.014753093780754956
274,0.869148938727512,-0.042662536399569184,-0.42272972444104384,0.01907025838895937
275,0.844297842209141,-0.06751363291794021,-0.44106191340968526,0.000738069420317955
276,0.9162306844595404,0.004419209332459206,-0.42156184807485675,0.020238134755146464
277,0.8624928155799063,-0.04931865954717485,-0.42599202772856215,0.015807955101441062
278,0.8837161407574565,-0.028095334369624636,-0.4410058047705886,0.0007941780594146186
279,0.9161177347287938,0.004306259601712603,-0.4227112160352673,0.019088766794735923
280,0.8970568587405926,-0.014754616386488562,-0.42138107539218794,0.02041890743781527
281,0.8962519944110806,-0.015559480716000551,-0.4227297244410436,0.019070258388959593
282,0.7899050303181943,-0.1219064448088869,-0.42272972444104373,0.019070258388959482
283,0.9340215602192261,0.02221008509214495,-0.4247900232641595,0.017009959565843724
284,0.8398286707098692,-0.07198280441721194,-0.4230869743440766,0.018713008485926608
285,0.8335866353016479,-0.07822483982543327,-0.4272841416527712,0.014515841177232036
286,0.9947905696458061,0.08297909451872498,-0.4478653736747237,-0.006065390844720464
287,0.9372212816764909,0.02540980654940972,-0.42272972444104373,0.019070258388959482
288,0.8902355268581543,-0.021575948268926837,-0.442755951209302,-0.0009559683792987883
289,0.8785627353113447,-0.033248739815736505,-0.44090439634788425,0.0008955864821189596
290,0.9946940959241237,0.08288262079704256,-0.42272972444104373,0.019070258388959482
291,0.8477390659065267,-0.06407240922055446,-0.43801838401158966,0.0037815988184135563
292,0.8653893518772803,-0.046422123249800884,-0.4453539979620398,-0.00355401513203657
293,0.8817014802164139,-0.030109994910667237,-0.4453554376894253,-0.0035554548594221025
294,0.8542735589726024,-0.057537916154478785,-0.4294627430666147,0.012337239763388519
295,0.9845888757848688,0.0727774006577876,-0.3905995164874375,0.0512004663425657
296,0.933636349486312,0.02182487435923086,-0.4288912577857493,0.012908725044253888
297,0.8418631840415782,-0.06994829108550293,-0.4393873712727375,0.002412611557265687
298,0.7614903194401763,-0.15032115568690485,-0.4486750970738035,-0.006875114243800273
299,0.866379554635958,-0.04543192049112321,-0.42272972444104384,0.01907025838895937
300,0.8823808637382083,-0.029430611388872818,-0.4473403263304486,-0.0055403435004454105
301,0.9359466687861016,0.024135193659020393,-0.4105755779050211,0.03122440492498213
302,0.8734233499224568,-0.03838812520462431,-0.43362935533905667,0.008170627490946547
303,0.9351819714372537,0.023370496310172517,-0.42272972444104384,0.01907025838895937
304,0.9023271718591072,-0.009484303267974004,-0.44780906922129604,-0.006009086391292828
305,0.7730464256065029,-0.13876504952057822,-0.43866712431886845,0.0031328585111347618
306,0.83844608538046,-0.07336538974662121,-0.4290614447428702,0.012738538087132989
307,0.883646204615107,-0.02816527051197415,-0.4551587638460669,-0.013358781016063692
308,1.072704274807013,0.16089279967993186,-0.4134785147221246,0.02832146810787861
309,0.9500350680361029,0.038223592909021775,-0.3900961685760128,0.0517038142539904
310,0.9998644760907508,0.08805300096366964,-0.38332774840155415,0.058472234428449066
311,0.8529515338124425,-0.058859941314638675,-0.44764665070620513,-0.005846667876201916
312,1.0616591425290407,0.14984766740195954,-0.3723159920543848,0.0694839907756184
313,1.0382041741139747,0.12639269898689354,-0.40271842534557434,0.039081557484428875
314,0.8813208804511787,-0.030490594675902427,-0.4227297244410435,0.019070258388959704
315,0.9210424496662694,0.009230974539188197,-0.42272972444104373,0.019070258388959482
316,0.7959238878870816,-0.11588758723999959,-0.4389651435486388,0.0028348392813644097
317,0.8972174516066356,-0.014594023520445587,-0.42878505239608355,0.013014930433919658
318,0.8813064401549648,-0.03050503497211632,-0.4483231490513607,-0.0065231662213575126
319,0.9392191859063704,0.027407710779289274,-0.38619395580627425,0.055606027023728966
320,0.8970663476975455,-0.01474512742953571,-0.4227297244410436,0.019070258388959593
321,0.8847392324538089,-0.02707224267327224,-0.4418113392725892,-1.1356442585985782e-05
322,0.979638354052921,0.06782687892583983,-0.3993919401019109,0.04240804272809229
323,0.9052386016652938,-0.006572873461787365,-0.4227297244410435,0.019070258388959704
324,0.9520194077868465,0.0402079326597653,-0.42272972444104373,0.019070258388959482
325,0.9211397250644938,0.009328249937412658,-0.4253201739850835,0.01647980884491973
326,1.0758269096232942,0.16401543449621303,-0.3992271379129957,0.042572844917007524
327,0.8725253440308351,-0.03928613109624601,-0.42811034285869143,0.013689639971311784
328,0.8022508283629385,-0.10956064676414268,-0.45526179996646055,-0.013461817136457332
329,0.8000158603249796,-0.11179561480210154,-0.4427689365367182,-0.0009689537067150145
330,0.8619709694730271,-0.04984050565405407,-0.4806906523179605,-0.038890669487957275
331,0.84835870026047,-0.06345277486661116,-0.4337392285115427,0.008060754318460539
332,0.9489440976842655,0.0371326225571843,-0.413534603340317,0.028265379489686215
333,0.9341852760303527,0.022373800903271568,-0.4227297244410436,0.019070258388959593
334,0.8992976487839964,-0.012513826343084733,-0.44888373030229056,-0.0070837474722873495
335,0.8917390831189231,-0.020072392008158024,-0.42272972444104384,0.01907025838895937
336,0.8309488763727919,-0.08086259875428925,-0.4397009008016317,0.0020990820283715017
337,0.8730326972771416,-0.03877877784993955,-0.43762316032455983,0.004176822505443378
338,0.8539289735031891,-0.05788250162389208,-0.4340223180171836,0.007777664812819607
339,0.8256802754732131,-0.08613119965386806,-0.4352470413529871,0.006552941477016128
340,0.98674607488903,0.07493459976194883,-0.42272972444104395,0.01907025838895926
341,0.8594804131860586,-0.05233106194102255,-0.4199298521268362,0.021870130703167012
342,0.922391909089041,0.010580433961959845,-0.4464840655598825,-0.004684082729879302
343,0.9026152686617112,-0.009196206465370005,-0.4341719055725476,0.007628077257455623
344,0.970570041508091,0.05875856638100985,-0.4313323553424404,0.010467627487562803
345,0.9596866528054461,0.04787517767836491,-0.43931225288476816,0.002487729945235051
346,0.9310602877851683,0.01924881265808709,-0.42272972444104373,0.019070258388959482
347,0.8873917840418439,-0.024419691085237227,-0.45095512675296234,-0.00915514392295913
348,0.9305184045418765,0.018706929414795348,-0.4191897378218862,0.022610245008117036
349,0.926398185709889,0.014586710582807805,-0.4227297244410436,0.019070258388959593
350,0.9308480048291926,0.01903652970211145,-0.37946558783961515,0.062334394990388065
351,0.9361552054504527,0.02434373032337156,-0.42272972444104373,0.019070258388959482
352,0.8045121008074739,-0.10729937431960723,-0.430325834742431,0.011474148087572189
353,0.8525274983871447,-0.05928397673993646,-0.4237232190901966,0.0180767637398066
354,0.9082469873681666,-0.003564487758914603,-0.39536620870278705,0.046433774127216165
355,0.835051139488618,-0.07676033563846318,-0.4699213490616184,-0.028121366231615208
356,1.0381064684828054,0.12629499335572425,-0.4164182112403262,0.025381771589677027
357,0.8621604562063929,-0.04965101892068824,-0.4148489547204972,0.026951028109506003
358,0.9623437833822858,0.050532308255204605,-0.4068061040780332,0.03499387875197002
359,0.9907394589764265,0.0789279838493453,-0.43795032037980597,0.0038496624501972443
360,0.8469856638274663,-0.06482581129961484,-0.44609157416601686,-0.004291591336013645
361,0.8849564374753791,-0.02685503765170205,-0.37054127638638257,0.07125870644362065
362,0.985480727411075,0.07366925228399379,-0.42323567669080175,0.01856430613920146
363,1.1057905034047397,0.19397902827765856,-0.36746399494498894,0.07433598788501428
364,0.8579350729056293,-0.05387640222145185,-0.4227297244410436,0.019070258388959593
365,0.8585805104484984,-0.05323096467858279,-0.42272972444104395,0.01907025838895926
366,0.8164971087682057,-0.09531436635887547,-0.4227297244410434,0.019070258388959815
367,0.929857687219209,0.018046212092127867,-0.42272972444104373,0.019070258388959482
368,0.8909757562208321,-0.020835718906249023,-0.4441038876888984,-0.0023039048588952005
369,0.8332650459752048,-0.07854642915187637,-0.4457551457467439,-0.003955162916740695
370,0.9811897548241196,0.06937827969703847,-0.44068121930481263,0.0011187635251905803
371,0.8740541368841064,-0.03775733824297478,-0.42272972444104373,0.019070258388959482
372,0.8944331595977282,-0.017378315529352983,-0.4332825308486544,0.00851745198134879
373,1.0430511205534454,0.13123964542636424,-0.36922035483513294,0.07257962799487028
374,0.817457697553238,-0.09435377757384311,-0.44179998283000377,-5.551115123125783e-16
375,0.8513912160822945,-0.06042025904478665,-0.42272972444104373,0.019070258388959482
376,0.9141033311249658,0.0022918559978846176,-0.4227297244410435,0.019070258388959704
377,0.807210403234053,-0.10460107189302814,-0.4588780026289986,-0.01707801979899537
378,0.9337712251552434,0.021959750028162195,-0.4324021105253285,0.009397872304674704
379,0.9221461705153734,0.010334695388292237,-0.42238693410673567,0.019413048723267545
380,0.8814711156832636,-0.03034035944381752,-0.4309953454802321,0.010804637349771107
381,0.8698695179119897,-0.04194195721509142,-0.42783574132433366,0.01396424150566955
382,0.8434034276481489,-0.06840804747893225,-0.4226085465933469,0.019191436236656312
383,0.8682317724594931,-0.04357970266758804,-0.4227297244410436,0.019070258388959593
384,0.9299015705312194,0.018090095404138196,-0.4355475459647715,0.006252436865231692
385,0.8054283480245504,-0.10638312710253073,-0.40512983714381867,0.03667014568618454
386,0.9065378999043936,-0.005273575222687565,-0.4115310608907372,0.030268921939266002
387,0.9228088783683858,0.010997403241304604,-0.40588193310173426,0.03591804972826895
388,0.8496368714163651,-0.06217460371071604,-0.44374834631426874,-0.001948363484265525
389,0.8728122967158799,-0.03899917841120126,-0.3846341008758116,0.05716588195419159
390,0.836301962922226,-0.07550951220485513,-0.44750561333515226,-0.005705630505149051
391,1.0004644580507043,0.08865298292362311,-0.42460923112510174,0.017190751704901475
392,0.9124743641529256,0.0006628890258444375,-0.44133902555846016,0.0004609572715430499
393,0.8951423555836086,-0.01666911954347261,-0.4452493852888202,-0.0034494024588169747
394,0.9281603341990662,0.016348859071985022,-0.42272972444104384,0.01907025838895937
395,0.8331863951640743,-0.07862507996300683,-0.4855848525030111,-0.043784869673007876
396,0.8509303040392052,-0.06088117108787594,-0.42272972444104373,0.019070258388959482
397,0.9020022034393569,-0.009809271687724275,-0.43300838343157855,0.008791599398424665
398,1.0124453247916216,0.10063384966454048,-0.4415439967153808,0.0002559861146224085
399,0.8868062245264259,-0.025005250600655282,-0.43911477891486683,0.0026852039151363805
400,0.8984938945077583,-0.013317580619322866,-0.4361835588859573,0.005616423944045934
401,0.8498822552232056,-0.061929219903875565,-0.42272972444104384,0.01907025838895937
402,0.8281580191103419,-0.08365345601673924,-0.42350904069636486,0.018290942133638355
403,0.9743081055525225,0.06249663042544129,-0.386143552609465,0.05565643022053823
404,0.8828203946704267,-0.02899108045665444,-0.4227297244410436,0.019070258388959593
405,0.9157388339546326,0.003927358827551464,-0.40912269514849964,0.032677287681503575
406,0.857088424556101,-0.05472305057098015,-0.44605293966152026,-0.004252956831517052
407,0.9101148821579806,-0.0016965929691005188,-0.39476110562865274,0.04703887720135047
408,0.9587121585306756,0.046900683403594434,-0.4418355136613348,-3.553083133156498e-05
409,0.9763082094478922,0.06449673432081104,-0.4020967189936522,0.03970326383635103
410,0.8727020689764277,-0.0391094061506535,-0.42272972444104406,0.01907025838895915
411,0.9566614237796575,0.0448499486525763,-0.4227297244410436,0.019070258388959593
412,0.8660403756653225,-0.04577109946175861,-0.4128834918620725,0.028916490967930697
413,0.915478565457057,0.0036670903299758084,-0.4191897378218866,0.022610245008116592
414,0.9195355418120837,0.007724066685002584,-0.44055576437913135,0.001244218450871859
415,0.8125058061027858,-0.09930566902429538,-0.4363784834560659,0.005421499373937322
416,0.9884937505631415,0.07668227543606032,-0.4275023021113342,0.014297680718668992
417,0.8948904158804054,-0.01692105924667575,-0.3827789135489118,0.05902106928109141
418,1.0083365438175704,0.09652506869048927,-0.37853427367279235,0.06326570915721086
419,0.8174609582296313,-0.09435051689744989,-0.441799982830004,-7.771561172376096e-16
420,0.94220178930905,0.030390314181968803,-0.42272972444104384,0.01907025838895937
421,1.0380553474256473,0.12624387229856615,-0.4324223318056891,0.009377651024314093
422,0.9110368349249286,-0.0007746402021525656,-0.4227297244410436,0.019070258388959593
423,0.8938228042368047,-0.017988670890276448,-0.4438940248618386,-0.002094042031835386
424,0.8858145331750509,-0.025996941952030284,-0.4301490964865552,0.01165088634344802
425,0.8865657827545519,-0.02524569237252927,-0.43113041918392925,0.010669563646073965
426,0.841793934112366,-0.07001754101471513,-0.44104773691498034,0.0007522459150228755
427,0.9679153190088037,0.056103843881722515,-0.4401887076117519,0.001611275218251329
428,1.0181144119952708,0.10630293686818959,-0.404167574847783,0.03763240798222023
429,0.9222825728041592,0.01047109767707799,-0.48254092168027474,-0.040740938850271524
430,0.8607563854502874,-0.05105508967679373,-0.47695651797326255,-0.03515653514325934
431,1.0235023003940549,0.11169082526697371,-0.3932228164477455,0.04857716638225773
432,0.862006436005212,-0.04980503912186918,-0.43258567341788445,0.00921430941211876
433,0.7213540698896675,-0.1904574052374136,-0.42815132715491444,0.013648655675088772
434,0.8465695913908806,-0.06524188373620055,-0.4249538722031214,0.016846110626881794
435,0.8580408388455592,-0.05377063628152201,-0.42272972444104384,0.01907025838895937
436,0.8798524938757172,-0.03195898125136398,-0.41663082641393834,0.025169156416064875
437,0.8606354948695466,-0.05117598025753456,-0.4227297244410436,0.019070258388959593
438,0.9871012276143948,0.07528975248731362,-0.43013003237118164,0.011669950458821576
439,0.9265326875018343,0.014721212374753101,-0.43948077044508493,0.002319212384918279
440,0.9073962197950682,-0.004415255332012924,-0.4227297244410436,0.019070258388959593
441,0.9784982294564712,0.06668675432939009,-0.36802388526374075,0.07377609756626247
442,0.8011432784157744,-0.11066819671130679,-0.4260910768119457,0.015708906018057522
443,0.9426889164557835,0.030877441328702293,-0.41077491890716444,0.03102506392283877
444,0.9452910101555912,0.03347953502851009,-0.4370646095066658,0.0047353733233374
445,0.9047382482338225,-0.007073226893258622,-0.42272972444104384,0.01907025838895937
446,0.9056295601006228,-0.006181915026458373,-0.42272972444104373,0.019070258388959482
447,0.9290286344927139,0.017217159365632728,-0.42272972444104373,0.019070258388959482
448,0.9473381380637176,0.03552666293663642,-0.42272972444104384,0.01907025838895937
449,0.8402327653176676,-0.07157870980941361,-0.4424973974177633,-0.0006974145877600701
450,0.9043232816362681,-0.007488193490813089,-0.44064789731982756,0.0011520855101756489
451,0.9487958014735182,0.036984326346437,-0.4227297244410436,0.019070258388959593
452,0.9511288000904147,0.03931732496333351,-0.4481077853222749,-0.006307802492271697
453,0.9362589791552547,0.024447504028173528,-0.4171260801641098,0.02467390266589342
454,0.9461916188708864,0.03438014374380527,-0.4472196867149243,-0.005419703884921079
455,0.8291544081199529,-0.08265706700712827,-0.43581189920507857,0.005988083624924645
456,0.9459672891013311,0.03415581397424994,-0.4186760272516007,0.023123955578402522
457,0.888968442089959,-0.022843033037122207,-0.41936864901711635,0.022431333812886867
458,1.0190480799039303,0.10723660477684915,-0.4579970815408201,-0.01619709871081687
459,0.8903931863286945,-0.021418288798386698,-0.439890254029922,0.001909728800081223
460,0.8855958222418752,-0.026215652885205998,-0.4600731687185332,-0.018273185888529997
461,1.0741059771790142,0.16229450205193308,-0.3892058095944524,0.05259417323555082
462,0.9799813299936909,0.06816985486660976,-0.41562352393592084,0.026176458894082377
463,0.8713782630608031,-0.040433212066278035,-0.43552505518353035,0.006274927646472861
464,0.9634070414088985,0.051595566281817384,-0.4227297244410436,0.019070258388959593
465,0.9030425837470761,-0.008768891380005028,-0.4307223491895086,0.011077633640494633
466,0.8979480280914377,-0.013863447035643461,-0.43029483195910345,0.01150515087089976
467,0.8527768679322225,-0.059034607194858646,-0.42272972444104373,0.019070258388959482
468,0.9322643286175383,0.020452853490457112,-0.42819470151032746,0.013605281319675755
469,0.8844379664399761,-0.027373508687105086,-0.4295055935471881,0.012294389282815121
470,0.9578497478296343,0.04603827270255312,-0.42272972444104373,0.019070258388959482
471,1.0589308178569905,0.14711934272990934,-0.37910519065389436,0.06269479217610885
472,0.8139223748843633,-0.09788910024271791,-0.42272972444104373,0.019070258388959482
473,0.923899759932807,0.01208828480572588,-0.43868749756344594,0.0031124852665572744
474,1.0382466993574233,0.12643522423034215,-0.41617456935993336,0.025625413470069858
475,0.8606204516434757,-0.05119102348360549,-0.4296818174424646,0.012118165387538626
476,0.8224018759505685,-0.0894095991765127,-0.43211502097321197,0.009684961856791241
477,0.998082870907768,0.08627139578068688,-0.4236667830476363,0.018133199782366938
478,0.8415308402061243,-0.07028063492095682,-0.4417999828300041,-8.881784197001252e-16
479,0.9031066277186826,-0.008704847408398608,-0.42272972444104395,0.01907025838895926
480,0.9565266756885729,0.0447152005614917,-0.38034340019361224,0.06145658263639098
481,0.8085671809621655,-0.10324429416491565,-0.42980276048694765,0.011997222343055558
482,0.9023223309013412,-0.009489144225739987,-0.42272972444104373,0.019070258388959482
483,0.9016580059360162,-0.010153469191064968,-0.43020345585172337,0.011596526978279842
484,0.8564801107447676,-0.055331364382313564,-0.42272972444104384,0.01907025838895937
485,1.0185680443900889,0.1067565692630077,-0.4043534467867197,0.03744653604328352
486,0.827630022356852,-0.08418145277022915,-0.4323390607991646,0.009460922030838592
487,0.863761598088167,-0.04804987703891417,-0.42272972444104384,0.01907025838895937
488,1.0963184417074194,0.18450696658033827,-0.4164742693655673,0.025325713464435906
489,0.9487729225064319,0.0369614473793507,-0.42272972444104384,0.01907025838895937
490,0.8955972698321554,-0.016214205294925788,-0.4362368920499252,0.005563090780077995
491,0.8318728400779916,-0.0799386350490896,-0.43946058007462074,0.0023394027553824692
492,0.9269260141743358,0.015114539047254683,-0.42272972444104384,0.01907025838895937
493,0.8409867949529258,-0.07082468017415533,-0.41495630160250097,0.026843681227502247
494,0.9531780120844994,0.04136653695741821,-0.41116102310377967,0.030638959726223547
495,1.0214741446723667,0.10966266954528558,-0.4354512111394009,0.006348771690602328
496,0.8415783593844641,-0.07023311574261704,-0.4227297244410436,0.019070258388959593
497,0.915133485818912,0.0033220106918308012,-0.42272972444104373,0.019070258388959482
498,0.9357411372686588,0.023929662141577657,-0.4226167481392259,0.019183234690777318
499,0.9014185164498154,-0.010392958677265751,-0.4423931489849514,-0.0005931661549481992
