,NOVA23
2016-01-04,1.9149549321562266e-05
2016-01-05,0.0
2016-01-06,-0.0004381000569849691
2016-01-07,0.00021909450898260907
2016-01-08,0.0
2016-01-11,0.0
2016-01-12,0.00021914954932156228
2016-01-13,-0.00021910153331927695
2016-01-14,-0.00021904651709336864
2016-01-15,0.0
2016-01-19,0.00021909450898260907
2016-01-20,0.0
2016-01-21,0.00021914954932156228
2016-01-22,-0.0004381000569849691
2016-01-25,0.00021909450898260907
2016-01-26,-0.00021904651709336864
2016-01-27,0.00021909450898260907
2016-01-28,0.0
2016-01-29,0.00021914954932156228
2016-02-01,-0.0004381000569849691
2016-02-02,0.0
2016-02-03,0.00021909450898260907
2016-02-04,0.00021914954932156228
2016-02-05,0.0
2016-02-08,-0.00021910153331927695
2016-02-09,0.00021914954932156228
2016-02-10,-0.00021910153331927695
2016-02-11,0.00021914954932156228
2016-02-12,-0.00021910153331927695
2016-02-16,0.0
2016-02-17,0.0
2016-02-18,0.00021914954932156228
2016-02-19,0.0
2016-02-22,0.0
2016-02-23,-0.00021910153331927695
2016-02-24,0.00021914954932156228
2016-02-25,-0.00021910153331927695
2016-02-26,0.0
2016-02-29,0.00021914954932156228
2016-03-01,0.0
2016-03-02,-0.00021910153331927695
2016-03-03,0.00021914954932156228
2016-03-04,-0.005408333333333259
2016-03-07,-0.006371660723680339
2016-03-08,0.005024828564672568
2016-03-09,0.0027049276725861215
2016-03-10,0.008579655638479178
2016-03-11,-0.0028341720168892914
2016-03-14,-0.005617001563495316
2016-03-15,-0.002842062525375666
2016-03-16,-0.0008071025020178757
2016-03-17,-0.002349300939720411
2016-03-18,-0.0017781346793621644
2016-03-21,-0.004525923804067689
2016-03-22,-0.0023499742076001917
2016-03-23,-0.006115855065774278
2016-03-24,0.0023089355806971135
2016-03-28,-0.0024806738202377554
2016-03-29,0.005544441268934053
2016-03-30,-0.0007397712399703771
2016-03-31,-0.0058759769524787675
2016-04-01,-0.00028339851499181723
2016-04-04,-0.007731665719158731
2016-04-05,0.0005168552231091805
2016-04-06,-0.006248579868211701
2016-04-07,0.006842226310947774
2016-04-08,0.0034973053548905675
2016-04-11,0.0012072434607646176
2016-04-12,0.005181642181983914
2016-04-13,0.00016910935738434496
2016-04-14,0.0
2016-04-15,-0.0032727683105745475
2016-04-18,0.0021852412170113578
2016-04-19,0.0003911270045258153
2016-04-20,0.0002791113095903519
2016-04-21,-0.001907968574635155
2016-04-22,-0.003478846369655453
2016-04-25,0.0020798201236649216
2016-04-26,-0.0024128836765614503
2016-04-27,-0.004257226081111454
2016-04-28,-0.003730077992539771
2016-04-29,0.002841554898840748
2016-05-02,-0.0069914298601714275
2016-05-03,-0.005631399317406194
2016-05-04,0.0028030433041588143
2016-05-05,-0.004462242562929042
2016-05-06,-0.0007410785543267018
2016-05-09,0.003986786649960106
2016-05-10,-0.0025316455696201556
2016-05-11,0.0035197275049674293
2016-05-12,-0.0017030939540165768
2016-05-13,0.0009735425495360772
2016-05-16,-0.00153113303844854
2016-05-17,-0.002174908424908417
2016-05-18,-0.004405286343612258
2016-05-19,0.0033876894809370395
2016-05-20,0.00022829747160546532
2016-05-23,0.004972849385538769
2016-05-24,0.00394922425952049
2016-05-25,0.0011209505660800811
2016-05-26,0.0009523276006946357
2016-05-27,0.0016177619100747886
2016-05-31,-0.0037430167597765074
2016-06-01,-0.002286415346865911
2016-06-02,-0.00311353274769266
2016-06-03,0.0018400802944127381
2016-06-06,0.0008322237017308609
2016-06-07,0.0007755803002604811
2016-06-08,-0.0039209189308593295
2016-06-09,-0.007300884955752318
2016-06-10,-0.0033493357150831127
2016-06-13,-0.0020815752461322834
2016-06-14,0.00219780219780219
2016-06-15,-0.004910537901450462
2016-06-16,-0.000843929334983673
2016-06-17,0.010841944773843704
2016-06-20,0.0020203153936810825
2016-06-21,0.0012315270935963074
2016-06-22,0.008466498458088223
2016-06-23,-0.03419465501023611
2016-06-24,-0.00803627805522078
2016-06-27,0.009468147282291062
2016-06-28,0.008095538841361938
2016-06-29,0.0025963763616865254
2016-06-30,-0.0006681886519294133
2016-07-01,-0.00411408239283928
2016-07-05,-0.0028544243577545148
2016-07-06,0.0005561425949613952
2016-07-07,0.007237501391827106
2016-07-08,0.0025234516429863962
2016-07-11,0.00524762217120367
2016-07-12,0.0022793878215565666
2016-07-13,0.006838534599728607
2016-07-14,0.003293380844401339
2016-07-15,0.0007567567567567934
2016-07-18,-0.0022101234434801498
2016-07-19,0.002806411571050882
2016-07-20,-0.0006985491671144262
2016-07-21,0.0007552055237891597
2016-07-22,-0.0010739984964019955
2016-07-25,-0.0006460643910843888
2016-07-26,0.0020991441950590772
2016-07-27,-0.001185217110225234
2016-07-28,-0.0014529408599257554
2016-07-29,0.0002148920167617252
2016-08-01,-0.0011294573226483529
2016-08-02,-0.00032471046650073276
2016-08-03,0.00043163914967081496
2016-08-04,0.0036653730056057654
2016-08-05,0.001069404341781599
2016-08-08,0.000588550026752177
2016-08-09,0.0006416426050688262
2016-08-10,0.0028407568204962264
2016-08-11,-0.0016538625693555131
2016-08-12,0.0020826658122397035
2016-08-15,-0.0025019962736225754
2016-08-16,0.0001070320025686744
2016-08-17,-0.00021367521367521292
2016-08-18,-0.0025583626479054322
2016-08-19,-0.0013876287559374534
2016-08-22,0.0033634082536970755
2016-08-23,-0.0005328218243818572
2016-08-24,-0.002248634757468615
2016-08-25,0.0013400514579759992
2016-08-26,0.0008591065292096189
2016-08-29,-0.0004807949142582313
2016-08-30,-0.001605565962001565
2016-08-31,-0.00010731916720330137
2016-09-01,0.0045071631700381865
2016-09-02,0.0014423076923077982
2016-09-06,-0.0010649627263046302
2016-09-07,-0.0020235369295489303
2016-09-08,-0.007153152191320178
2016-09-09,-0.004156867034950551
2016-09-12,-0.0069556777741832665
2016-09-13,0.00027353793971229834
2016-09-14,-0.0008209731268130627
2016-09-15,-0.0034135240572171766
2016-09-16,0.0036994722811598546
2016-09-19,0.004786510742452954
2016-09-20,0.003806623524933439
2016-09-21,0.005593803786575036
2016-09-22,-0.0020844468198822907
2016-09-23,-0.00435273254876678
2016-09-26,-0.0007585609016038664
2016-09-27,0.0012922679302176387
2016-09-28,-0.0012319888585354821
2016-09-29,0.0044872141428340395
2016-09-30,-0.0024676787725981253
2016-10-03,0.0010762524888339176
2016-10-04,0.003189189189189312
2016-10-05,-0.0013454604165545891
2016-10-06,0.0012368251236825056
2016-10-07,0.005127374784110517
2016-10-10,-0.002094522019334022
2016-10-11,0.0006524930672611173
2016-10-12,-0.007277071793200696
2016-10-13,0.005284663579406157
2016-10-14,0.0
2016-10-17,0.008743169398907069
2016-10-18,0.001629460648525205
2016-10-19,-0.0017876489707474574
2016-10-20,-0.0043412198827871284
2016-10-21,0.004828559027777901
2016-10-24,-0.000756307060666761
2016-10-25,-0.004497913618381921
2016-10-26,0.003909643788010397
2016-10-27,-0.00016333641857679826
2016-10-28,0.0019661387220100135
2016-10-31,0.0019661387220100135
2016-11-01,-0.0015402387370042625
2016-11-02,0.0013837383074113419
2016-11-03,0.0003334630133942085
2016-11-04,0.01402649448959159
2016-11-07,-0.0018518518518518823
2016-11-08,-0.007915853394057759
2016-11-09,0.0041832028317065895
2016-11-10,-0.003478726251003539
2016-11-11,0.002627345844504081
2016-11-14,0.002197448815521419
2016-11-15,-0.003137630291427329
2016-11-16,0.000479309793896876
2016-11-17,0.0005831212892282167
2016-11-18,0.002974451585489035
2016-11-21,0.0018456021936301692
2016-11-22,-0.0025261828324824043
2016-11-23,0.0016826164686085665
2016-11-25,-0.0023037855385098505
2016-11-28,-5.2628809010024646e-05
2016-11-29,0.0033102143757881564
2016-11-30,0.001738397513564749
2016-12-01,0.0006344506714603959
2016-12-02,0.004491176159780341
2016-12-05,0.0013659766733213896
2016-12-06,-0.0007852991989947267
2016-12-07,5.168225748097832e-05
2016-12-08,0.0011856892463142366
2016-12-09,-0.0004099620785076308
2016-12-12,0.0034887896978093025
2016-12-13,-0.001325245935062891
2016-12-14,0.0010788594913948568
2016-12-15,0.0025079332582660374
2016-12-16,0.0008202604326874585
2016-12-19,0.002916645346159763
2016-12-20,-0.0005097099750241973
2016-12-21,-0.0009197751660704467
2016-12-22,0.0
2016-12-23,0.0014826175869120384
2016-12-27,0.001427988576091499
2016-12-28,0.00020564495398711635
2016-12-29,0.0015941581816312222
2016-12-30,0.0066580645161289365
2017-01-03,0.0018957831633961142
2017-01-04,-0.0011714969693883415
2017-01-05,0.0007646039351616452
2017-01-06,-0.0014217528181171835
2017-01-09,-5.094503031222164e-05
2017-01-10,-0.00030574806359562334
2017-01-11,-0.0024899639209308155
2017-01-12,0.0007129761662252321
2017-01-13,-0.003151046960764403
2017-01-17,0.001121762186416575
2017-01-18,0.00045799195969675743
2017-01-19,0.0033192054332837895
2017-01-20,-0.0015777687296416598
2017-01-23,0.001020304050606935
2017-01-24,0.0049178665585074555
2017-01-25,-0.00035195334104276554
2017-01-26,0.0005031952900922398
2017-01-27,-0.0035775471127683645
2017-01-30,-0.0027880569777463116
2017-01-31,0.0030422878004259246
2017-02-01,-0.001926098636524931
2017-02-02,0.004559270516717451
2017-02-03,-0.0021630866743799215
2017-02-06,0.0018141503729087738
2017-02-07,-0.001562185043338049
2017-02-08,0.0013085711409732692
2017-02-09,0.0019516589100734283
2017-02-10,0.0025919649087826624
2017-02-13,-0.0007436787307881776
2017-02-14,-0.0010861515675142375
2017-02-15,0.0003438789546079679
2017-02-16,-0.0032935161972178495
2017-02-17,0.0019634792852936123
2017-02-21,-0.001854291709364131
2017-02-22,0.00244140625
2017-02-23,-0.004196554921192641
2017-02-24,-0.0006334973929145171
2017-02-27,-0.0018977178726095056
2017-02-28,0.00790321006927508
2017-03-01,-0.0008181336926704752
2017-03-02,-0.0006293875574922003
2017-03-03,-0.004064253919102034
2017-03-06,-0.0016985344074541553
2017-03-07,0.001119493794110582
2017-03-08,0.0003413801511826797
2017-03-09,0.004823386114494621
2017-03-10,-9.710623422032327e-05
2017-03-13,-0.002329418615937051
2017-03-14,0.0026784844647900208
2017-03-15,0.0009176970633693049
2017-03-16,0.0011126160990710954
2017-03-17,-0.000242283277608224
2017-03-20,0.0031057407677004267
2017-03-21,0.0
2017-03-22,-0.0011769321302470548
2017-03-23,0.0016201089891503262
2017-03-24,-0.008447937131630612
2017-03-27,-0.0013279559315364509
2017-03-28,-0.0011231017139508026
2017-03-29,-0.00043887453064805904
2017-03-30,-0.0015559661577360107
2017-03-31,0.00038992055368725076
2017-04-03,-0.0018059351815696845
2017-04-04,0.003170731707317076
2017-04-05,0.0007339988256018781
2017-04-06,-0.0010248901903368024
2017-04-07,0.0008304836345873756
2017-04-10,-0.0019040179661182766
2017-04-11,-0.0012708343516300014
2017-04-12,-0.002012072434607659
2017-04-13,0.002470233684106482
2017-04-17,-0.0036732295033793383
2017-04-18,0.0028492827667516707
2017-04-19,0.002952465308532659
2017-04-20,-0.0002441167854700943
2017-04-21,0.011018609206660201
2017-04-24,0.003343023255814037
2017-04-25,0.0
2017-04-26,0.0014454348349794977
2017-04-27,0.0012036591237361005
2017-04-28,0.0025090470446320623
2017-05-01,0.0008183699995187865
2017-05-02,-0.0019724814779179534
2017-05-03,0.0013004527502167296
2017-05-04,0.0017803868732557682
2017-05-05,0.0001916994153168261
2017-05-08,0.001198351068929071
2017-05-09,-0.00033582805603527
2017-05-10,-0.0021074815595363283
2017-05-11,-0.0012956475838571402
2017-05-12,0.0018744592905892699
2017-05-15,0.001578041315990708
2017-05-16,-0.00837320574162681
2017-05-17,-0.00063321967851937
2017-05-18,0.0027668559778653012
2017-05-19,0.002506869787398003
2017-05-22,0.0017266187050359871
2017-05-23,0.0012444359354808476
2017-05-24,0.0025307993505874204
2017-05-25,-0.0006653992395437847
2017-05-26,-0.001663339986693213
2017-05-30,0.001331874613518469
2017-05-31,0.0022366041686496807
2017-06-01,0.00037771482530679634
2017-06-02,-0.0006117647058823117
2017-06-05,-0.0026841213034470845
2017-06-06,0.0014168319637291038
2017-06-07,0.0004714979489839344
2017-06-08,0.0013667640682439863
2017-06-09,-0.0012741258081261364
2017-06-12,0.0026437541308659274
2017-06-13,0.0014095094906971806
2017-06-14,-0.006490452450380935
2017-06-15,0.0006597238584420406
2017-06-16,0.003957970126749366
2017-06-19,-0.001635590448151869
2017-06-20,0.0015993226398232085
2017-06-21,4.705660910087062e-05
2017-06-22,0.0003295668549905262
2017-06-23,0.003009074239503473
2017-06-26,-0.0009398937920014339
2017-06-27,0.004689276241000462
2017-06-28,0.0008452688424513966
2017-06-29,0.0035995074358246004
2017-06-30,0.00468129373936077
2017-07-03,0.00326194865976448
2017-07-05,-0.003673181068989839
2017-07-06,0.002661217507009539
2017-07-07,-0.0006139025311673318
2017-07-10,-0.0007547525826689938
2017-07-11,0.00467377962420934
2017-07-12,0.00014057448104587422
2017-07-13,9.355412105915839e-05
2017-07-14,-0.0002793686269032536
2017-07-17,-0.0018626309662398421
2017-07-18,0.0013494648673801901
2017-07-19,0.0011571931123866008
2017-07-20,-0.0024987274998844455
2017-07-21,-0.0003704561241026916
2017-07-24,0.0035204743375949477
2017-07-25,0.0014788114053330137
2017-07-26,0.002079098133431767
2017-07-27,-0.002312245652978162
2017-07-28,0.00189849972217071
2017-07-31,0.0029190992493743906
2017-08-01,0.0006934171597632321
2017-08-02,-0.0005082474703137496
2017-08-03,0.00217562375595981
2017-08-04,0.0003696857670978382
2017-08-07,-0.0013377000784168258
2017-08-08,-0.003282478039759673
2017-08-09,-0.0038381502890173502
2017-08-10,0.000937910335771841
2017-08-11,0.006088422630198487
2017-08-14,0.0018550294485926155
2017-08-15,0.002365052865887618
2017-08-16,-0.0027317344198537485
2017-08-17,-0.0009404683532399094
2017-08-18,-0.00018843037497640047
2017-08-21,0.002682479175490471
2017-08-22,-0.004286047053342679
2017-08-23,0.0018700327255727345
2017-08-24,0.0035605528226752003
2017-08-25,0.0023842917251051254
2017-08-28,-0.006029727961110565
2017-08-29,-9.33837605640031e-05
2017-08-30,0.0027879745364991493
2017-08-31,0.001986877368080675
2017-09-01,-0.0025827875657227217
2017-09-05,0.0030196041995727008
2017-09-06,0.0014353845441497093
2017-09-07,-0.0014355174808983184
2017-09-08,0.006028007048131334
2017-09-11,0.0018352833218628906
2017-09-12,-0.0013714912681722646
2017-09-13,-0.001553717497600915
2017-09-14,-0.0006856829402083209
2017-09-15,0.0014148790506618436
2017-09-18,0.0012757426644796066
2017-09-19,0.0004096122337520214
2017-09-20,-0.0008187772925764003
2017-09-21,-0.0014140400492633765
2017-09-22,-0.0011402508551880963
2017-09-25,0.0019649956587304285
2017-09-26,0.003334551434313937
2017-09-27,-0.0011375528962096482
2017-09-28,0.0
2017-09-29,0.0011774829038539991
2017-10-02,0.0006763764260269145
2017-10-03,-0.0006298929182038115
2017-10-04,0.001393070597222934
2017-10-05,-0.0019210150107219492
2017-10-06,0.0009390931043735673
2017-10-09,0.0025981006987993993
2017-10-10,-0.00035746201966047053
2017-10-11,-0.0013383894713362432
2017-10-12,0.002144772117962379
2017-10-13,0.0012049805864238206
2017-10-16,-0.00026735585063708545
2017-10-17,0.001692198076237883
2017-10-18,-0.003425876490478652
2017-10-19,0.003468670787566186
2017-10-20,0.001548809629170922
2017-10-23,0.0017321016166282899
2017-10-24,-0.0013746618775221098
2017-10-25,0.0026735585063721867
2017-10-26,0.003560778029999545
2017-10-27,-0.0023840007063705704
2017-10-30,0.0015062242502104084
2017-10-31,0.0035839122162735215
2017-11-01,-0.00039759674854211724
2017-11-02,0.0006623978803268482
2017-11-03,-0.0006162514305837474
2017-11-06,0.000571403454793229
2017-11-07,-0.0009234828496043068
2017-11-08,-0.005399947317587084
2017-11-09,-0.001850464819139086
2017-11-10,-0.002953363307766965
2017-11-13,-0.003654938570610833
2017-11-14,-0.004369510526547993
2017-11-15,0.004258905993522966
2017-11-16,-0.0014956888967094795
2017-11-17,0.0009704883320833524
2017-11-20,0.0034795630725863447
2017-11-21,0.0002625705658396704
2017-11-22,0.0019268666520690925
2017-11-24,0.0011371091187404314
2017-11-27,0.001923245038901955
2017-11-28,0.0006492101276778239
2017-11-29,0.0038969473912102703
2017-11-30,-0.0004294794708812333
2017-12-01,0.0070552807055281885
2017-12-04,0.0011198208286673506
2017-12-05,-0.0012534578146612407
2017-12-06,-0.00047542896659036327
2017-12-07,0.0036622145626885594
2017-12-08,0.00029995286454975734
2017-12-11,0.0009396890483512887
2017-12-12,0.00098072659048265
2017-12-13,0.0014927919474536644
2017-12-14,0.004239284032030222
2017-12-15,0.005775437404450523
2017-12-18,0.0011395770902797864
2017-12-19,0.0038546255506608507
2017-12-20,0.002585512652057753
2017-12-21,0.00012690892169731072
2017-12-22,-0.0015657399179044296
2017-12-26,0.0007202169123878832
2017-12-27,0.001947667033618261
2017-12-28,0.0025776463131206295
2017-12-29,0.0036050555602680223
2018-01-02,0.0005474145191175506
2018-01-03,0.002720120522263114
2018-01-04,0.003208600716726462
2018-01-05,-0.0002898070712925582
2018-01-08,0.00173546547663328
2018-01-09,-0.0030510431269068494
2018-01-10,0.0023951106706310288
2018-01-11,0.0012299618711819615
2018-01-12,0.005172484014173362
2018-01-16,0.003882463525276769
2018-01-17,-0.0004048091324939662
2018-01-18,0.002229880397323969
2018-01-19,-0.0007266561705220331
2018-01-22,0.00028030272694512526
2018-01-23,0.0025573403660192895
2018-01-24,0.0034373875854352143
2018-01-25,0.003516202501298471
2018-01-26,-0.0020933723042894092
2018-01-29,-0.007355572343047956
2018-01-30,0.003817714193859567
2018-01-31,-0.0030916245081507032
2018-02-01,-0.0053860685718879475
2018-02-02,-0.007435707830087845
2018-02-05,-0.015852613538988924
2018-02-06,-0.002522916491464078
2018-02-07,0.0011840825474689343
2018-02-08,0.011946067020949469
2018-02-09,0.008434985725408684
2018-02-12,-0.004949861318540583
2018-02-13,-0.005786741553910346
2018-02-14,-0.0002
2018-02-15,0.00010888956220589385
2018-02-16,0.0001098981161808954
2018-02-20,0.0
2018-02-21,-0.00010988603991224366
2018-02-22,0.0001098981161808954
2018-02-23,0.0002179355443383546
2018-02-26,-0.00021788805878575346
2018-02-27,0.0002179355443383546
2018-02-28,0.00010955607450169325
2018-03-01,9.852846814850658e-05
2018-03-02,0.00010932930854612444
2018-03-05,0.0
2018-03-06,0.0
2018-03-07,0.0
2018-03-08,-0.00010931735695507427
2018-03-09,0.00021906656227344
2018-03-12,0.0047176996545416966
2018-03-13,0.0040499079566374
2018-03-14,0.0022203947368422128
2018-03-15,0.002057867226406662
2018-03-16,-0.003124871510217564
2018-03-19,0.0016254740966115122
2018-03-20,-0.00016643781467162722
2018-03-21,-0.009338002334500661
2018-03-22,0.0018385496835984227
2018-03-23,0.01594861487372179
2018-03-26,0.0037838527273499345
2018-03-27,0.0008221549112938931
2018-03-28,0.004859423811176766
2018-03-29,-0.0035084716755091616
2018-04-02,0.005209473361642569
2018-04-03,-0.015520297436340869
2018-04-04,0.006495171352875806
2018-04-05,-0.008402648107282307
2018-04-06,0.006075070514211411
2018-04-09,0.013051557975712003
2018-04-10,-0.0003095754369345725
2018-04-11,0.00021886934884984832
2018-04-12,0.0
2018-04-13,0.0
2018-04-16,0.00021861780597731695
2018-04-17,0.0
2018-04-18,-0.0001091323075507189
2018-04-19,0.00021798299651165642
2018-04-20,0.0
2018-04-23,0.0
2018-04-24,-0.0006286142900004064
2018-04-25,0.004619530347748091
2018-04-26,0.0026670053340105415
2018-04-27,0.0024951365981562557
2018-04-30,-0.002088928678006474
2018-05-01,-0.000850882790895624
2018-05-02,-0.003555212884434167
2018-05-03,-0.004292950974499887
2018-05-04,0.0033905488450942656
2018-05-07,-0.001520591341077182
2018-05-08,0.002914466737064414
2018-05-09,0.0032631887210810007
2018-05-10,0.0005387931034481763
2018-05-11,0.0025636784651008604
2018-05-14,-0.0049981411871617976
2018-05-15,0.00029116925252692383
2018-05-16,-0.0009939534498467628
2018-05-17,-0.001450596816976124
2018-05-18,0.006024596975236829
2018-05-21,0.002185747278125927
2018-05-22,-0.005087479836208053
2018-05-23,-0.00164955255886845
2018-05-24,-0.0025617717544005325
2018-05-25,-0.006875698960361221
2018-05-29,0.00532048596564727
2018-05-30,-0.0015303168169410464
2018-05-31,0.006121174266083607
2018-06-01,0.003172249000947591
2018-06-04,0.0005331364829395113
2018-06-05,0.0022121174880176397
2018-06-06,0.0016250253910217172
2018-06-07,-0.0017479674796748723
2018-06-08,0.0008509948535071477
2018-06-11,0.0016593144198469023
2018-06-12,0.0006869797138930878
2018-06-13,0.003934772026610522
2018-06-14,-0.007604255147029115
2018-06-15,-0.006181877338539032
2018-06-18,-0.009293983368661385
2018-06-19,0.0027825517636468344
2018-06-20,-8.169934640522847e-05
2018-06-21,0.005220966084275469
2018-06-22,-0.004596380350473939
2018-06-25,0.0023295478181288853
2018-06-26,0.0026155187445509043
2018-06-27,8.37345614401741e-05
2018-06-28,0.004327203128900781
2018-06-29,-0.006194138432758289
2018-07-02,0.0033993864522012807
2018-07-03,0.0068818818818818794
2018-07-05,0.00016512549537650578
2018-07-06,0.004298698108572863
2018-07-09,0.0018662014686192663
2018-07-10,-0.006024583535500505
2018-07-11,0.0049263089324973475
2018-07-12,-0.00036328408815700097
2018-07-13,0.0002822808290992018
2018-07-16,-0.0031478267888130906
2018-07-17,0.0003215304851089673
2018-07-18,-0.0026474127557161165
2018-07-19,-0.0008857752546603814
2018-07-20,-0.0010075363720630781
2018-07-23,0.005310161718561357
2018-07-24,-0.0008408071748877699
2018-07-25,-0.003253580922905952
2018-07-26,0.0015122572429162595
2018-07-27,0.00012016342225429355
2018-07-30,0.0032625770330687587
2018-07-31,0.00120264582080587
2018-08-01,-0.005457901918292096
2018-08-02,0.0006788053026673957
2018-08-03,-0.00027823045431052407
2018-08-06,0.002494851892919314
2018-08-07,-0.000513265950726427
2018-08-08,0.00039499150768262936
2018-08-09,-0.005615977852481691
2018-08-10,0.0012344204197030084
2018-08-13,0.0031177552162442446
2018-08-14,-0.005202748322014394
2018-08-15,0.005681590845436624
2018-08-16,-0.0009523809523810378
2018-08-17,0.0019381378055534082
2018-08-20,0.00185455549855984
2018-08-21,-0.0012996731125201055
2018-08-22,-0.0007878358150161802
2018-08-23,0.002367050654884073
2018-08-24,0.004705513293075114
2018-08-27,0.0019845130160707214
2018-08-28,0.0009722708357640109
2018-08-29,-0.0018179005182951125
2018-08-30,-0.0013983297727714339
2018-08-31,-0.0013207473876394316
2018-09-04,-0.00159458618543884
2018-09-05,0.0003120124804993907
2018-09-06,-0.004224690971678879
2018-09-07,0.00419492688281653
2018-09-10,-0.0025045002739296773
2018-09-11,-0.00019496977968413987
2018-09-12,0.004015751101407394
2018-09-13,0.0008528454023881693
2018-09-14,-0.0002712862845405395
2018-09-17,0.0007792713812586616
2018-09-18,0.0002712862845406505
2018-09-19,0.004799876132228986
2018-09-20,0.002957216376065608
2018-09-21,-0.00230600714862228
2018-09-24,0.0015808752650856572
2018-09-25,0.0007721411474019835
2018-09-26,0.002052195461937689
2018-09-27,-0.00227816819831661
2018-09-28,0.005252181972657866
2018-10-01,-0.0003847781753817392
2018-10-02,0.00392609699769042
2018-10-03,-0.0020770029616524743
2018-10-04,0.0007366339704570901
2018-10-05,-0.0029627319507250505
2018-10-08,-0.0014428326314147588
2018-10-09,-0.0020694232946780744
2018-10-10,-0.003913499556201239
2018-10-11,0.01661307609860674
2018-10-12,-0.0016264790794128237
2018-10-15,0.007605184609723148
2018-10-16,0.00048046124279310654
2018-10-17,-0.0035621372823693154
2018-10-18,0.0023544694324915127
2018-10-19,0.0029256399837465086
2018-10-22,-0.014974091150189772
2018-10-23,-0.0007385221351494664
2018-10-24,0.008124576844956044
2018-10-25,-0.015621105110095512
2018-10-26,0.013156781453591782
2018-10-29,-0.0002
2018-10-30,0.0
2018-10-31,0.00010891948742086655
2018-11-01,0.00021842029287877374
2018-11-02,0.0
2018-11-05,0.00010948875305527572
2018-11-06,0.0
2018-11-07,0.00010947676658057404
2018-11-08,0.00010926319012827257
2018-11-09,0.00021880486184211456
2018-11-12,-0.00010922735351193147
2018-11-13,0.00010923928543005168
2018-11-14,-0.00010922735351193147
2018-11-15,0.0003275163077927079
2018-11-16,0.00010920351949650353
2018-11-19,-0.00010919159538991252
2018-11-20,0.0002190114865177062
2018-11-21,0.0002179563390345418
2018-11-23,0.0
2018-11-26,0.00010935721120186592
2018-11-27,0.0
2018-11-28,-0.0030211628097146725
2018-11-29,-0.0005735119413380341
2018-11-30,0.016320052093931725
2018-12-03,-0.0030546623794213135
2018-12-04,-0.016928055763007266
2018-12-06,-0.0017462165308499422
2018-12-07,-0.0010641920653839954
2018-12-10,-9.043290071610849e-05
2018-12-11,-0.00010955509564991583
2018-12-12,0.00021893297340858098
2018-12-13,0.00010924134501233418
2018-12-14,0.00010912883307478971
2018-12-17,0.00010931806246161635
2018-12-18,0.0
2018-12-19,-0.00010970834373680294
2018-12-20,0.00021903848741544607
2018-12-21,0.00021878942684017133
2018-12-24,0.00010927025963103354
2018-12-26,-0.00010925832094588195
2018-12-27,0.0003283134019822498
2018-12-28,0.00010913390488953567
2018-12-31,0.00010982536059489512
2019-01-02,-0.00010981330030968017
2019-01-03,0.00032816983321426463
2019-01-04,0.00010948798796239778
2019-01-07,0.0
2019-01-08,0.0
2019-01-09,0.0
2019-01-10,0.00010937556495638212
2019-01-11,0.0002181246522132696
2019-01-14,-0.00010903854211252728
2019-01-15,0.00021870335420448583
2019-01-16,0.00010912698113907382
2019-01-17,0.00021833052933351027
2019-01-18,0.0
2019-01-22,0.00010959305549351761
2019-01-23,0.0
2019-01-24,0.00032783999802510344
2019-01-25,-0.00011014702923028974
2019-01-28,0.00011015916293488637
2019-01-29,0.0061100834286198285
2019-01-30,-0.0002918490723368139
2019-01-31,0.0009507275132276671
2019-02-01,4.130524576639871e-05
2019-02-04,0.0017226528854434875
2019-02-05,-0.0014293298484909789
2019-02-06,-0.006626308900523514
2019-02-07,-0.005367686527106841
2019-02-08,0.002639719529800022
2019-02-11,0.0064712913729854105
2019-02-12,0.003296569126205684
2019-02-13,-0.004381694255111923
2019-02-14,0.007156216963486894
2019-02-15,-0.003257722007721897
2019-02-19,-0.00012045773940971838
2019-02-20,-0.0025643080375030713
2019-02-21,0.0023321270607157274
2019-02-22,0.005635041163775778
2019-02-25,-0.0016760445348976694
2019-02-26,-0.0028355765006589095
2019-02-27,-0.0009588876902791865
2019-02-28,0.006808987863980542
2019-03-01,0.003937634237530796
2019-03-04,0.0005190656817728456
2019-03-05,0.00035981289729347665
2019-03-06,-0.0016897328612810458
2019-03-07,-0.00782739181571157
2019-03-08,0.0026821636119802594
2019-03-11,0.0019629050995473296
2019-03-12,0.003712871287128827
2019-03-13,0.00011896264572919257
2019-03-14,0.0020234080539576205
2019-03-15,0.0007106478739784539
2019-03-18,0.00397278055304251
2019-03-19,-0.0011010184420588986
2019-03-20,-0.003195770535784792
2019-03-21,-0.005072576869049383
2019-03-22,-0.0013126491646778815
2019-03-25,0.007006090521874064
2019-03-26,0.00027666890636735
2019-03-27,0.0022237223523804417
2019-03-28,0.00573621330801477
2019-03-29,0.007388775349787657
2019-04-01,0.0005439428082989473
2019-04-02,0.004699759185893049
2019-04-03,0.0008916456677652285
2019-04-04,0.002436383324309732
2019-04-05,-0.0015013858946719694
2019-04-08,-0.0037690858043921693
2019-04-09,0.0015850923992886123
2019-04-10,0.0018879556137780806
2019-04-11,0.006127403753516392
2019-04-12,0.00019138755980874222
2019-04-15,0.003332439575592705
2019-04-16,0.004210687490430187
2019-04-17,0.002148804727370335
2019-04-18,-0.002949061662198549
2019-04-22,0.0012626262626262985
2019-04-23,-0.0002655035084392354
2019-04-24,-0.0003420882587706897
2019-04-25,7.606008746918747e-05
2019-04-26,0.00022711787417661888
2019-04-29,-0.0010963668670370685
2019-04-30,0.0025315499130957875
2019-05-01,-0.0005709065996803986
2019-05-02,0.005339028296849957
2019-05-03,-0.01620702682281816
2019-05-06,-0.009291917927712667
2019-05-07,-0.0017353077279037565
2019-05-08,-0.00803461063040789
2019-05-09,-0.003951038115897254
2019-05-10,-0.019436945622830826
2019-05-13,0.0037953664900767237
2019-05-14,-0.006154931786106377
2019-05-15,0.002766628998947862
2019-05-16,-0.008650318594323303
2019-05-17,-0.006449357006876766
2019-05-20,0.006571484451398213
2019-05-21,-0.0036057692307692735
2019-05-22,-0.008477871976355189
2019-05-23,0.005233747835668101
2019-05-24,0.0010212097407698018
2019-05-28,-0.004598430191072644
2019-05-29,0.0027935190358368
2019-05-30,-0.010190271475201018
2019-05-31,-0.0001613488766084581
2019-06-03,0.009263754045307548
2019-06-04,0.006454167491585894
2019-06-05,0.0013742196395618578
2019-06-06,0.004173980885508133
2019-06-07,0.006024329021046437
2019-06-10,0.007073386383731339
2019-06-11,-0.0008458935712087889
2019-06-12,0.0036209553158705887
2019-06-13,-0.0013421789316254706
2019-06-14,0.0011522949875166777
2019-06-17,0.0067157878578556485
2019-06-18,0.0009120620202174301
2019-06-19,0.010195959519387454
2019-06-20,-0.0009011038522187542
2019-06-21,0.0005262366561418208
2019-06-24,0.0001505740636176256
2019-06-25,0.0033071045729273774
2019-06-26,0.0028921531318975013
2019-06-27,0.0035639810426539853
2019-06-28,0.012295391114128362
2019-07-01,0.0
2019-07-02,0.0024235645041015275
2019-07-03,-0.004255476613380771
2019-07-05,-0.004556905749851903
2019-07-08,-0.0044682752457551045
2019-07-09,0.0037185780157666937
2019-07-10,0.002369141926408469
2019-07-11,0.001809653949846668
2019-07-12,0.0015072975258263455
2019-07-15,-0.0003675254511373849
2019-07-16,3.687859566303686e-05
2019-07-17,-0.0019303586012323626
2019-07-18,0.003994673768308754
2019-07-19,0.0016741694259458928
2019-07-22,0.0040813297714457075
2019-07-23,-0.002579599056603765
2019-07-24,-0.0014670823399962618
2019-07-25,0.0026532041124662786
2019-07-26,-0.0003660322108344216
2019-07-29,-0.00524308865586276
2019-07-30,0.0005879326817079811
2019-07-31,0.0007434115154445475
2019-08-01,-0.003486149117217119
2019-08-02,-0.015971304511988027
2019-08-05,0.006576899128269087
2019-08-06,-0.011677037719904582
2019-08-07,0.00552634608742375
2019-08-08,-0.0032760957975599414
2019-08-09,-0.013192312066416578
2019-08-13,-0.014893214893214934
2019-08-14,0.003465057426513374
2019-08-15,0.006290040768782701
2019-08-16,0.011441472467761171
2019-08-19,-0.0018907165815844618
2019-08-20,0.008346036585365812
2019-08-21,0.0027216027216026006
2019-08-22,-0.0047269702011798476
2019-08-23,0.0086160055887603
2019-08-26,0.005450637187164098
2019-08-27,-0.0024278392230914214
2019-08-28,0.010027172873052992
2019-08-29,0.005667434918955605
2019-08-30,-0.006463073550532883
2019-09-03,0.008135335487549744
2019-09-04,0.009626231480785119
2019-09-05,0.0011505771443418578
2019-09-06,0.003634340812163961
2019-09-09,-0.002669336002669387
2019-09-10,0.0009267153501131276
2019-09-11,0.003202532577486261
2019-09-12,0.0016877637130801038
2019-09-13,-0.004038920506701071
2019-09-16,-0.0006997127495028677
2019-09-17,-0.0015059687786961318
2019-09-18,0.001431770623003814
2019-09-19,0.002313114994859644
2019-09-20,-0.0019560082669027867
2019-09-23,0.0038735382004648766
2019-09-24,0.0005207364701504957
2019-09-25,0.00011091393078954681
2019-09-26,0.00288985217294635
2019-09-27,0.0020488749813738494
2019-09-30,0.0030765809177850656
2019-10-01,-0.0058163533340839235
2019-10-02,-0.0007639711218917489
2019-10-03,0.0026524193853965095
2019-10-04,-0.0030649622486357275
2019-10-07,-0.007057057057057059
2019-10-08,0.007626310772163913
2019-10-09,-0.00018890022290229957
2019-10-10,0.010243133723548015
2019-10-11,-0.001151303572754947
2019-10-14,0.0036427164256775946
2019-10-15,-0.0018405359640727426
2019-10-16,0.004240256627705552
2019-10-17,-0.0018752068242822162
2019-10-18,0.004837161214090502
2019-10-21,0.0017968463513018396
2019-10-22,-0.0010302450511442407
2019-10-23,0.003522547976369639
2019-10-24,-0.002270729563433993
2019-10-25,0.004304213022068293
2019-10-28,-0.0011606398026912101
2019-10-29,0.0007620568276662798
2019-10-30,-0.00010853049706982532
2019-10-31,0.005442275596836188
2019-11-01,0.0054261894494755936
2019-11-04,0.0008233988472416964
2019-11-05,0.00010751917425277924
2019-11-06,0.004692817481640743
2019-11-07,-0.0013565130475136078
2019-11-08,-0.005021188704106061
2019-11-11,0.0011417154274298014
2019-11-12,-0.003312201723769337
2019-11-13,-0.0008899964400141958
2019-11-14,0.004798805630598757
2019-11-15,-0.0009526833915529664
2019-11-18,0.002151220200310444
2019-11-19,-0.001975517691466422
2019-11-20,0.00028321591673452495
2019-11-21,0.002588560689337216
2019-11-22,0.0031486591664897645
2019-11-25,0.0002106815548299501
2019-11-26,0.0018920812894185346
2019-11-27,-0.001848686734800542
2019-11-29,0.0002798768541842911
2019-12-02,-0.009463276836158219
2019-12-03,0.003946386034770821
2019-12-04,0.002472799208704135
2019-12-05,0.006593794076163562
2019-12-06,-0.0012931185125641953
2019-12-09,-0.00014021803905062136
2019-12-10,0.0016142050040355294
2019-12-11,3.499440089571593e-05
2019-12-12,-0.0008673327782403595
2019-12-13,0.005999445138021864
2019-12-16,0.0012741485588347867
2019-12-17,0.0014116512877015985
2019-12-18,0.0006885866758477022
2019-12-19,0.0034972227936638234
2019-12-20,0.0019786442875173726
2019-12-23,0.0007839929099773268
2019-12-24,0.001568253102413708
2019-12-26,0.0025769700257696204
2019-12-27,0.0003052192491606043
2019-12-30,-0.0018072699993179064
2019-12-31,0.005102214361032642
2020-01-02,-0.011392746393420472
2020-01-03,-0.006044347855614918
2020-01-06,-0.0019958729406990283
2020-01-07,0.0005427776646991234
2020-01-08,0.005332433344583221
2020-01-09,0.002044852670041175
2020-01-10,0.0021178606246008425
2020-01-13,-0.0014022904076659293
2020-01-14,-0.0003009530178901265
2020-01-15,0.004671026291205083
2020-01-16,0.0024155388637041586
2020-01-17,-0.0033637832668272916
2020-01-21,0.0028090815955583714
2020-01-22,-0.0022797858983677477
2020-01-23,0.0021123506502078726
2020-01-24,-0.017385512073272325
2020-01-27,0.004772058076962127
2020-01-28,0.00455535086250225
2020-01-29,-0.006939090208172738
2020-01-30,-0.0020383612911849536
2020-01-31,0.005002552322613374
2020-02-03,0.012126739629779726
2020-02-04,0.009715521543836259
2020-02-05,0.0032897983353621374
2020-02-06,-0.003409724271335235
2020-02-07,-0.0029004614370468085
2020-02-10,0.004416383145773306
2020-02-11,0.004604532688916363
2020-02-12,-0.004575545171339623
2020-02-13,0.0011368804001818944
2020-02-14,-0.0031784127395970696
2020-02-18,0.0031868882312771074
2020-02-19,-0.0016505922713443422
2020-02-20,-0.004483867823374621
2020-02-21,-0.031026331341519442
2020-02-24,0.004720505331794023
2020-02-25,0.004797086732728717
2020-02-26,-0.019540310676882
2020-02-27,-0.029768913747424075
2020-02-28,0.006876409479093626
2020-03-02,0.0013461334089057697
2020-03-03,1.8605358698997766e-05
2020-03-04,0.0004370169776823918
2020-03-05,0.0002187565325175722
2020-03-06,0.0
2020-03-09,0.00043653430032208895
2020-03-10,-0.00021812287222311433
2020-03-11,0.00021817046019045883
2020-03-12,0.00010964989709782991
2020-03-13,0.000217902825538685
2020-03-16,0.00010931985597628646
2020-03-17,0.0
2020-03-18,0.0002182236769159296
2020-03-19,-0.00021817606573271142
2020-03-20,0.00032713944738049783
2020-03-23,-0.00021815231068966767
2020-03-24,0.0
2020-03-25,0.0
2020-03-26,0.0
2020-03-27,-0.000218199911504513
2020-03-30,0.0
2020-03-31,0.00010931985597628646
2020-04-01,-8.734829116452403e-05
2020-04-02,0.0001091213700232796
2020-04-03,-0.00032732839154714366
2020-04-06,0.00010924325413097513
2020-04-07,-0.00021875680244431983
2020-04-08,0.00010954944578478454
2020-04-09,-0.00021868263618685102
2020-04-13,0.00021873046874243407
2020-04-14,0.00010924325413097513
2020-04-15,-0.00010923132134599278
2020-04-16,-0.00010953744601827076
2020-04-17,0.00021880466745360927
2020-04-20,-0.00010923132134599278
2020-04-21,0.0
2020-04-22,0.0
2020-04-23,0.00010924325413097513
2020-04-24,-0.00010923132134599278
2020-04-27,0.0
2020-04-28,0.0
2020-04-29,-0.00010953744601827076
2020-04-30,0.00021880466745360927
2020-05-01,-0.00017502505260558188
2020-05-04,0.0
2020-05-05,0.0
2020-05-06,0.00010915237249498055
2020-05-07,-0.0001091404595549017
2020-05-08,0.0
2020-05-11,0.00010915237249498055
2020-05-12,0.0
2020-05-13,0.0
2020-05-14,0.00010943463869117487
2020-05-15,-0.0002185511811765295
2020-05-18,0.0
2020-05-19,0.0
2020-05-20,0.0
2020-05-21,0.00010915237249498055
2020-05-22,-0.0001091404595549017
2020-05-26,0.00010915237249498055
2020-05-27,-0.0001091404595549017
2020-05-28,0.0
2020-05-29,0.0
2020-06-01,0.00010915237249498055
2020-06-02,0.0
2020-06-03,0.0
2020-06-04,0.0
2020-06-05,0.0027654373167904423
2020-06-08,-0.00915701589011586
2020-06-09,0.0019335798364936707
2020-06-10,-0.02367469468513339
2020-06-11,-0.00041808479968554726
2020-06-12,0.00021813237103995853
2020-06-15,0.0
2020-06-16,0.0
2020-06-17,0.0
2020-06-18,-0.0001091404595549017
2020-06-19,0.0
2020-06-22,0.0
2020-06-23,0.0
2020-06-24,0.0
2020-06-25,0.00010915237249498055
2020-06-26,-0.0001091404595549017
2020-06-29,0.0
2020-06-30,0.0
2020-07-01,0.0
2020-07-02,0.00010915237249498055
2020-07-06,-0.0001091404595549017
2020-07-07,0.0
2020-07-08,0.0
2020-07-09,0.0
2020-07-10,0.00010915237249498055
2020-07-13,0.0
2020-07-14,0.0
2020-07-15,0.0
2020-07-16,-0.0001091404595549017
2020-07-17,0.00010915237249498055
2020-07-20,0.0
2020-07-21,-0.0012335745007168385
2020-07-22,-0.001127134095806337
2020-07-23,-0.006139703415419695
2020-07-24,0.002397433732905796
2020-07-27,-0.0023131851553856997
2020-07-28,0.002867165890845458
2020-07-29,-0.009798366938843506
2020-07-30,0.005919138547971992
2020-07-31,0.0054080955540809494
2020-08-03,-0.0027353018718692113
2020-08-04,0.004399212081418247
2020-08-05,-0.0017293134951710254
2020-08-06,-0.0030788177339901024
2020-08-07,0.0015221193082455287
2020-08-10,0.0039070067807556175
2020-08-11,0.007910671267660652
2020-08-12,-0.002408245833734668
2020-08-13,-0.0013187095944164895
2020-08-14,0.0031842012157856647
2020-08-17,0.0013467581607129464
2020-08-18,0.0012798361809687187
2020-08-19,-0.005526104417670763
2020-08-20,-0.0009929532351057313
2020-08-21,0.007915988381371752
2020-08-24,0.001737592013395295
2020-08-25,0.0018576826196472496
2020-08-26,0.0027744006982761693
2020-08-27,0.003328563429353615
2020-08-28,-0.0005563454286950931
2020-08-31,0.0024810817516438544
2020-09-01,0.005992624462200613
2020-09-02,-0.005088904371005398
2020-09-03,0.002070198550861102
2020-09-04,-0.01717213244362925
2020-09-08,0.012874280698332408
2020-09-09,0.006058866673044561
2020-09-10,0.005678131083711957
2020-09-11,0.010215664018161208
2020-09-14,0.008003841844085091
2020-09-15,0.004045230132186717
2020-09-16,-0.015477599053436042
2020-09-17,0.002580728410593869
2020-09-18,-0.01507586882036227
2020-09-21,-0.0002
2020-09-22,0.0
2020-09-23,0.0
2020-09-24,0.00010896810441796134
2020-09-25,-0.00010895623166384816
2020-09-28,0.00010896810441796134
2020-09-29,0.0
2020-09-30,-0.00010895623166384816
2020-10-01,0.0
2020-10-02,0.0
2020-10-05,0.0
2020-10-06,0.00010896810441796134
2020-10-07,-0.00010895623166384816
2020-10-08,0.0
2020-10-09,0.0
2020-10-12,-0.0006898958971218947
2020-10-13,0.0016949674874418008
2020-10-14,-0.012280212112754763
2020-10-15,0.004192025835299873
2020-10-16,0.00397774946393592
2020-10-19,0.0042277961823633525
2020-10-20,-6.285750204282348e-05
2020-10-21,0.000787203224384303
2020-10-22,0.003788709020884795
2020-10-23,-0.010486236814181482
2020-10-26,0.000985566223691725
2020-10-27,-0.018152236329994298
2020-10-28,0.0006936645306203637
2020-10-29,-0.005199306759098743
2020-10-30,0.011235955056179803
2020-11-02,0.010522531943400582
2020-11-03,0.0145174241207644
2020-11-04,0.01674415682332242
2020-11-05,-0.0008011339126149375
2020-11-06,-0.00030895623166384814
2020-11-09,0.00010896810441796134
2020-11-10,-0.00010895623166384816
2020-11-11,0.0
2020-11-12,0.0
2020-11-13,0.00010896810441796134
2020-11-16,0.0
2020-11-17,0.0
2020-11-18,0.0
2020-11-19,0.0
2020-11-20,0.0
2020-11-23,0.0
2020-11-24,0.0
2020-11-25,-0.00010895623166384816
2020-11-27,-0.0028399311838163354
2020-11-30,0.009836945181387113
2020-12-01,-0.0031844316674037865
2020-12-02,-0.00023537719195010354
2020-12-03,0.0017657445556209517
2020-12-04,-0.0021883114988474617
2020-12-07,-0.0038880930803636415
2020-12-08,0.001953181937439874
2020-12-09,-0.004147058823529504
2020-12-10,-0.004943502824858559
2020-12-11,0.006363422106999916
2020-12-14,0.007635621060108511
2020-12-15,0.0006715524540863438
2020-12-16,0.004868662721203565
2020-12-17,0.0009277244658336681
2020-12-18,-0.011265063748035153
2020-12-21,0.0007885053443139611
2020-12-22,0.0028967696629214057
2020-12-23,0.0014910100862446374
2020-12-24,0.007542444450916008
2020-12-28,0.004504244384131217
2020-12-29,0.0023139444074855575
2020-12-30,-0.00040444893832147777
2020-12-31,0.003908832236369397
2021-01-04,-0.002039151712887377
2021-01-05,-0.0043405289657966195
2021-01-06,0.006874928086526344
2021-01-07,0.004053517773116466
2021-01-08,-0.00882162284039345
2021-01-11,0.00039717438792585824
2021-01-12,-0.00031201248049927965
2021-01-13,0.002206943383413984
2021-01-14,-0.0045710067571405055
2021-01-15,0.007064409106509739
2021-01-19,0.006555423122765136
2021-01-20,0.0016515045486353852
2021-01-21,-0.005089912464692259
2021-01-22,0.002104849573417056
2021-01-25,0.002627533193571008
2021-01-26,-0.009405968310844948
2021-01-27,0.0051078971533515816
2021-01-28,-0.005264356041204343
2021-01-29,0.009520215946361876
2021-02-01,0.009140245644101652
2021-02-02,0.0023655974541665348
2021-02-03,0.00287008638397257
2021-02-04,0.005286588759042976
2021-02-05,0.004101881876888092
2021-02-08,-0.0023661475815769384
2021-02-09,0.004790748898678476
2021-02-10,0.0029471712664572713
2021-02-11,-0.002227477725222804
2021-02-12,0.0032560812104960313
2021-02-16,-0.004874842526154333
2021-02-17,-0.0073104619007201554
2021-02-18,0.0033822801517899848
2021-02-19,-0.007576174995867491
2021-02-22,-0.006356167425335735
2021-02-23,-0.0030224046140194805
2021-02-24,-0.0034284147010422705
2021-02-25,0.00517028211756787
2021-02-26,0.013843372132444465
2021-03-01,0.0007723711795211141
2021-03-02,-0.0019457956914523677
2021-03-03,-0.0006197008534970516
2021-03-04,0.009811471435498209
2021-03-05,0.0028011204481792618
2021-03-08,0.010752082864219803
2021-03-09,0.006633729321638748
2021-03-10,0.006923755930707154
2021-03-11,-0.0036043908033424055
2021-03-12,0.0005998309567305515
2021-03-15,0.0014905552996016258
2021-03-16,-0.00355504898369019
2021-03-17,-0.006897857606578683
2021-03-18,-0.0006313824530579382
2021-03-19,0.0013473012730622624
2021-03-22,-0.0016369737811364748
2021-03-23,0.003821831179543489
2021-03-24,-0.00384190160309561
2021-03-25,0.003270758321193945
2021-03-26,-0.0038950500405734445
2021-03-29,-0.003463765762840354
2021-03-30,0.00138353860343976
2021-03-31,0.005432579258898951
2021-04-01,0.0072727272727273196
2021-04-05,-0.0013442985924402295
2021-04-06,-0.0002901226427534098
2021-04-07,0.0033189337266883445
2021-04-08,-0.00023596035865980358
2021-04-09,-0.0014576880027071804
2021-04-12,-0.0002081490347087822
2021-04-13,0.0
2021-04-14,0.005465618655978277
2021-04-15,0.003425451361166232
2021-04-16,-0.002515013088333462
2021-04-19,-0.00324960024758858
2021-04-20,-0.0017666008521250998
2021-04-21,-0.0005147740142077417
2021-04-22,0.001324675324675395
2021-04-23,0.001747622719095121
2021-04-26,0.0006667350497489011
2021-04-27,0.0007695859627521173
2021-04-28,0.007159537067925825
2021-04-29,-0.0056608103628529305
2021-04-30,0.005132943229647857
2021-05-03,-0.004994109511857747
2021-05-04,0.004148308469248407
2021-05-05,0.0002576190844216786
2021-05-06,0.0019166389818814356
2021-05-07,0.0009641733482188553
2021-05-10,-0.011709241845806906
2021-05-11,-0.007341916136704318
2021-05-12,0.004015109490979274
2021-05-13,0.007205137576358878
2021-05-14,-0.002802416763080018
2021-05-17,0.0006443298969072142
2021-05-18,-0.012295934283040544
2021-05-19,0.0022155033102224664
2021-05-20,0.0038944626415289285
2021-05-21,0.005755581365337603
2021-05-24,0.002861815208503593
2021-05-25,0.0014851611912019003
2021-05-26,0.0026835003066858487
2021-05-27,0.004164111996729947
2021-05-28,0.006042835288118331
2021-06-01,0.0017610127099179085
2021-06-02,-0.00591082802547771
2021-06-03,0.004602756539749953
2021-06-04,5.068809083308423e-05
2021-06-07,0.0021053165584414835
2021-06-08,0.0021557736691266705
2021-06-09,0.00317516764885184
2021-06-10,0.0014158576051779281
2021-06-11,0.00025239777889951576
2021-06-14,0.00032736521366882876
2021-06-15,0.0003027474329539981
2021-06-16,-0.0010655841684636957
2021-06-17,-0.008349829957870036
2021-06-18,0.004346931426513878
2021-06-21,2.53646163601573e-05
2021-06-22,0.00035324989907148385
2021-06-23,0.005430664309169053
2021-06-24,0.0018832864604259036
2021-06-25,0.0014263907309626234
2021-06-28,0.0009488613663604095
2021-06-29,-0.001098215399975011
2021-06-30,0.0017704411141312715
2021-07-01,0.002777226740726002
2021-07-02,7.382798080457498e-05
2021-07-06,0.0017507089138206755
2021-07-07,-0.013022432983611387
2021-07-08,0.0036658162633442792
2021-07-09,-0.00017157703809012048
2021-07-12,-0.001880479644418509
2021-07-13,0.004092234556102969
2021-07-14,-0.0032300690060197423
2021-07-15,0.002921894566258354
2021-07-16,-0.012074724730916753
2021-07-19,0.0017080706337444518
2021-07-20,0.003046062407132233
2021-07-21,0.0004175775588906028
2021-07-22,0.004681602039315669
2021-07-23,-0.0013103615627275689
2021-07-26,-0.002444751046885907
2021-07-27,0.0015561931624763492
2021-07-28,0.002359695429002384
2021-07-29,-0.006273616897587431
2021-07-30,0.004260291647393943
2021-08-02,0.0019515050983069937
2021-08-03,-0.003049001814881991
2021-08-04,0.0027475199377553494
2021-08-05,0.0007732270146187936
2021-08-06,-0.0001688496514460347
2021-08-09,0.0010622631032568552
2021-08-10,0.002556064625030219
2021-08-11,-0.00026460753890922284
2021-08-12,0.0011752008634129396
2021-08-13,-0.003040241304191782
2021-08-16,-0.0062085104350732
2021-08-17,-0.002475902021585985
2021-08-18,-0.006683517231322655
2021-08-19,0.000897949278000354
2021-08-20,0.00414138495617844
2021-08-23,0.0015990453460621445
2021-08-24,0.000500417014178467
2021-08-25,-0.000594502045087042
2021-08-26,0.0018895905089935106
2021-08-27,0.0018020581400863822
2021-08-30,-0.00018883512333289776
2021-08-31,0.0021508934480476416
2021-09-01,0.003307503307503401
2021-09-02,-0.002685069599830392
2021-09-03,-0.0007774950523041779
2021-09-07,-0.0013947990543734523
2021-09-08,-0.000544430241916305
2021-09-09,0.004636233951497815
2021-09-10,0.007068238451217068
2021-09-13,0.0034899008007649446
2021-09-14,0.000985292704027696
2021-09-15,-0.0012155301856662248
2021-09-16,-0.0017665313917402115
2021-09-17,-0.01479981681008502
2021-09-20,0.005686832042357093
2021-09-21,0.005471050049067561
2021-09-22,0.004592952612393564
2021-09-23,-0.0036981005210959816
2021-09-24,-0.002492689708067708
2021-09-27,-0.006753833581694901
2021-09-28,0.0033361134278564464
2021-09-29,0.0036737692872887973
2021-09-30,0.0042394942357752985
2021-10-01,-0.0027445598902176016
2021-10-04,0.0035988185947233298
2021-10-05,-0.008746713839954845
2021-10-06,0.008000000000000007
2021-10-07,0.001916266433803937
2021-10-08,-0.001530984204131225
2021-10-11,0.002325467541368864
2021-10-12,0.0025027603974971946
2021-10-13,0.009071791862284906
2021-10-14,0.005170009137690501
2021-10-15,-0.004176411627130006
2021-10-18,0.0037827421311826814
2021-10-19,0.0009915482317390811
2021-10-20,-0.0014111338460452982
2021-10-21,-0.001055520371543106
2021-10-22,0.002535925612848544
2021-10-25,0.0037374445223077313
2021-10-26,0.0010266940451746365
2021-10-27,0.0034458509142052396
2021-10-28,-0.005224053865799827
2021-10-29,0.002340075531150676
2021-11-01,0.0002312513007884931
2021-11-02,-0.0012209449653297622
2021-11-03,0.0013278692277753912
2021-11-04,0.00515041020966267
2021-11-05,0.0025890849628671386
2021-11-08,0.0007487067791995816
2021-11-09,-0.0038699690402476117
2021-11-10,0.003350391261445429
2021-11-11,0.002821618645622914
2021-11-12,0.002960196739229426
2021-11-15,-0.0005235721277516703
2021-11-16,-0.000521518298489787
2021-11-17,0.002409309937267068
2021-11-18,-0.00022651595804934477
2021-11-19,0.004016155382101871
2021-11-22,-0.0006372325898952313
2021-11-23,-0.004658243955644403
2021-11-24,-0.014893231173777055
2021-11-26,0.015624636162533623
2021-11-29,-0.005679085850374466
2021-11-30,0.012720864551968747
2021-12-01,0.0004487270322610648
2021-12-02,0.003978131906478888
2021-12-03,0.005983668105875584
2021-12-06,0.012268373570815783
2021-12-07,0.00097709507362298
2021-12-08,-0.00296850215273059
2021-12-09,0.006228894770466509
2021-12-10,-0.0011075949367087556
2021-12-13,-0.007638809713829686
2021-12-14,6.888317413666911e-05
2021-12-15,0.004228090802206763
2021-12-16,-0.007003056708791422
2021-12-17,-0.011872377702982995
2021-12-20,0.007876217551381792
2021-12-21,-0.0005724098454493731
2021-12-22,0.0022441855193362503
2021-12-23,0.003086628365438715
2021-12-27,0.0009552159232271151
2021-12-28,0.00024455313472659945
2021-12-29,0.0009548129232817004
2021-12-30,-0.0010688042752171611
2021-12-31,0.0030363242615703
2022-01-03,0.0030624472948381776
2022-01-04,-0.0007326983281156219
2022-01-05,-0.001063877948299985
2022-01-06,4.5315509233034845e-05
2022-01-07,-0.007346753099055969
2022-01-10,-0.0006832156684126733
2022-01-11,0.003927233331828761
2022-01-12,0.0024307352974275442
2022-01-13,-0.007189318726463445
2022-01-14,-0.010677618069815265
2022-01-18,0.003646244600306492
2022-01-19,0.004341398164879218
2022-01-20,-0.0027526636767044588
2022-01-21,-0.013675751561214033
2022-01-24,-0.01554553999662589
2022-01-25,0.014372864812103536
2022-01-26,0.011080129145876194
2022-01-27,-9.062169392051161e-05
2022-01-28,-0.00021873268754835085
2022-01-31,0.00021878054200419328
2022-02-01,-0.00010936634377411991
2022-02-02,0.0001093783060794884
2022-02-03,0.0
2022-02-04,-0.00021873268754835085
2022-02-07,0.0
2022-02-08,0.00010939027100209664
2022-02-09,-0.00010937830607959942
2022-02-10,0.0
2022-02-11,0.0
2022-02-14,-0.00010939027100209664
2022-02-15,0.00021880447708522155
2022-02-16,0.0
2022-02-17,-0.00010937830607959942
2022-02-18,0.00010939027100209664
2022-02-22,0.0
2022-02-23,-0.00010937830607959942
2022-02-24,0.0
2022-02-25,0.0
2022-02-28,0.0
2022-03-01,0.00024107101912940188
2022-03-02,0.0
2022-03-03,0.00010926573426583985
2022-03-04,0.0
2022-03-07,0.0
2022-03-08,0.0
2022-03-09,0.0
2022-03-10,0.0
2022-03-11,-0.00010925379656945289
2022-03-14,0.00010926573426583985
2022-03-15,-0.0002189002393080397
2022-03-16,0.00021894816711420795
2022-03-17,0.0
2022-03-18,-0.00010925379656945289
2022-03-21,0.0
2022-03-22,0.0
2022-03-23,0.00021872781306742084
2022-03-24,0.0
2022-03-25,-0.0002186799816732421
2022-03-28,0.0
2022-03-29,0.0
2022-03-30,0.00021872781306742084
2022-03-31,0.0
2022-04-01,0.0
2022-04-04,-0.00010943814163633103
2022-04-05,-0.009548860095128809
2022-04-06,-0.002153846153846173
2022-04-07,-0.0016959133199859755
2022-04-08,-0.007839618408935212
2022-04-11,0.0070628933839427255
2022-04-12,-0.00048236939848533833
2022-04-13,0.0004291231583464228
2022-04-14,-0.002413884664590693
2022-04-18,-0.00028958926589117695
2022-04-19,0.004275331338178701
2022-04-20,0.008675809940339008
2022-04-21,-0.0026059889486764742
2022-04-22,-0.0056806906132169654
2022-04-25,-0.006240749876665008
2022-04-26,0.0027179435074171643
2022-04-27,0.012057653823745351
2022-04-28,-0.009809008474785719
2022-04-29,5.1303098707267125e-05
2022-05-02,-9.054988034609118e-05
2022-05-03,-0.00010943814163633103
2022-05-04,0.00021860575468113375
2022-05-05,0.0
2022-05-06,0.0
2022-05-09,-0.00010913177819238395
2022-05-10,0.0
2022-05-11,0.0
2022-05-12,0.0001091436892373121
2022-05-13,0.00010952433854560795
2022-05-16,-0.00010951234427858392
2022-05-17,0.0
2022-05-18,0.0
2022-05-19,0.0002184598365613244
2022-05-20,0.0
2022-05-23,0.0
2022-05-24,-0.0001089117051824573
2022-05-25,0.00010892356823410942
2022-05-26,0.00021890271555147223
2022-05-27,-0.00021885480763972343
2022-05-31,-0.0001089117051824573
2022-06-01,1.0696098141860233e-05
2022-06-02,0.00021912047416372538
2022-06-03,-0.00021907247090002802
2022-06-06,0.00010960930122738688
2022-06-07,-0.0001095972883452534
2022-06-08,0.00010960930122738688
2022-06-09,0.00010949917080860239
2022-06-10,-0.00021907247090002802
2022-06-13,0.00010960930122738688
2022-06-14,-0.0001095972883452534
2022-06-15,0.00010960930122738688
2022-06-16,0.00021870398900780685
2022-06-17,-0.00010918093989187305
2022-06-21,0.00021877815051829508
2022-06-22,0.0001087766365439613
2022-06-23,0.0
2022-06-24,-0.00021831420828288817
2022-06-27,0.0
2022-06-28,0.0002183618797837461
2022-06-29,0.00010964747747532755
2022-06-30,0.00010924320056693304
2022-07-01,-7.657955129869443e-05
2022-07-05,0.0
2022-07-06,0.0
2022-07-07,0.0
2022-07-08,-0.00010963187616419567
2022-07-11,0.00010964389663037366
2022-07-12,-0.00010963187616419567
2022-07-13,0.0
2022-07-14,0.00010964389663037366
2022-07-15,-0.00010963187616419567
2022-07-18,0.0
2022-07-19,0.0
2022-07-20,0.0
2022-07-21,0.0003283432611076442
2022-07-22,0.0001096079076123857
2022-07-25,-0.0001095958950357856
2022-07-26,0.0
2022-07-27,0.0
2022-07-28,0.0001096079076123857
2022-07-29,0.00010920378092116323
2022-08-01,7.61598498209004e-05
2022-08-02,0.00010986961387748906
2022-08-03,-0.00030158472165777697
2022-08-04,-0.010799410479239713
2022-08-05,0.00440394063589844
2022-08-08,-0.0019111201712364023
2022-08-09,0.01811436612511197
2022-08-10,0.007242563215798414
2022-08-11,0.004785887894961149
2022-08-12,-0.005372369264133203
2022-08-15,-0.00262583130874372
2022-08-16,-0.00862216778934477
2022-08-17,0.0004439949680568045
2022-08-18,-0.006666338679523709
2022-08-19,-0.012091144794575293
2022-08-22,-0.0013490810975921308
2022-08-23,-0.0004594297965747618
2022-08-24,0.003918375655183048
2022-08-25,-0.00027595895737686504
2022-08-26,-0.007711681769791978
2022-08-29,0.0030321248398985645
2022-08-30,0.004414019136226743
2022-08-31,-0.005646707862774325
2022-09-01,0.009823443515199815
2022-09-02,0.002119496686609601
2022-09-06,-0.0009156522675858314
2022-09-07,-0.006191295144860387
2022-09-08,0.005835195163622187
2022-09-09,0.005462076106652836
2022-09-12,-0.022229051423888535
2022-09-13,0.0033999036247791548
2022-09-14,-0.004187224963328462
2022-09-15,-0.011276268580215243
2022-09-16,-0.0002
2022-09-19,0.0
2022-09-20,-0.00010876515199709225
2022-09-21,0.00021823809825383123
2022-09-22,0.0004372603678830522
2022-09-23,0.0
2022-09-26,-0.00021858346196357292
2022-09-27,0.0003275561148659012
2022-09-28,0.00010947514723724794
2022-09-29,0.00021824279300775018
2022-09-30,0.0
2022-10-03,-0.0002735493852802362
2022-10-04,0.00032840767393915726
2022-10-05,0.0
2022-10-06,0.0002183784661846655
2022-10-07,0.0
2022-10-10,0.00010960459289122149
2022-10-11,0.0
2022-10-12,0.0
2022-10-13,0.0003278994410484959
2022-10-14,0.0
2022-10-17,0.0
2022-10-18,0.0
2022-10-19,0.0
2022-10-20,0.00043725105859238056
2022-10-21,0.0001090212021859216
2022-10-24,-0.00010900931785906565
2022-10-25,0.0
2022-10-26,0.00021833494784817553
2022-10-27,0.00032738218555383725
2022-10-28,-0.00010905919341219761
2022-10-31,0.0
2022-11-01,8.743232036612092e-05
2022-11-02,0.00032854914704416593
2022-11-03,0.00032824637516237765
2022-11-04,0.0002188565093155237
2022-11-07,-0.0001094529998690863
2022-11-08,0.00010946498113972858
2022-11-09,0.0005461938400941335
2022-11-10,0.00010958789986070805
2022-11-11,-0.00010957589166893378
2022-11-14,0.0
2022-11-15,0.00021868917494427542
2022-11-16,0.00010907742103216655
2022-11-17,0.00032826679703945594
2022-11-18,0.0
2022-11-21,0.00010854342792399052
2022-11-22,0.0002188138054979305
2022-11-23,0.00021818256066019615
2022-11-25,0.0
2022-11-28,0.00010906748370720365
2022-11-29,0.0003272639653604248
2022-11-30,0.0
2022-12-01,0.0002190114789610842
2022-12-02,-0.007387017001545448
2022-12-05,-0.00047210638130457117
2022-12-06,-0.0024481758428910316
2022-12-07,0.0050651808802750775
2022-12-08,-0.003200804168981275
2022-12-09,0.002078669651423004
2022-12-12,0.02832295525603623
2022-12-13,-0.0008604729994002858
2022-12-14,-0.012753227668730882
2022-12-15,-0.006859079538424129
2022-12-16,0.0004354807980184727
2022-12-19,-0.0019767729182110783
2022-12-20,0.007155586017820514
2022-12-21,-0.008238344767975803
2022-12-22,-0.002931667488629497
2022-12-23,-0.0002997030215512453
2022-12-27,-0.00013676896985614917
2022-12-28,0.007810119921344949
2022-12-29,0.00023726149758049892
2022-12-30,0.004846509724760729
2023-01-03,0.0061635392411998335
2023-01-04,-0.005246989098224741
2023-01-05,0.00012810495331014876
2023-01-06,-0.00010897757452499324
2023-01-09,0.00021846287123317154
2023-01-10,-0.00010944950864810732
2023-01-11,0.0
2023-01-12,0.0007651658118958959
2023-01-13,0.00010957121485843935
2023-01-17,0.00299983213995334
2023-01-18,-0.0055953744904213565
2023-01-19,0.003623480151381031
2023-01-20,0.0022402614516894293
2023-01-23,-0.004245012761081246
2023-01-24,-0.010532353094530378
2023-01-25,0.006905357515113675
2023-01-26,-0.0026035624983888894
2023-01-27,-0.007097670112636956
2023-01-30,0.001197854278423005
2023-01-31,-0.003054414784394277
2023-02-01,0.00990451036164175
2023-02-02,-0.012440550688360474
2023-02-03,-0.0062488931616362375
2023-02-06,-0.002519660991066708
2023-02-07,-0.004950121868482649
2023-02-08,0.009120008129255286
2023-02-09,-0.003049327354260112
2023-02-10,0.001687461648598898
2023-02-13,-0.0038411968360667625
2023-02-14,-0.005587015876226009
2023-02-15,-0.012574654134012042
2023-02-16,-0.00554420030659164
2023-02-17,-0.010272568910749014
2023-02-21,0.0009409550693955104
2023-02-22,0.007459561325446229
2023-02-23,-0.013071555046349492
2023-02-24,0.008737761869670457
2023-02-27,-0.0012590494176897282
2023-02-28,-0.002001158565485217
2023-03-01,-0.005311558585698428
2023-03-02,0.004825596643063035
2023-03-03,0.0022199850280080202
2023-03-06,-7.738141298452295e-05
2023-03-07,0.00034053700065483916
2023-03-08,0.0021183116271772384
2023-03-09,-0.0015451832907077412
2023-03-10,-0.010650951557093391
2023-03-13,0.013511318098126335
2023-03-14,-0.01486216540151819
2023-03-15,-0.006484284987004485
2023-03-16,-0.0032401675403703756
2023-03-17,0.0017315786669507283
2023-03-20,0.009134107708553163
2023-03-21,-0.0003387092571844885
2023-03-22,0.007473366194943765
2023-03-23,-0.003225209506437121
2023-03-24,0.0060402332055256025
2023-03-27,-0.0017038901121947392
2023-03-28,1.8049745821069498e-05
2023-03-29,0.0
2023-03-30,0.002142583534984399
2023-03-31,-0.0012185524612221554
2023-04-03,0.0016438217591421278
2023-04-04,-0.001983370203676782
2023-04-05,-0.002166930097384334
2023-04-06,-0.006349206349206327
2023-04-10,0.0014713343480465824
2023-04-11,0.005275974025974017
2023-04-12,0.0028522678075737495
2023-04-13,-0.0015081439774783378
2023-04-14,-0.0003023279250227162
2023-04-17,0.003966759559137278
2023-04-18,-0.004817100707511512
2023-04-19,-0.007225832350653549
2023-04-20,0.0007821764691040567
2023-04-21,-0.0004538349049467705
2023-04-24,-0.004936405994207416
2023-04-25,0.001484173085288809
2023-04-26,0.006502184528398791
2023-04-27,-0.0021923745684550022
2023-04-28,-0.0010993678634785287
2023-05-01,-0.001825730292116745
2023-05-02,0.001188789963577408
2023-05-03,-0.002598130365011775
2023-05-04,0.009233847179829224
2023-05-05,0.0008563584615772779
2023-05-08,-0.004028095969386358
2023-05-09,0.007105828802629999
2023-05-10,-0.0020895221791451535
2023-05-11,0.00302571860816947
2023-05-12,0.0014896356704623415
2023-05-15,-0.002793014946404382
2023-05-16,0.005117033134055982
2023-05-17,-0.0007508634930170066
2023-05-18,0.002255825483391316
2023-05-19,7.447680047656391e-05
2023-05-22,-0.0040449661265108405
2023-05-23,-0.004040556141143292
2023-05-24,0.008847991505928077
2023-05-25,0.0016792821695321702
2023-05-26,0.004874669042139956
2023-05-30,-0.004501496376542735
2023-05-31,0.0006217977416305143
2023-06-01,0.006356401980832427
2023-06-02,0.0008985816980766614
2023-06-05,-0.001021947540026269
2023-06-06,0.0009468777313781374
2023-06-07,2.4360535931799987e-05
2023-06-08,0.001937374373380596
2023-06-09,0.0023932698351301074
2023-06-12,0.0035456745166622117
2023-06-13,0.0007853776952733149
2023-06-14,-0.0019729961015498843
2023-06-15,0.0046960482753761745
2023-06-16,-0.004476697610857228
2023-06-20,-0.002368040919747072
2023-06-21,-0.0022615278405979655
2023-06-22,-0.008277399615776893
2023-06-23,-0.001338400133840012
2023-06-26,0.0021358803906981194
2023-06-27,-0.002492640774855226
2023-06-28,-0.0009727857261490058
2023-06-29,0.007538341564855777
2023-06-30,-0.0009341647399518926
2023-07-03,-0.004687281376801411
2023-07-05,-0.008411214953271129
2023-07-06,-0.0023548804898151365
2023-07-07,-0.0007791471879871059
2023-07-10,0.0017897513187641323
2023-07-11,0.008845001871957914
2023-07-12,0.004248206699630996
2023-07-13,0.002118985650781946
2023-07-14,-0.00032263268269072665
2023-07-17,-0.0007808014697439081
2023-07-18,0.0018464905281874167
2023-07-19,-0.002138404840984598
2023-07-20,0.0039383600851783385
2023-07-21,0.002610248660530168
2023-07-24,-0.0006154828120725764
2023-07-25,-0.002068887120609375
2023-07-26,0.007705421070576257
2023-07-27,0.007528259576220719
2023-07-28,0.0010876954452752052
2023-07-31,-0.0033246635757094856
2023-08-01,-0.007031551250935686
2023-08-02,-0.004669242800625528
2023-08-03,0.0041752208714909145
2023-08-04,0.004263799416044822
2023-08-07,-0.0058120836204916815
2023-08-08,0.0006229523326104491
2023-08-09,0.005481743008454831
2023-08-10,-0.004411423264453207
2023-08-11,-0.001975090621805009
2023-08-14,-0.004066731364665621
2023-08-15,-0.0010986185456161035
2023-08-16,0.0034855514472103
2023-08-17,-0.006645149041199949
2023-08-18,0.0024908077333649636
2023-08-21,0.004171281785402936
2023-08-22,0.002599612421420927
2023-08-23,0.003879955123410772
2023-08-24,0.004028531481788722
2023-08-25,0.0052009790078131335
2023-08-28,-0.00016370439663249137
2023-08-29,0.0008529276164130906
2023-08-30,0.001469305294090839
2023-08-31,0.006415267877672992
2023-09-01,-0.0010555300596605255
2023-09-05,-0.0018898363678266916
2023-09-06,-0.006914955331244865
2023-09-07,0.00013965180150821155
2023-09-08,0.0061353970577981976
2023-09-11,-0.0034167513159110152
2023-09-12,0.0005804100016251201
2023-09-13,0.00572740342252942
2023-09-14,-0.003632183908045983
2023-09-15,-0.0005352945283589872
2023-09-18,-0.0021627404013859763
2023-09-19,0.002842828847722245
2023-09-20,-0.006563007221660366
2023-09-21,0.0024392577004017646
2023-09-22,-0.002828650877361172
2023-09-25,-0.007232539265765947
2023-09-26,0.002955784373107173
2023-09-27,-0.0012834794401123117
2023-09-28,0.007366925873317776
2023-09-29,-0.0017863177714478873
2023-10-02,-0.005383482606281631
2023-10-03,0.000954198473282375
2023-10-04,-0.0008259042436904451
2023-10-05,-0.005857760925574884
2023-10-06,-0.004515648644104475
2023-10-09,0.0015513496742165511
2023-10-10,0.002683193237403181
2023-10-11,0.001466032962095909
2023-10-12,0.00347304819449068
2023-10-13,0.005235476930432803
2023-10-16,-0.007335194737589368
2023-10-17,-0.004376626449018151
2023-10-18,0.0016065605217723267
2023-10-19,-0.0010403309704111185
2023-10-20,-0.0037965072133635536
2023-10-23,0.0052019433675221105
2023-10-24,-0.004091473661138378
2023-10-25,-0.002766935125253056
2023-10-26,0.003875775155031125
2023-10-27,0.006857401220768056
2023-10-30,0.0014398490640981088
2023-10-31,0.00231881197888395
2023-11-01,0.009176998926095914
2023-11-02,0.005484767196781037
2023-11-03,0.0018275894806796256
2023-11-06,9.472612309657791e-05
2023-11-07,0.0015113944975793103
2023-11-08,0.0027845293437478436
2023-11-09,0.004874684928900752
2023-11-10,-0.0031376589317909653
2023-11-13,0.013921439955001391
2023-11-14,0.003080955556066467
2023-11-15,-0.0008948648524620406
2023-11-16,6.874742197182648e-05
2023-11-17,-0.0005721740324536873
2023-11-20,-0.0023393672352314265
2023-11-21,0.0037783088653691177
2023-11-22,9.069266523065167e-05
2023-11-24,-0.0018572625761590356
2023-11-27,-0.0009306759885595595
2023-11-28,0.004989680433648669
2023-11-29,0.001906231561748184
2023-11-30,-0.0011983088019174026
2023-12-01,-0.0074841551669887485
2023-12-04,-0.0030499514266995043
2023-12-05,0.0048806941431671635
2023-12-06,0.004855470345328294
2023-12-07,-0.0016436258837302375
2023-12-08,-0.0009641255605381538
2023-12-11,-0.0007146366519272807
2023-12-12,0.0007112691709270091
2023-12-13,0.004407991403320155
2023-12-14,-0.0012677595628415306
2023-12-15,0.0034588441330998254
2023-12-18,0.0011101919979101815
2023-12-19,-0.0018177490207960112
2023-12-20,0.007157913226769619
2023-12-21,0.0025216843112105813
2023-12-22,0.0009762658914391764
2023-12-26,-0.0003024738036081498
2023-12-27,0.0007115902964958121
2023-12-28,-0.00040955337127090985
2023-12-29,-0.006700964074186189
2024-01-02,-0.004587554898465074
2024-01-03,-0.0009206892016310197
2024-01-04,0.00046178203887770053
2024-01-05,0.0010100344729155886
2024-01-08,-0.005672837501353278
2024-01-09,0.0006722324623225084
2024-01-10,0.0022209763670864024
2024-01-11,0.0031710421295598756
2024-01-12,-0.0029747790472084423
2024-01-16,-0.006576812409406663
2024-01-17,0.0036768705262928414
2024-01-18,0.002501617425059388
2024-01-19,0.0033013844515441537
2024-01-22,0.0010412903500010007
2024-01-23,0.006039415130324244
2024-01-24,0.0046155149051489985
2024-01-25,-0.000842229381172066
2024-01-26,0.0005269592344336882
2024-01-29,-0.001443182531216669
2024-01-30,-0.00456334254374946
2024-01-31,0.003531990042341171
2024-02-01,0.0008821120282276329
2024-02-02,-0.001122591106583748
2024-02-05,0.0018982456872276288
2024-02-06,0.0047010858260181365
2024-02-07,0.00010315446349373758
2024-02-08,0.0009277394083084811
2024-02-09,-2.050188617352955e-05
2024-02-12,-0.012840235472688866
2024-02-13,0.005364829178016617
2024-02-14,0.0013600675912379678
2024-02-15,-0.00047081943051319186
2024-02-16,-0.003538293801814474
2024-02-20,-0.002668376634122116
2024-02-21,0.013722977720828311
2024-02-22,0.0033809774466535547
2024-02-23,0.0009509934846829715
2024-02-26,0.0013808788887985646
2024-02-27,-0.0030407459963510686
2024-02-28,0.0037146800909386712
2024-02-29,0.0019215210355987278
2024-03-01,-0.0015627817515178055
2024-03-04,-0.003911499809439722
2024-03-05,0.006706242275664964
2024-03-06,0.006489972790486798
2024-03-07,0.0011574998004311166
2024-03-08,-0.002509737782596444
2024-03-11,0.00428080471089487
2024-03-12,0.0005765751436466182
2024-03-13,0.0019117032080768759
2024-03-14,-0.006085880756644624
2024-03-15,0.008319266939956549
2024-03-18,-0.0013980427401637519
2024-03-19,3.9720368605111744e-05
2024-03-20,0.005688192571889683
2024-03-21,0.0
2024-03-22,-0.0028492827667517817
2024-03-25,0.002739078172108611
2024-03-26,0.005885257233139152
2024-03-27,7.831620166420805e-05
2024-03-28,0.0013706677109848187
2024-04-01,-0.007610379930565125
2024-04-02,-0.002191337308011243
2024-04-03,0.00802713843362346
2024-04-04,0.002735349905161222
2024-04-05,0.00144240268721596
2024-04-08,0.0035350343629036995
2024-04-09,-0.011203818766396423
2024-04-10,0.002948442106940785
2024-04-11,-0.007098228408731311
2024-04-12,0.008421896932023332
2024-04-15,0.0008730432663999199
2024-04-16,0.0050860560686820655
2024-04-17,0.002967541238590332
2024-04-18,-8.202940754264976e-05
2024-04-19,0.005523947450087885
2024-04-22,0.004325809295364635
2024-04-23,0.001823190989385104
2024-04-24,-0.012422234381016195
2024-04-25,0.005778347474007628
2024-04-26,0.003607561771937551
2024-04-29,-0.0029119974294091744
2024-04-30,-0.0013261787688979565
2024-05-01,0.007780826405667796
2024-05-02,0.012169644849197914
2024-05-03,0.004808077570318092
2024-05-06,0.0018439941309433827
2024-05-07,-0.003762897827421674
2024-05-08,0.00035649211756316745
2024-05-09,0.0032296815612753438
2024-05-10,0.0032842983008181115
2024-05-13,0.0003539474977878321
2024-05-14,0.004854463953647636
2024-05-15,0.00019335253968533195
2024-05-16,0.00031001143167141976
2024-05-17,0.0002708663854815718
2024-05-20,-0.0013914656771800704
2024-05-21,-0.0012338300784638934
2024-05-22,0.00591590140164322
2024-05-23,0.003602936880440888
2024-05-24,0.0014508734258023015
2024-05-28,-0.007906590113862522
2024-05-29,-0.0030177952571939226
2024-05-30,0.0018031084020930788
2024-05-31,0.003166093661985503
2024-06-03,-0.0024648707398493563
2024-06-04,0.004575328124697187
2024-06-05,0.0006130737987584123
2024-06-06,-0.0018201325822891912
2024-06-07,-0.0014579216942584017
2024-06-10,-0.0029066432095462558
2024-06-11,0.008813934410591973
2024-06-12,0.0033302427671288992
2024-06-13,-0.002813816025532101
2024-06-14,-0.001207889025195752
2024-06-17,0.0001872413728536415
2024-06-18,0.0017367919771413831
2024-06-20,-0.0013109350712587897
2024-06-21,0.00037528380838014463
2024-06-24,0.0024836306163917854
2024-06-25,-0.0020053601214462535
2024-06-26,-0.00026202998371671615
2024-06-27,0.001532395208461601
2024-06-28,0.0028336054345174944
2024-07-01,-0.0030702986052606462
2024-07-02,-0.0005207655253222088
2024-07-03,0.0016496144721234174
2024-07-05,0.0013436901781769262
2024-07-08,0.00165468551782455
2024-07-09,0.0022042210833748133
2024-07-10,0.00032744538029128023
2024-07-11,0.002165256803126736
2024-07-12,0.0038294613224407748
2024-07-15,0.0024730420235303807
2024-07-16,-0.01071906294060243
2024-07-17,0.0028048176868502583
2024-07-18,-0.0004433852463558985
2024-07-19,0.007421460855979056
2024-07-22,-0.00020248877107731378
2024-07-23,-0.008777105767812543
2024-07-24,0.0002641160601428716
2024-07-25,0.007320866365739809
2024-07-26,0.003000862748040012
2024-07-29,0.002755130728141708
2024-07-30,0.01303790790564463
2024-07-31,0.0038767598449296337
2024-08-01,-0.013480991238295714
2024-08-02,-0.04003754717342578
2024-08-05,0.003492777646223022
2024-08-06,0.012044423588299713
2024-08-07,0.010118508602700915
2024-08-08,-0.001539320005387701
2024-08-09,0.0024715484538451182
2024-08-12,0.006146128513441207
2024-08-13,0.0016012056136385233
2024-08-14,0.01051465480012781
2024-08-15,-0.002990640403182643
2024-08-16,0.0009395725865879445
2024-08-19,-0.0007298737318442994
2024-08-20,0.0020105278549495953
2024-08-21,0.0033141525238546965
2024-08-22,0.0059842866583450505
2024-08-23,0.0018709583666352003
2024-08-26,-0.0022032447786740628
2024-08-27,-0.0005818393396124222
2024-08-28,0.003547655621388257
2024-08-29,0.00440721979408587
2024-08-30,-0.005489428773302829
2024-09-03,-0.0035502958579880506
2024-09-04,9.26784059314123e-05
2024-09-05,0.0006502433768067473
2024-09-06,0.007802610946326505
2024-09-09,0.003550207406853856
2024-09-10,-0.00022324335385937033
2024-09-11,0.0011787457408600766
2024-09-12,0.0011871712448860983
2024-09-13,-0.0003633852974309626
2024-09-16,0.00400885212596136
2024-09-17,0.0011423183623142652
2024-09-18,0.017243260940740024
2024-09-19,-0.0023427580163455364
2024-09-20,0.0021859098401777466
2024-09-23,0.0015368394717560907
2024-09-24,-0.0001781895937277289
2024-09-25,0.0077324190149647976
2024-09-26,0.0019387083577895314
2024-09-27,-0.0017279156349645497
2024-09-30,-0.0010816945365558217
2024-10-01,-0.0017361732593521584
2024-10-02,-0.0026125078285765824
2024-10-03,0.008049480100394524
2024-10-04,-0.002807192097221356
2024-10-07,0.004642991592420431
2024-10-08,5.328028984497024e-05
2024-10-09,-0.002310568646818223
2024-10-10,-8.834234425258991e-05
2024-10-11,0.002880376556544828
2024-10-14,0.0005400602776957086
2024-10-15,-1.75561797752799e-05
2024-10-16,0.006311078477649001
2024-10-17,0.003076654138624235
2024-10-18,-0.0012014626501827275
2024-10-21,-0.0044819588078337524
2024-10-22,-0.003524874797145361
2024-10-23,0.0035401035612385723
2024-10-24,0.004024604569419887
2024-10-25,0.006082553969481541
2024-10-28,-0.0015598436651069747
2024-10-29,-0.0006999370056695042
2024-10-30,-0.007599424339218563
2024-10-31,0.004869664852477751
2024-11-01,0.0002673844453555674
2024-11-04,0.0016792911247678344
2024-11-05,0.02171035213132133
2024-11-06,0.003461637819684782
2024-11-07,0.001025483258985771
2024-11-08,0.0026372654109878546
2024-11-11,-3.400204012260488e-05
2024-11-12,0.0007503666564345757
2024-11-13,0.00023863094020604159
2024-11-14,-0.006124129412975687
2024-11-15,0.0008863245338106562
2024-11-18,-0.005832367041068709
2024-11-19,0.00015519381983719605
2024-11-20,0.004895454467102267
2024-11-21,8.573682225043733e-05
2024-11-22,0.006786092783152675
2024-11-25,0.002265951103160191
2024-11-26,-0.00044054356298073305
2024-11-27,0.0014109167559115399
2024-11-29,0.00011818135773511429
2024-12-02,-0.00043841899365981707
2024-12-03,0.0028993324792665476
2024-12-04,5.025714907969103e-05
2024-12-05,0.0013759543585869505
2024-12-06,-0.00031815137307444896
2024-12-09,0.0011615379435729878
2024-12-10,0.004828797190518097
2024-12-11,-0.0015247222827272644
2024-12-12,0.003402219864248046
2024-12-13,0.0028805336567616635
2024-12-16,-0.004260958547918969
2024-12-17,-0.0004211448401334472
2024-12-18,0.008628472222222294
2024-12-19,-0.004115869542565376
2024-12-20,3.433948010034271e-05
2024-12-23,0.0021321234243607545
2024-12-24,-0.0026499679303244594
2024-12-26,-0.0062937652914873965
2024-12-27,-0.011816259719001576
2024-12-30,0.0028457107378152546
2024-12-31,0.005764936031715795
2025-01-02,0.005050154454895539
2025-01-03,0.0074391498114501076
2025-01-06,0.00340785169029445
2025-01-07,-3.4464931931710296e-05
2025-01-08,-0.006006988072083885
2025-01-10,-0.008178815469845113
2025-01-13,0.004780014654059528
2025-01-14,0.014027811661380785
2025-01-15,0.0023618004449768026
2025-01-16,0.008864275426925472
2025-01-17,0.005195069776917638
2025-01-21,0.004963822985024402
2025-01-22,-0.0009035086251609759
2025-01-23,0.00016639211966928968
2025-01-24,-0.02157697121401747
2025-01-27,0.0020140816464693234
2025-01-28,-0.0012922932330826642
2025-01-29,0.0036244710800923396
2025-01-30,0.004158771150201801
2025-01-31,-0.015172204521316957
2025-02-03,0.00025462570022072306
2025-02-04,-0.0018545056056646914
2025-02-05,0.0029889342266551377
2025-02-06,0.0009035086251611979
2025-02-07,0.005336125230078093
2025-02-10,-0.0037071828765056214
2025-02-11,-0.009873438940574908
2025-02-12,0.0018495788004642133
2025-02-13,0.0004159941428025782
2025-02-14,0.0019301807048486275
2025-02-18,-0.0020909045651416047
2025-02-19,-0.0022015129194048466
2025-02-20,-0.00036565502110808
2025-02-21,0.003364783064488952
2025-02-24,-6.795093942169039e-05
2025-02-25,0.0028683136705878187
2025-02-26,0.00406191865922545
2025-02-27,0.0008843879515147979
2025-02-28,0.003552094540362205
2025-03-03,-0.0072964803168757975
2025-03-04,-0.0002813829974323001
2025-03-05,-0.012980459710114745
2025-03-06,-0.003329732027417154
2025-03-07,-0.0143408326139427
2025-03-10,-0.0024062381271146016
2025-03-11,0.01087253954065348
2025-03-12,-0.0007623611413634102
2025-03-13,0.008351421949155613
2025-03-14,1.8774829638279646e-05
2025-03-17,0.00021829213279511706
2025-03-18,0.0
2025-03-19,0.00010894834587626967
2025-03-20,0.00021848153852732644
2025-03-21,0.0003273464967883388
2025-03-24,0.0
2025-03-25,0.00010913772076825978
2025-03-26,0.00010912581102595631
2025-03-27,0.00021822780776536987
2025-03-28,0.00032727029216950143
2025-03-31,0.0
2025-04-01,0.00022956994620293436
2025-04-02,0.00010937660456988851
2025-04-03,0.00010919104796580648
2025-04-04,0.0003281448947605181
2025-04-07,0.0001093168305406067
2025-04-08,0.00021860976335497107
2025-04-09,0.0
2025-04-10,0.00010919426083977335
2025-04-11,0.00043698951944937114
2025-04-14,0.0
2025-04-15,0.00021870271409807351
2025-04-16,0.00010902412059010658
2025-04-17,0.0004369154944601217
2025-04-21,0.000108964627292929
2025-04-22,0.0
2025-04-23,0.00021825194224733835
2025-04-24,0.0
2025-04-25,0.0004364952264774846
2025-04-28,0.00010888145509935221
2025-04-29,0.0
2025-04-30,0.00010912922665884395
2025-05-01,0.00024064652141175813
2025-05-02,0.0003280518031170132
2025-05-05,0.0
2025-05-06,0.0002188889298242458
2025-05-07,0.0
2025-05-08,0.0002184087066736673
2025-05-09,0.0003279737489603196
2025-05-12,0.0
2025-05-13,0.00021846225558985743
2025-05-14,-0.003608504045446792
2025-05-15,0.0014219389765464108
2025-05-16,-0.010416134797038512
2025-05-19,-0.0030772369472450434
2025-05-20,-0.007353568442783898
2025-05-21,-0.0005205170469334552
2025-05-22,-0.012091877450470023
2025-05-23,0.01192825582004553
2025-05-27,0.0008556369361352179
2025-05-28,0.009104364587636082
2025-05-29,-0.0018515026315336636
2025-05-30,-0.0028998936133702857
2025-06-02,-0.0005290734388065932
2025-06-03,0.0014083312123525094
2025-06-04,0.002902535899786285
2025-06-05,0.009517636624138737
2025-06-06,0.00118195326219106
2025-06-09,0.0010965652203251963
2025-06-10,0.001878501224380269
2025-06-11,-0.002287328870799632
2025-06-12,-0.008645098597684586
2025-06-13,0.005777898268324977
2025-06-16,-0.004128417272223905
2025-06-17,0.0014895813937743085
2025-06-18,0.004520213990655053
2025-06-20,0.0013746754238581627
2025-06-23,0.0070074611816897114
2025-06-24,0.001878105938471153
2025-06-25,0.0031895277173279446
2025-06-26,0.0016316708969246196
2025-06-27,0.00406764093227685
2025-06-30,-0.0024482601031533546
2025-07-01,-0.0005225598902625084
2025-07-02,0.003316156509582946
2025-07-03,-0.002839305015567728
2025-07-07,0.000909740723893826
2025-07-08,0.003966899152969328
2025-07-09,0.00027473415430367965
2025-07-10,-0.0049630990363853655
2025-07-11,-0.0006953877999871239
2025-07-14,0.004422993107233486
2025-07-15,0.002626075961678742
2025-07-16,0.00040392289919699564
2025-07-17,0.0020876826722338038
2025-07-18,0.001880122127591255
2025-07-21,0.0005132564517937865
2025-07-22,0.004330115148988067
2025-07-23,0.0006679070655024599
2025-07-24,0.0010014465338823442
2025-07-25,0.0007440593981034027
2025-07-28,0.002264234593704506
2025-07-29,0.0011271630417526435
2025-07-30,0.0078518636255267
2025-07-31,-0.008968323625628383
2025-08-01,0.006374902673241589
2025-08-04,0.001150564096008333
2025-08-05,0.0016700924974306641
2025-08-06,0.005658723200764992
2025-08-07,0.0028071070847555113
2025-08-08,0.0005223337237647563
2025-08-11,0.0038542063189950238
2025-08-12,0.0035466001286819093
2025-08-13,-0.0032683826979014174
2025-08-14,0.0016262196647485183
2025-08-15,-0.0009090481638793779
2025-08-18,-0.000235161320665922
2025-08-19,-0.0005832374406911089
2025-08-20,-0.0027975343764818916
2025-08-21,0.0034431874077716085
2025-08-22,-0.0019223555888973065
2025-08-25,-0.0004238152793257788
2025-08-26,-0.0008597780209473882
2025-08-27,0.001013755887582457
2025-08-28,-0.0022069222759273366
2025-08-29,-0.011678991885680334
2025-09-02,0.0036540036540038123
2025-09-03,0.0012221299531516294
2025-09-04,0.003807126318897458
2025-09-05,0.00216588497436776
2025-09-08,0.0002487020859887057
2025-09-09,0.0050708680954005825
2025-09-10,0.0029996598323900336
2025-09-11,-3.0671083302791224e-05
2025-09-12,0.0033748024973538904
2025-09-15,0.0009308855621175116
2025-09-16,0.00012225312509550612
2025-09-17,0.004100116271954057
2025-09-18,0.00283230040657223
2025-09-19,-0.00216709351842026
2025-09-22,-7.541705632152507e-05
2025-09-23,0.001910625199023519
2025-09-24,-0.004625051347198261
2025-09-25,0.0023692335911467133
2025-09-26,0.003951427833249754
2025-09-29,-0.0010305528612998271
2025-09-30,-0.00442377666722038
2025-10-01,0.002918522084486508
2025-10-02,0.0012323970121888017
2025-10-03,0.0036670774594969036
2025-10-06,0.0014226242175567894
2025-10-07,0.001698405302631878
2025-10-08,0.0006723944714233099
2025-10-09,0.0014534883720931369
2025-10-10,0.011549122266707679
2025-10-13,-0.008858013924069708
2025-10-14,0.006986209829293433
2025-10-15,0.002616019718437723
2025-10-16,-0.0017049779266250509
2025-10-17,0.00448111422299613
2025-10-20,0.0002846612531086645
2025-10-21,0.0010637341563537461
2025-10-22,0.0004518072289156905
2025-10-23,0.007187565511664662
2025-10-24,0.008287785171102735
2025-10-27,0.0027594710035374614
2025-10-28,0.0025326462493411306
2025-10-29,-0.004945858940591186
2025-10-30,0.007484210682009662
2025-10-31,0.005382528166106182
2025-11-03,-0.01059649432646037
2025-11-04,-0.000550988801524932
2025-11-05,-0.0015289611970429329
2025-11-06,-0.0035260401818536513
2025-11-07,0.00939846806469502
2025-11-10,-0.0020370206359047183
2025-11-11,0.0027981502753968712
2025-11-12,-0.004120980204577296
2025-11-13,-0.009921436588103294
2025-11-14,-0.003352590774388653
2025-11-17,-0.005408590291731352
2025-11-18,0.0009750300888191621
2025-11-19,0.015480580977097924
2025-11-20,0.00382226469182978
2025-11-21,0.005508759079533521
2025-11-24,-0.0002406015037593745
2025-11-25,0.0038290771477100805
2025-11-26,0.0018053479734230216
2025-11-28,-0.007134451309208423
2025-12-01,0.002424564982776767
2025-12-02,-0.0013281976358081593
2025-12-03,0.0021766946597443493
2025-12-04,0.0015282431082113135
2025-12-05,0.0013787843229289276
2025-12-08,-0.0006914306730415598
2025-12-09,-0.0007067449975703965
2025-12-10,-0.0034232547252617263
2025-12-11,-0.0014155830888898935
2025-12-12,0.0058715054953160095
2025-12-15,-0.0021718574552331837
2025-12-16,0.0015110887246114757
2025-12-17,0.009378417654197113
2025-12-18,0.003107159847764107
2025-12-19,0.004906366489369374
2025-12-22,-0.0012593351881681203
2025-12-23,5.8308187927291755e-05
2025-12-24,0.0011192511192510413
2025-12-26,-0.003907952465351472
2025-12-29,-0.0005685628480626148
2025-12-30,0.00027735606679901714
2025-12-31,0.005676804517912748
2026-01-02,0.004931892907468205
2026-01-05,0.00029161745622086066
2026-01-06,0.0005798025772223436
2026-01-07,-0.001119706840390866
2026-01-08,0.0017453529976438897
2026-01-09,-0.004768303784299377
2026-01-12,0.0005193006750909834
2026-01-13,-0.003960510530043537
2026-01-14,0.0059837625085326085
2026-01-15,0.002144088545062095
2026-01-16,-0.014586686386242609
2026-01-20,0.003004114008346326
2026-01-21,0.0065843380545476116
2026-01-22,-0.001135321601676731
2026-01-23,0.0018624141543475137
2026-01-26,0.0021134916039375895
2026-01-27,0.002176984516017333
2026-01-28,0.0013410237923574542
2026-01-29,-0.0031500614117476733
2026-01-30,-0.003290141171696237
2026-02-02,0.0010814084263344181
2026-02-03,0.0012798883006575057
2026-02-04,-0.007541434041682615
2026-02-05,0.00592083839071611
2026-02-06,-0.001785843920145247
2026-02-09,0.0014884393063583357
2026-02-10,0.006244566792233952
2026-02-11,0.003420289855072589
2026-02-12,0.0005740274650063437
2026-02-13,-0.002221404928282489
2026-02-17,0.00180645919311484
2026-02-18,-0.0034923139867905073
2026-02-19,-0.0032228293511858963
2026-02-20,-0.0022401303348559276
2026-02-23,-0.0007347322635631315
2026-02-24,0.004114025617833139
2026-02-25,0.00028936859771988566
2026-02-26,-0.0090919670652585
2026-02-27,-0.01095978489595506
2026-03-02,-0.016494514003535743
2026-03-03,0.0020047465322308167
2026-03-04,-0.004507734863231083
2026-03-05,-0.011816469480251834
2026-03-06,-0.009021771547867652
2026-03-09,-0.0008869966294128284
2026-03-10,0.0006960900473931275
2026-03-11,-0.00770964298422494
2026-03-12,0.004847864380240985
2026-03-13,0.009114721334807063
2026-03-16,0.005066630690590657
2026-03-17,-0.0035880875493361497
2026-03-18,-0.006866965801600733
2026-03-19,-0.002127950631545361
2026-03-20,0.01464828692139264
2026-03-23,-0.006187297348846044
2026-03-24,0.008389467238211656
2026-03-25,-0.007141334470262328
2026-03-26,-0.003983909346685466
2026-03-27,0.009525611910168985
2026-03-30,0.010949020600613979
2026-03-31,0.005605665643959368
2026-04-01,-0.013355312361677085
2026-04-02,-3.0493382935925517e-05
