lb_l,lb_s,tn,ov,dd_f,rb,IS_SR,IS_Ret,IS_MDD,OOS_SR,OOS_Ret,OOS_MDD,FULL_SR,FULL_Ret,FULL_Vol,FULL_MDD,NAVx,SR_gap
120,20,2,1.5,0.2,5,0.946,20.35,-32.3,-0.176,-3.58,-51.3,0.353,7.38,20.9,-59.2,1.8,1.1219999999999999
120,20,2,1.5,0.2,10,1.187,28.04,-33.6,-0.054,-1.16,-49.4,0.542,12.21,22.5,-62.3,3.0,1.241
120,20,2,1.5,0.25,5,0.806,19.68,-40.4,-0.005,-0.11,-39.3,0.364,8.95,24.6,-52.7,2.0,0.811
120,20,2,1.5,0.25,10,1.013,27.28,-40.7,0.192,5.55,-51.5,0.554,15.51,28.0,-53.4,3.8,0.821
120,20,2,1.5,0.3,5,0.687,18.55,-47.7,0.159,4.78,-47.6,0.386,11.09,28.7,-50.1,2.2,0.528
120,20,2,1.5,0.3,10,0.849,25.39,-47.8,0.38,13.13,-55.2,0.576,18.74,32.5,-55.2,4.7,0.469
120,20,2,1.5,0.35,5,0.597,17.5,-54.1,0.214,7.47,-51.9,0.371,12.07,32.5,-57.0,2.2,0.383
120,20,2,1.5,0.35,10,0.77,25.13,-54.0,0.465,17.83,-57.7,0.59,21.17,35.9,-59.4,5.4,0.305
120,20,2,2.0,0.2,5,1.027,25.48,-29.8,-0.275,-6.04,-58.9,0.36,8.4,23.3,-64.5,1.9,1.302
120,20,2,2.0,0.2,10,1.348,36.68,-34.5,0.463,13.6,-33.1,0.851,24.17,28.4,-40.4,10.2,0.885
120,20,2,2.0,0.25,5,0.959,26.68,-39.3,-0.236,-6.09,-63.2,0.333,8.92,26.8,-71.2,1.8,1.1949999999999998
120,20,2,2.0,0.25,10,1.207,36.73,-41.6,-0.234,-6.26,-66.0,0.471,13.43,28.5,-77.6,2.9,1.441
120,20,2,2.0,0.3,5,0.856,26.43,-47.1,-0.252,-7.09,-64.7,0.281,8.27,29.4,-73.8,1.6,1.108
120,20,2,2.0,0.3,10,1.08,36.55,-48.0,0.102,3.35,-63.3,0.557,18.56,33.3,-70.4,4.4,0.9780000000000001
120,20,2,2.0,0.35,5,0.749,25.26,-54.3,0.063,2.22,-55.3,0.37,12.77,34.6,-65.1,2.1,0.6859999999999999
120,20,2,2.0,0.35,10,0.961,35.74,-54.6,0.261,10.67,-65.2,0.565,22.15,39.2,-65.2,5.2,0.7
120,20,2,2.5,0.2,5,0.935,30.44,-34.0,-0.149,-3.32,-61.7,0.442,12.14,27.5,-61.7,2.6,1.084
120,20,2,2.5,0.2,10,1.303,40.63,-36.2,0.486,16.49,-35.1,0.842,27.55,32.7,-36.2,12.8,0.817
120,20,2,2.5,0.25,5,1.018,31.59,-36.8,-0.305,-8.3,-68.7,0.343,9.97,29.0,-74.5,1.9,1.323
120,20,2,2.5,0.25,10,1.334,45.44,-42.0,0.434,15.75,-43.9,0.832,29.35,35.3,-50.0,14.3,0.9000000000000001
120,20,2,2.5,0.3,5,0.961,32.87,-46.0,-0.27,-8.4,-72.3,0.323,10.51,32.6,-79.8,1.8,1.2309999999999999
120,20,2,2.5,0.3,10,1.211,45.17,-49.1,-0.247,-8.09,-74.4,0.467,16.3,34.9,-85.0,3.2,1.4580000000000002
120,20,2,2.5,0.35,5,0.88,32.9,-53.6,-0.278,-9.3,-74.5,0.284,10.03,35.3,-82.1,1.5,1.158
120,20,2,2.5,0.35,10,1.111,45.42,-54.9,0.093,3.59,-69.7,0.572,22.75,39.8,-79.7,5.3,1.018
120,20,2,3.0,0.2,5,0.963,36.63,-40.1,0.049,1.39,-62.8,0.531,17.53,33.0,-62.8,3.9,0.9139999999999999
120,20,2,3.0,0.2,10,1.119,43.39,-40.1,-0.272,-6.58,-64.8,0.513,16.31,31.8,-67.8,3.5,1.391
120,20,2,3.0,0.25,5,0.871,33.77,-50.0,-0.14,-3.86,-71.1,0.403,13.37,33.2,-72.9,2.4,1.0110000000000001
120,20,2,3.0,0.25,10,1.319,50.19,-43.3,0.494,20.64,-41.9,0.852,34.17,40.1,-44.8,20.0,0.825
120,20,2,3.0,0.3,5,1.009,37.68,-43.7,-0.32,-10.42,-76.4,0.333,11.62,34.8,-82.2,1.8,1.329
120,20,2,3.0,0.3,10,1.319,53.96,-49.1,0.406,17.54,-54.2,0.812,34.22,42.1,-58.9,18.2,0.9129999999999999
120,20,2,3.0,0.35,5,0.958,38.94,-52.5,-0.279,-10.15,-79.3,0.321,12.34,38.4,-85.8,1.7,1.237
120,20,2,3.0,0.35,10,1.207,53.42,-56.2,-0.248,-9.6,-81.0,0.466,19.27,41.4,-90.0,3.3,1.455
120,20,3,1.5,0.2,5,0.406,8.38,-33.7,0.028,0.57,-43.2,0.204,4.15,20.4,-49.0,1.3,0.378
120,20,3,1.5,0.2,10,0.688,14.47,-32.0,0.282,6.89,-32.7,0.451,10.36,23.0,-34.6,2.4,0.40599999999999997
120,20,3,1.5,0.25,5,0.487,11.68,-39.2,0.356,9.97,-38.3,0.41,10.75,26.2,-40.0,2.3,0.131
120,20,3,1.5,0.25,10,0.586,14.26,-39.3,0.495,14.62,-39.7,0.53,14.45,27.3,-43.2,3.4,0.09099999999999997
120,20,3,1.5,0.3,5,0.515,13.6,-44.1,0.437,13.69,-43.2,0.468,13.65,29.2,-45.7,2.9,0.07800000000000001
120,20,3,1.5,0.3,10,0.587,15.86,-45.7,0.511,16.8,-46.2,0.54,16.37,30.3,-51.4,3.9,0.07599999999999996
120,20,3,1.5,0.35,5,0.524,14.83,-48.0,0.459,15.64,-46.1,0.484,15.27,31.6,-51.4,3.2,0.065
120,20,3,1.5,0.35,10,0.578,16.87,-50.8,0.503,17.79,-51.1,0.532,17.37,32.7,-57.3,4.0,0.07499999999999996
120,20,3,2.0,0.2,5,0.501,11.42,-33.3,-0.081,-1.86,-54.4,0.184,4.22,22.9,-58.8,1.2,0.582
120,20,3,2.0,0.2,10,0.875,19.85,-33.7,-0.069,-1.63,-54.4,0.353,8.21,23.2,-62.7,1.9,0.944
120,20,3,2.0,0.25,5,0.429,11.5,-41.3,-0.025,-0.62,-56.6,0.19,4.93,26.0,-63.0,1.2,0.454
120,20,3,2.0,0.25,10,0.737,19.84,-39.6,0.082,2.29,-48.1,0.375,10.33,27.5,-61.1,2.1,0.655
120,20,3,2.0,0.3,5,0.448,13.47,-47.3,0.19,6.44,-48.6,0.3,9.66,32.2,-55.3,1.6,0.258
120,20,3,2.0,0.3,10,0.576,17.45,-46.4,0.411,14.97,-50.0,0.477,16.11,33.8,-51.0,3.3,0.16499999999999998
120,20,3,2.0,0.35,5,0.486,16.02,-52.2,0.354,13.54,-53.9,0.408,14.68,35.9,-53.9,2.5,0.132
120,20,3,2.0,0.35,10,0.578,19.36,-52.6,0.473,19.11,-56.1,0.514,19.23,37.4,-58.5,4.0,0.10499999999999998
120,20,3,2.5,0.2,5,0.563,13.65,-32.4,-0.079,-2.04,-59.7,0.205,5.15,25.1,-59.7,1.2,0.6419999999999999
120,20,3,2.5,0.2,10,0.902,21.62,-35.4,0.253,6.61,-36.9,0.536,13.48,25.2,-41.0,3.3,0.649
120,20,3,2.5,0.25,5,0.489,14.0,-40.8,-0.113,-3.2,-65.6,0.164,4.68,28.5,-70.4,1.0,0.602
120,20,3,2.5,0.25,10,0.858,24.49,-41.3,-0.076,-2.25,-63.7,0.344,10.0,29.1,-72.9,1.9,0.9339999999999999
120,20,3,2.5,0.3,5,0.432,14.22,-48.4,-0.06,-1.85,-67.5,0.173,5.51,31.8,-74.0,1.0,0.492
120,20,3,2.5,0.3,10,0.755,24.79,-46.8,-0.077,-2.47,-67.4,0.308,10.02,32.5,-77.7,1.7,0.832
120,20,3,2.5,0.35,5,0.417,15.0,-54.7,-0.01,-0.34,-67.6,0.189,6.68,35.4,-76.5,1.0,0.427
120,20,3,2.5,0.35,10,0.63,22.86,-53.2,0.315,13.55,-59.4,0.444,17.82,40.1,-59.7,3.0,0.315
120,20,3,3.0,0.2,5,0.559,15.1,-29.4,-0.086,-2.17,-60.1,0.221,5.74,26.0,-60.1,1.3,0.645
120,20,3,3.0,0.2,10,1.073,30.32,-33.9,-0.285,-6.06,-57.5,0.429,10.61,24.7,-57.5,2.4,1.3579999999999999
120,20,3,3.0,0.25,5,0.514,15.18,-43.5,-0.091,-2.91,-70.0,0.174,5.38,31.0,-72.6,1.0,0.605
120,20,3,3.0,0.25,10,0.905,27.1,-41.6,0.223,7.01,-46.8,0.528,16.21,30.7,-53.4,3.7,0.682
120,20,3,3.0,0.3,5,0.477,16.42,-47.9,-0.134,-4.55,-74.7,0.148,5.06,34.1,-79.5,0.9,0.611
120,20,3,3.0,0.3,10,0.84,28.95,-48.5,-0.078,-2.76,-71.3,0.336,11.76,35.0,-80.7,1.9,0.9179999999999999
120,20,3,3.0,0.35,5,0.424,16.53,-55.1,-0.086,-3.11,-76.1,0.156,5.89,37.6,-82.3,0.8,0.51
120,20,3,3.0,0.35,10,0.76,29.49,-53.7,-0.085,-3.22,-75.3,0.306,11.76,38.4,-84.6,1.6,0.845
120,20,4,1.5,0.2,5,0.296,5.29,-33.8,-0.02,-0.44,-43.8,0.11,2.19,19.9,-54.5,1.0,0.316
120,20,4,1.5,0.2,10,0.487,9.27,-31.1,0.623,15.71,-30.7,0.565,12.76,22.6,-33.6,3.2,0.136
120,20,4,1.5,0.25,5,0.381,7.91,-39.5,0.27,7.18,-42.7,0.312,7.51,24.1,-46.4,1.7,0.11099999999999999
120,20,4,1.5,0.25,10,0.536,11.76,-37.9,0.595,16.93,-37.9,0.568,14.56,25.7,-42.2,3.6,0.05899999999999994
120,20,4,1.5,0.3,5,0.419,9.56,-43.5,0.351,10.45,-45.9,0.375,10.04,26.8,-51.3,2.1,0.068
120,20,4,1.5,0.3,10,0.544,13.14,-43.2,0.547,16.89,-42.8,0.542,15.17,28.0,-50.1,3.6,0.0030000000000000027
120,20,4,1.5,0.35,5,0.439,10.72,-46.5,0.407,13.05,-48.5,0.416,11.98,28.8,-53.7,2.4,0.03200000000000003
120,20,4,1.5,0.35,10,0.552,14.25,-46.7,0.51,16.8,-44.3,0.523,15.64,29.9,-53.4,3.6,0.04200000000000004
120,20,4,2.0,0.2,5,0.275,5.35,-34.3,-0.084,-1.99,-46.4,0.063,1.37,21.8,-56.7,0.9,0.35900000000000004
120,20,4,2.0,0.2,10,0.289,5.92,-30.5,0.593,15.27,-27.2,0.468,10.98,23.5,-33.5,2.6,0.304
120,20,4,2.0,0.25,5,0.258,5.83,-41.4,-0.131,-3.61,-57.0,0.028,0.71,25.4,-67.3,0.7,0.389
120,20,4,2.0,0.25,10,0.45,10.97,-38.2,0.571,18.4,-37.7,0.519,15.0,28.9,-41.1,3.4,0.12099999999999994
120,20,4,2.0,0.3,5,0.341,8.88,-47.2,0.142,4.63,-52.6,0.221,6.58,29.8,-64.3,1.2,0.19900000000000004
120,20,4,2.0,0.3,10,0.512,14.1,-45.0,0.589,21.07,-44.9,0.554,17.88,32.3,-48.5,4.2,0.07699999999999996
120,20,4,2.0,0.35,5,0.389,11.1,-51.4,0.258,9.4,-57.2,0.308,10.18,33.1,-63.2,1.7,0.131
120,20,4,2.0,0.35,10,0.53,15.97,-50.4,0.549,21.21,-51.1,0.538,18.81,35.0,-56.9,4.2,0.019000000000000017
120,20,4,2.5,0.2,5,0.178,3.68,-41.3,-0.1,-2.65,-49.6,0.01,0.25,24.0,-61.7,0.7,0.278
120,20,4,2.5,0.2,10,0.356,7.59,-39.1,0.069,1.67,-44.9,0.191,4.38,22.9,-56.8,1.2,0.287
120,20,4,2.5,0.25,5,0.261,6.33,-41.8,-0.101,-2.97,-57.1,0.048,1.29,27.1,-67.8,0.7,0.362
120,20,4,2.5,0.25,10,0.243,6.23,-37.7,0.566,18.16,-35.3,0.433,12.69,29.3,-41.1,2.6,0.32299999999999995
120,20,4,2.5,0.3,5,0.25,6.86,-48.5,-0.187,-6.21,-66.1,-0.007,-0.22,30.6,-76.1,0.5,0.437
120,20,4,2.5,0.3,10,0.422,12.55,-45.0,0.525,20.56,-44.5,0.48,16.89,35.2,-48.2,3.3,0.10300000000000004
120,20,4,2.5,0.35,5,0.312,9.76,-54.1,-0.032,-1.17,-67.1,0.111,3.84,34.5,-79.6,0.7,0.344
120,20,4,2.5,0.35,10,0.489,16.2,-51.6,0.572,24.56,-51.7,0.535,20.73,38.8,-54.9,4.4,0.08299999999999996
120,20,4,3.0,0.2,5,0.098,2.12,-42.1,-0.111,-2.97,-56.1,-0.026,-0.64,24.6,-62.7,0.6,0.20900000000000002
120,20,4,3.0,0.2,10,0.475,11.12,-41.1,0.092,2.29,-46.8,0.262,6.33,24.2,-52.7,1.5,0.383
120,20,4,3.0,0.25,5,0.194,4.89,-47.6,-0.104,-3.38,-59.8,0.014,0.4,29.5,-71.5,0.6,0.298
120,20,4,3.0,0.25,10,0.318,8.53,-44.4,0.352,11.46,-37.4,0.337,10.12,30.0,-47.6,1.9,0.033999999999999975
120,20,4,3.0,0.3,5,0.251,7.31,-49.0,-0.114,-3.98,-66.6,0.037,1.19,32.4,-76.7,0.6,0.365
120,20,4,3.0,0.3,10,0.227,7.0,-44.7,0.543,20.86,-44.8,0.413,14.51,35.2,-48.3,2.6,0.31600000000000006
120,20,4,3.0,0.35,5,0.252,8.19,-55.2,-0.185,-6.85,-73.6,0.001,0.04,35.0,-83.0,0.5,0.437
120,20,4,3.0,0.35,10,0.402,14.11,-51.6,0.485,22.38,-52.0,0.449,18.6,41.5,-55.0,3.0,0.08299999999999996
120,40,2,1.5,0.2,5,1.017,22.11,-31.6,-0.05,-1.07,-40.5,0.442,9.55,21.6,-57.7,2.3,1.067
120,40,2,1.5,0.2,10,1.166,28.53,-32.7,-0.131,-2.87,-48.4,0.497,11.51,23.2,-61.1,2.8,1.297
120,40,2,1.5,0.25,5,0.89,22.09,-40.4,-0.123,-2.97,-48.6,0.347,8.51,24.5,-65.5,1.9,1.013
120,40,2,1.5,0.25,10,1.088,29.31,-40.7,0.06,1.66,-45.9,0.523,14.32,27.4,-57.3,3.4,1.028
120,40,2,1.5,0.3,5,0.794,22.01,-47.9,0.098,2.93,-50.0,0.404,11.67,28.9,-59.0,2.4,0.6960000000000001
120,40,2,1.5,0.3,10,1.004,29.23,-47.9,0.201,6.6,-50.6,0.545,16.96,31.2,-53.3,4.0,0.8029999999999999
120,40,2,1.5,0.35,5,0.734,22.32,-54.1,0.178,6.1,-50.0,0.415,13.53,32.6,-61.1,2.6,0.556
120,40,2,1.5,0.35,10,0.938,29.32,-53.6,0.243,8.84,-55.7,0.534,18.22,34.1,-59.1,4.1,0.695
120,40,2,2.0,0.2,5,1.128,27.64,-32.3,-0.034,-0.82,-44.0,0.506,12.22,24.1,-60.5,2.9,1.162
120,40,2,2.0,0.2,10,1.297,35.4,-32.3,-0.249,-6.28,-53.5,0.488,12.81,26.2,-66.6,2.9,1.5459999999999998
120,40,2,2.0,0.25,5,1.04,29.13,-38.3,-0.039,-1.09,-50.2,0.458,12.75,27.9,-67.7,2.8,1.079
120,40,2,2.0,0.25,10,1.195,37.28,-40.0,-0.134,-3.87,-58.9,0.5,14.98,29.9,-71.6,3.3,1.3290000000000002
120,40,2,2.0,0.3,5,0.938,29.31,-46.9,-0.043,-1.31,-53.1,0.414,12.72,30.7,-71.3,2.5,0.981
120,40,2,2.0,0.3,10,1.099,37.94,-47.6,-0.081,-2.6,-60.7,0.481,15.97,33.2,-74.4,3.3,1.18
120,40,2,2.0,0.35,5,0.851,29.23,-54.3,0.001,0.03,-57.6,0.387,13.41,34.7,-74.7,2.3,0.85
120,40,2,2.0,0.35,10,1.038,38.22,-54.5,0.117,4.59,-59.9,0.524,19.99,38.1,-69.9,4.2,0.921
120,40,2,2.5,0.2,5,1.102,36.45,-33.4,0.112,2.85,-47.4,0.624,18.24,29.2,-47.4,4.9,0.9900000000000001
120,40,2,2.5,0.2,10,1.204,36.85,-34.3,-0.482,-11.75,-64.2,0.383,10.51,27.4,-74.4,2.1,1.686
120,40,2,2.5,0.25,5,1.119,34.47,-38.8,-0.031,-0.93,-51.8,0.503,15.29,30.4,-69.4,3.4,1.15
120,40,2,2.5,0.25,10,1.288,43.99,-39.6,-0.239,-7.58,-62.7,0.488,16.04,32.9,-75.7,3.3,1.5270000000000001
120,40,2,2.5,0.3,5,1.05,36.1,-44.8,-0.035,-1.18,-58.6,0.465,15.9,34.2,-75.5,3.1,1.085
120,40,2,2.5,0.3,10,1.207,45.84,-47.1,-0.149,-5.25,-67.5,0.496,18.15,36.6,-79.6,3.7,1.356
120,40,2,2.5,0.35,5,0.965,36.46,-53.2,-0.034,-1.23,-61.6,0.432,16.03,37.1,-78.7,2.8,0.999
120,40,2,2.5,0.35,10,1.103,46.16,-54.2,-0.088,-3.35,-68.8,0.486,19.33,39.8,-81.8,3.6,1.191
120,40,2,3.0,0.2,5,1.112,42.73,-40.1,-0.048,-1.12,-57.2,0.61,18.97,31.1,-57.2,5.0,1.1600000000000001
120,40,2,3.0,0.2,10,1.161,45.34,-40.1,-0.284,-6.59,-66.1,0.546,17.2,31.5,-66.6,4.0,1.445
120,40,2,3.0,0.25,5,1.069,42.64,-41.3,0.164,5.35,-52.7,0.621,22.43,36.1,-53.4,6.1,0.9049999999999999
120,40,2,3.0,0.25,10,1.228,46.36,-41.3,-0.411,-13.05,-69.9,0.408,14.16,34.7,-81.6,2.5,1.639
120,40,2,3.0,0.3,5,1.113,41.45,-44.8,-0.034,-1.22,-59.2,0.5,18.32,36.7,-76.7,3.8,1.147
120,40,2,3.0,0.3,10,1.278,52.41,-46.6,-0.233,-8.89,-70.5,0.485,19.19,39.5,-82.8,3.6,1.5110000000000001
120,40,2,3.0,0.35,5,1.054,43.02,-51.1,-0.03,-1.21,-65.8,0.471,19.05,40.5,-81.5,3.4,1.084
120,40,2,3.0,0.35,10,1.21,54.16,-53.8,-0.16,-6.65,-74.3,0.491,21.2,43.2,-85.5,3.8,1.3699999999999999
120,40,3,1.5,0.2,5,0.577,11.81,-33.6,0.237,5.03,-41.3,0.389,8.14,20.9,-52.6,2.0,0.33999999999999997
120,40,3,1.5,0.2,10,0.816,18.64,-31.9,0.041,0.89,-38.3,0.406,9.02,22.2,-49.2,2.1,0.7749999999999999
120,40,3,1.5,0.25,5,0.612,14.63,-41.0,0.3,8.17,-42.0,0.432,11.13,25.8,-45.4,2.4,0.312
120,40,3,1.5,0.25,10,0.863,22.38,-39.5,0.19,5.05,-47.2,0.494,12.99,26.3,-47.2,3.0,0.673
120,40,3,1.5,0.3,5,0.629,16.55,-46.8,0.352,10.74,-45.7,0.468,13.4,28.7,-51.2,2.9,0.277
120,40,3,1.5,0.3,10,0.868,24.56,-45.5,0.244,7.43,-48.6,0.518,15.28,29.5,-52.0,3.5,0.624
120,40,3,1.5,0.35,5,0.641,18.03,-50.9,0.319,10.34,-48.7,0.454,13.86,30.5,-56.3,2.9,0.322
120,40,3,1.5,0.35,10,0.887,26.53,-49.3,0.196,6.25,-52.5,0.501,15.54,31.0,-54.7,3.4,0.6910000000000001
120,40,3,2.0,0.2,5,0.703,16.33,-31.3,0.217,5.63,-48.5,0.426,10.53,24.7,-57.9,2.3,0.486
120,40,3,2.0,0.2,10,0.81,20.14,-30.8,0.015,0.38,-52.8,0.38,9.43,24.8,-61.0,2.1,0.795
120,40,3,2.0,0.25,5,0.562,14.58,-40.7,0.235,6.49,-51.5,0.379,10.19,26.9,-63.1,2.1,0.32700000000000007
120,40,3,2.0,0.25,10,0.781,22.83,-39.0,-0.023,-0.62,-54.0,0.366,10.12,27.7,-65.1,2.0,0.804
120,40,3,2.0,0.3,5,0.595,17.81,-48.1,0.168,5.57,-49.9,0.352,11.18,31.7,-63.6,2.0,0.42699999999999994
120,40,3,2.0,0.3,10,0.836,27.4,-46.4,0.103,3.31,-58.5,0.441,14.35,32.5,-62.0,2.8,0.733
120,40,3,2.0,0.35,5,0.609,20.08,-54.1,0.321,12.01,-54.0,0.443,15.71,35.5,-58.4,2.9,0.288
120,40,3,2.0,0.35,10,0.853,30.29,-52.6,0.218,8.1,-58.9,0.502,18.26,36.4,-59.4,3.8,0.635
120,40,3,2.5,0.2,5,0.695,17.13,-27.2,0.076,2.16,-53.3,0.338,9.02,26.7,-62.9,1.8,0.619
120,40,3,2.5,0.2,10,0.904,23.06,-30.0,-0.098,-2.56,-54.8,0.355,9.17,25.9,-62.7,1.9,1.002
120,40,3,2.5,0.25,5,0.684,19.9,-38.6,0.217,7.02,-57.8,0.418,12.92,30.9,-67.6,2.5,0.4670000000000001
120,40,3,2.5,0.25,10,0.788,24.34,-38.1,0.015,0.47,-61.6,0.37,11.4,30.8,-70.2,2.1,0.773
120,40,3,2.5,0.3,5,0.555,17.51,-47.5,0.23,7.84,-60.5,0.373,12.27,32.9,-72.1,2.1,0.32500000000000007
120,40,3,2.5,0.3,10,0.754,26.83,-45.9,0.02,0.68,-65.1,0.368,12.66,34.4,-75.6,2.1,0.734
120,40,3,2.5,0.35,5,0.588,21.09,-54.6,0.182,6.55,-63.1,0.367,13.21,35.9,-76.8,2.1,0.40599999999999997
120,40,3,2.5,0.35,10,0.815,32.09,-52.9,0.029,1.12,-66.7,0.396,15.31,38.7,-75.6,2.4,0.7859999999999999
120,40,3,3.0,0.2,5,0.486,12.83,-41.5,0.213,6.04,-49.3,0.333,9.15,27.5,-53.8,1.8,0.273
120,40,3,3.0,0.2,10,0.939,24.98,-35.9,-0.011,-0.29,-56.2,0.424,11.29,26.6,-56.2,2.4,0.95
120,40,3,3.0,0.25,5,0.715,21.91,-34.5,0.124,4.43,-63.1,0.372,12.43,33.4,-72.1,2.1,0.591
120,40,3,3.0,0.25,10,0.913,29.16,-37.2,-0.07,-2.27,-64.4,0.375,12.12,32.3,-72.1,2.2,0.9830000000000001
120,40,3,3.0,0.3,5,0.666,23.37,-45.6,0.212,8.2,-66.1,0.408,15.15,37.1,-75.7,2.5,0.45400000000000007
120,40,3,3.0,0.3,10,0.768,28.41,-45.1,0.015,0.57,-69.1,0.361,13.32,36.9,-77.7,2.1,0.753
120,40,3,3.0,0.35,5,0.552,20.53,-53.9,0.223,9.02,-68.4,0.367,14.3,39.0,-79.5,2.0,0.32900000000000007
120,40,3,3.0,0.35,10,0.734,30.82,-52.5,0.011,0.45,-72.4,0.353,14.36,40.7,-82.4,1.9,0.723
120,40,4,1.5,0.2,5,0.388,7.28,-32.4,0.08,1.65,-37.2,0.214,4.23,19.8,-49.6,1.3,0.308
120,40,4,1.5,0.2,10,0.926,20.01,-32.2,0.31,7.03,-35.7,0.585,12.97,22.2,-35.7,3.3,0.6160000000000001
120,40,4,1.5,0.25,5,0.481,10.48,-38.7,0.126,3.23,-40.0,0.273,6.55,23.9,-46.8,1.5,0.355
120,40,4,1.5,0.25,10,0.951,22.77,-39.1,0.27,6.98,-45.1,0.569,14.21,25.0,-45.1,3.6,0.6809999999999999
120,40,4,1.5,0.3,5,0.523,12.58,-43.2,0.09,2.46,-46.8,0.275,7.09,25.8,-55.3,1.5,0.43300000000000005
120,40,4,1.5,0.3,10,0.971,24.82,-43.5,0.163,4.49,-52.5,0.518,13.8,26.7,-52.5,3.2,0.8079999999999999
120,40,4,1.5,0.35,5,0.555,14.26,-46.0,0.039,1.13,-48.6,0.259,7.15,27.6,-62.3,1.5,0.516
120,40,4,1.5,0.35,10,0.987,26.46,-46.4,0.041,1.19,-56.5,0.454,12.77,28.1,-63.9,2.7,0.946
120,40,4,2.0,0.2,5,0.11,2.11,-31.6,0.158,3.84,-43.9,0.138,3.04,22.1,-52.5,1.1,0.048
120,40,4,2.0,0.2,10,0.74,17.82,-31.6,0.323,7.7,-34.5,0.515,12.34,23.9,-35.0,3.0,0.417
120,40,4,2.0,0.25,5,0.342,8.2,-39.8,0.092,2.4,-47.0,0.201,5.05,25.2,-59.9,1.2,0.25
120,40,4,2.0,0.25,10,0.896,24.94,-39.4,0.299,8.47,-45.3,0.569,16.01,28.1,-45.3,4.0,0.597
120,40,4,2.0,0.3,5,0.443,12.09,-45.9,0.029,0.92,-48.9,0.205,6.03,29.4,-64.3,1.2,0.414
120,40,4,2.0,0.3,10,0.932,28.47,-46.2,0.243,7.94,-53.8,0.547,17.34,31.7,-53.8,4.1,0.6890000000000001
120,40,4,2.0,0.35,5,0.484,14.53,-50.9,0.099,3.43,-55.8,0.262,8.51,32.5,-63.3,1.4,0.385
120,40,4,2.0,0.35,10,0.943,30.75,-51.4,0.203,7.14,-60.6,0.527,17.95,34.0,-60.6,4.0,0.74
120,40,4,2.5,0.2,5,0.248,5.32,-39.1,0.156,4.23,-46.4,0.192,4.73,24.7,-55.7,1.2,0.092
120,40,4,2.5,0.2,10,0.464,11.25,-30.6,0.134,3.21,-44.1,0.286,6.89,24.1,-49.5,1.6,0.33
120,40,4,2.5,0.25,5,0.135,3.28,-38.8,0.147,4.47,-53.1,0.142,3.92,27.7,-62.6,1.0,0.011999999999999983
120,40,4,2.5,0.25,10,0.737,22.28,-38.9,0.291,8.64,-45.1,0.497,14.89,29.9,-45.1,3.3,0.446
120,40,4,2.5,0.3,5,0.315,9.21,-46.7,0.092,2.94,-55.9,0.189,5.81,30.7,-69.1,1.1,0.223
120,40,4,2.5,0.3,10,0.872,29.72,-46.3,0.282,9.63,-54.2,0.552,18.83,34.1,-54.2,4.4,0.5900000000000001
120,40,4,2.5,0.35,5,0.411,13.47,-52.6,-0.022,-0.78,-61.7,0.168,5.75,34.1,-77.2,1.0,0.433
120,40,4,2.5,0.35,10,0.914,33.79,-52.7,0.234,9.08,-61.6,0.538,20.4,37.9,-61.6,4.5,0.68
120,40,4,3.0,0.2,5,0.144,3.33,-46.2,0.191,5.35,-44.6,0.171,4.42,25.9,-53.2,1.1,0.047000000000000014
120,40,4,3.0,0.2,10,0.417,10.15,-29.8,0.067,1.71,-50.0,0.223,5.57,24.9,-54.1,1.3,0.35
120,40,4,3.0,0.25,5,0.221,5.82,-43.4,0.11,3.68,-57.1,0.153,4.66,30.4,-67.3,1.0,0.111
120,40,4,3.0,0.25,10,0.362,11.0,-38.0,-0.052,-1.39,-59.8,0.151,4.29,28.3,-65.7,1.0,0.414
120,40,4,3.0,0.3,5,0.161,4.73,-45.7,0.135,4.89,-61.4,0.145,4.82,33.3,-71.4,0.9,0.025999999999999995
120,40,4,3.0,0.3,10,0.735,26.75,-45.9,0.265,9.42,-55.4,0.483,17.36,35.9,-55.4,3.5,0.47
120,40,4,3.0,0.35,5,0.308,10.61,-53.0,0.088,3.32,-63.8,0.184,6.66,36.2,-76.8,1.0,0.22
120,40,4,3.0,0.35,10,0.852,34.34,-52.8,0.268,10.74,-63.0,0.536,21.55,40.2,-63.0,4.6,0.584
180,20,2,1.5,0.2,5,0.862,21.93,-26.4,-0.005,-0.11,-46.1,0.42,9.99,23.8,-52.1,2.3,0.867
180,20,2,1.5,0.2,10,0.819,18.82,-25.7,0.412,10.55,-26.5,0.587,14.33,24.4,-40.1,3.7,0.407
180,20,2,1.5,0.25,5,0.717,21.08,-32.6,0.462,14.18,-28.0,0.576,17.34,30.1,-35.7,4.3,0.25499999999999995
180,20,2,1.5,0.25,10,0.854,23.91,-34.5,0.545,17.64,-29.1,0.674,20.51,30.4,-46.2,6.2,0.30899999999999994
180,20,2,1.5,0.3,5,0.768,24.9,-38.9,0.511,17.52,-32.6,0.625,20.9,33.5,-42.4,5.8,0.257
180,20,2,1.5,0.3,10,0.836,26.67,-41.7,0.599,21.85,-37.8,0.698,24.06,34.5,-54.2,8.0,0.237
180,20,2,1.5,0.35,5,0.792,27.42,-43.4,0.455,16.73,-38.4,0.604,21.63,35.8,-48.2,5.7,0.337
180,20,2,1.5,0.35,10,0.829,28.77,-47.1,0.696,27.61,-36.6,0.751,28.14,37.5,-58.5,11.2,0.133
180,20,2,2.0,0.2,5,0.761,21.09,-39.0,-0.041,-0.94,-47.6,0.361,9.15,25.3,-59.2,2.0,0.802
180,20,2,2.0,0.2,10,1.227,33.63,-21.6,0.027,0.66,-49.5,0.607,15.76,26.0,-53.9,4.1,1.2000000000000002
180,20,2,2.0,0.25,5,0.87,28.23,-35.4,-0.014,-0.41,-55.8,0.418,12.71,30.4,-63.5,2.5,0.884
180,20,2,2.0,0.25,10,0.916,28.34,-31.7,0.303,9.76,-36.6,0.577,18.27,31.7,-51.7,4.6,0.613
180,20,2,2.0,0.3,5,0.758,27.87,-39.8,0.374,13.87,-34.7,0.549,20.28,36.9,-46.7,4.6,0.384
180,20,2,2.0,0.3,10,0.854,29.48,-40.5,0.493,19.63,-36.0,0.644,24.14,37.5,-53.6,7.0,0.361
180,20,2,2.0,0.35,5,0.727,29.34,-46.0,0.465,19.59,-38.9,0.582,24.06,41.3,-51.2,5.8,0.26199999999999996
180,20,2,2.0,0.35,10,0.853,33.24,-47.9,0.507,22.51,-44.8,0.653,27.42,42.0,-61.3,8.3,0.346
180,20,2,2.5,0.2,5,0.762,20.87,-38.0,-0.141,-3.48,-50.4,0.296,7.68,25.9,-58.9,1.6,0.903
180,20,2,2.5,0.2,10,0.938,24.56,-32.6,-0.151,-3.6,-53.4,0.373,9.3,24.9,-62.4,2.0,1.089
180,20,2,2.5,0.25,5,0.759,26.23,-47.3,-0.062,-1.79,-56.6,0.35,11.04,31.6,-69.1,1.9,0.821
180,20,2,2.5,0.25,10,1.197,40.96,-27.7,0.01,0.32,-58.6,0.585,18.93,32.4,-63.9,4.7,1.187
180,20,2,2.5,0.3,5,0.859,33.89,-44.6,-0.029,-1.0,-64.3,0.407,14.98,36.8,-73.2,2.5,0.888
180,20,2,2.5,0.3,10,0.989,37.76,-37.8,0.217,8.32,-50.9,0.569,21.81,38.3,-65.0,5.2,0.772
180,20,2,2.5,0.35,5,0.793,34.66,-47.3,0.299,12.73,-41.5,0.529,22.78,43.1,-58.8,4.5,0.49400000000000005
180,20,2,2.5,0.35,10,0.853,35.02,-46.5,0.481,22.46,-42.4,0.638,28.21,44.2,-60.9,8.1,0.372
180,20,2,3.0,0.2,5,0.87,26.44,-39.3,0.129,3.59,-57.2,0.483,14.06,29.1,-66.0,3.0,0.741
180,20,2,3.0,0.2,10,1.027,31.29,-33.2,-0.201,-5.13,-58.4,0.414,11.55,27.9,-66.2,2.4,1.228
180,20,2,3.0,0.25,5,0.722,24.29,-47.0,-0.156,-4.27,-58.4,0.29,8.81,30.4,-68.5,1.6,0.878
180,20,2,3.0,0.25,10,0.897,28.38,-40.9,-0.191,-5.55,-62.2,0.329,9.99,30.3,-72.3,1.8,1.088
180,20,2,3.0,0.3,5,0.756,31.34,-55.0,-0.072,-2.49,-64.2,0.343,13.01,37.9,-76.9,1.9,0.828
180,20,2,3.0,0.3,10,1.169,47.84,-33.9,0.0,0.01,-66.5,0.565,21.92,38.8,-72.5,5.0,1.169
180,20,2,3.0,0.35,5,0.845,39.23,-53.3,-0.039,-1.58,-71.0,0.396,17.11,43.2,-80.7,2.3,0.884
180,20,2,3.0,0.35,10,0.999,45.15,-44.0,0.24,10.87,-53.1,0.588,26.57,45.2,-69.3,6.3,0.759
180,20,3,1.5,0.2,5,0.673,14.61,-26.1,0.323,7.98,-31.8,0.472,11.02,23.4,-31.8,2.6,0.35000000000000003
180,20,3,1.5,0.2,10,0.929,19.92,-28.1,0.459,11.84,-32.7,0.65,15.54,23.9,-39.9,4.3,0.47000000000000003
180,20,3,1.5,0.25,5,0.583,14.01,-31.0,0.433,12.51,-38.7,0.493,13.2,26.8,-38.7,3.0,0.14999999999999997
180,20,3,1.5,0.25,10,0.611,13.98,-35.2,0.628,19.04,-38.6,0.616,16.72,27.2,-45.2,4.5,0.017000000000000015
180,20,3,1.5,0.3,5,0.532,13.67,-35.3,0.47,14.89,-41.8,0.493,14.33,29.1,-43.1,3.2,0.062000000000000055
180,20,3,1.5,0.3,10,0.615,15.7,-40.9,0.658,21.78,-42.2,0.636,18.99,29.9,-52.2,5.3,0.04300000000000004
180,20,3,1.5,0.35,5,0.546,14.88,-38.5,0.488,16.69,-43.7,0.508,15.86,31.2,-45.8,3.5,0.05800000000000005
180,20,3,1.5,0.35,10,0.608,16.76,-45.3,0.653,23.05,-43.3,0.63,20.17,32.0,-56.4,5.6,0.04500000000000004
180,20,3,2.0,0.2,5,0.631,14.84,-27.4,0.03,0.74,-45.2,0.298,7.2,24.2,-54.4,1.6,0.601
180,20,3,2.0,0.2,10,1.053,25.84,-26.4,0.184,4.63,-51.6,0.576,14.35,24.9,-57.0,3.6,0.869
180,20,3,2.0,0.25,5,0.659,18.4,-32.7,0.037,1.07,-48.3,0.318,9.01,28.3,-55.4,1.7,0.622
180,20,3,2.0,0.25,10,0.963,26.72,-34.8,0.344,10.9,-40.6,0.606,18.15,30.0,-56.6,4.8,0.619
180,20,3,2.0,0.3,5,0.606,18.54,-37.5,0.377,13.54,-46.4,0.471,15.83,33.6,-46.4,3.2,0.22899999999999998
180,20,3,2.0,0.3,10,0.753,22.25,-41.8,0.55,20.88,-46.3,0.626,21.51,34.4,-53.9,5.9,0.20299999999999996
180,20,3,2.0,0.35,5,0.553,18.06,-42.0,0.415,16.32,-50.5,0.47,17.12,36.4,-51.5,3.3,0.13800000000000007
180,20,3,2.0,0.35,10,0.61,19.25,-47.7,0.614,25.41,-51.2,0.607,22.59,37.2,-59.7,6.0,0.0040000000000000036
180,20,3,2.5,0.2,5,0.563,13.55,-29.8,0.026,0.6,-45.1,0.274,6.54,23.8,-52.8,1.5,0.5369999999999999
180,20,3,2.5,0.2,10,1.025,26.62,-20.2,0.143,3.81,-55.7,0.542,14.26,26.3,-55.7,3.4,0.8819999999999999
180,20,3,2.5,0.25,5,0.621,18.28,-34.4,0.015,0.45,-55.4,0.286,8.62,30.1,-65.3,1.6,0.606
180,20,3,2.5,0.25,10,1.039,31.89,-33.0,0.155,4.87,-60.9,0.554,17.24,31.1,-67.3,4.1,0.8839999999999999
180,20,3,2.5,0.3,5,0.645,21.96,-39.4,0.069,2.47,-59.0,0.327,11.4,34.9,-66.9,1.8,0.5760000000000001
180,20,3,2.5,0.3,10,0.962,32.73,-41.3,0.258,9.36,-55.6,0.569,20.06,35.3,-69.8,4.8,0.704
180,20,3,2.5,0.35,5,0.612,22.66,-44.2,0.313,13.31,-53.0,0.439,17.6,40.1,-53.0,2.9,0.299
180,20,3,2.5,0.35,10,0.815,29.47,-48.1,0.462,21.0,-53.3,0.601,24.88,41.4,-62.3,6.3,0.3529999999999999
180,20,3,3.0,0.2,5,0.785,19.93,-31.1,-0.235,-5.06,-45.7,0.273,6.39,23.4,-57.2,1.5,1.02
180,20,3,3.0,0.2,10,0.601,14.54,-44.8,0.387,10.09,-35.9,0.481,12.13,25.2,-49.5,2.8,0.21399999999999997
180,20,3,3.0,0.25,5,0.504,14.91,-40.2,0.01,0.29,-55.7,0.234,6.99,29.8,-67.0,1.3,0.494
180,20,3,3.0,0.25,10,1.041,33.34,-27.2,0.135,4.43,-64.8,0.544,17.67,32.5,-65.4,4.0,0.9059999999999999
180,20,3,3.0,0.3,5,0.615,21.79,-41.4,0.004,0.15,-64.4,0.278,10.06,36.2,-74.3,1.4,0.611
180,20,3,3.0,0.3,10,1.025,37.79,-39.5,0.131,4.95,-69.0,0.535,19.99,37.4,-75.8,4.2,0.8939999999999999
180,20,3,3.0,0.35,5,0.63,25.3,-46.3,0.06,2.49,-66.7,0.316,12.94,40.9,-75.3,1.6,0.5700000000000001
180,20,3,3.0,0.35,10,0.948,38.19,-47.7,0.238,9.97,-64.0,0.557,22.9,41.1,-77.7,5.0,0.71
180,20,4,1.5,0.2,5,0.64,12.74,-30.6,-0.034,-0.74,-42.9,0.259,5.44,21.0,-58.1,1.4,0.674
180,20,4,1.5,0.2,10,0.932,18.47,-27.4,0.391,9.3,-32.9,0.612,13.5,22.0,-45.0,3.6,0.541
180,20,4,1.5,0.25,5,0.618,13.64,-35.1,0.179,4.59,-42.2,0.363,8.74,24.1,-48.2,1.9,0.439
180,20,4,1.5,0.25,10,0.788,17.22,-34.0,0.571,16.41,-38.9,0.65,16.78,25.8,-46.0,4.7,0.21700000000000008
180,20,4,1.5,0.3,5,0.59,13.98,-38.6,0.253,7.17,-44.6,0.391,10.29,26.3,-49.0,2.2,0.33699999999999997
180,20,4,1.5,0.3,10,0.681,16.04,-39.2,0.598,18.66,-41.1,0.624,17.46,28.0,-51.4,4.7,0.08300000000000007
180,20,4,1.5,0.35,5,0.564,14.12,-41.6,0.276,8.48,-47.6,0.392,11.07,28.2,-52.2,2.2,0.2879999999999999
180,20,4,1.5,0.35,10,0.621,15.6,-43.0,0.598,19.88,-42.4,0.601,17.92,29.8,-55.1,4.7,0.02300000000000002
180,20,4,2.0,0.2,5,0.63,13.79,-31.8,-0.12,-2.89,-47.1,0.206,4.75,23.1,-62.4,1.3,0.75
180,20,4,2.0,0.2,10,0.976,22.33,-26.0,0.219,5.58,-51.3,0.545,13.26,24.3,-55.2,3.2,0.757
180,20,4,2.0,0.25,5,0.626,16.1,-38.5,-0.062,-1.77,-52.6,0.236,6.41,27.2,-68.9,1.3,0.688
180,20,4,2.0,0.25,10,0.935,23.99,-34.0,0.232,6.79,-51.6,0.53,14.67,27.7,-63.3,3.4,0.7030000000000001
180,20,4,2.0,0.3,5,0.615,17.27,-43.1,0.085,2.73,-53.1,0.309,9.39,30.4,-64.8,1.7,0.53
180,20,4,2.0,0.3,10,0.835,23.28,-40.6,0.513,18.53,-47.3,0.635,20.71,32.6,-54.2,5.8,0.32199999999999995
180,20,4,2.0,0.35,5,0.597,17.92,-46.7,0.211,7.42,-54.4,0.371,12.23,32.9,-60.9,2.1,0.386
180,20,4,2.0,0.35,10,0.738,22.05,-46.0,0.57,22.3,-49.8,0.631,22.18,35.2,-59.8,6.2,0.16800000000000004
180,20,4,2.5,0.2,5,0.599,13.02,-33.6,-0.023,-0.58,-53.1,0.241,5.65,23.4,-64.4,1.4,0.622
180,20,4,2.5,0.2,10,0.909,21.23,-30.3,0.236,6.29,-56.2,0.521,13.13,25.2,-58.4,3.1,0.673
180,20,4,2.5,0.25,5,0.621,16.99,-39.1,-0.141,-4.26,-57.1,0.189,5.48,28.9,-72.7,1.1,0.762
180,20,4,2.5,0.25,10,0.95,27.19,-32.7,0.2,6.35,-60.7,0.524,15.9,30.4,-65.6,3.6,0.75
180,20,4,2.5,0.3,5,0.617,19.38,-45.4,-0.088,-3.06,-61.5,0.217,7.22,33.3,-77.3,1.2,0.705
180,20,4,2.5,0.3,10,0.928,29.25,-40.4,0.197,7.05,-61.7,0.508,17.22,33.9,-72.8,3.6,0.7310000000000001
180,20,4,2.5,0.35,5,0.607,20.67,-50.4,-0.016,-0.62,-62.4,0.25,9.13,36.6,-78.6,1.3,0.623
180,20,4,2.5,0.35,10,0.855,28.99,-46.9,0.475,20.34,-54.3,0.623,24.3,39.0,-60.7,6.7,0.38
180,20,4,3.0,0.2,5,0.657,15.48,-36.6,-0.022,-0.5,-49.1,0.299,6.82,22.8,-62.3,1.6,0.679
180,20,4,3.0,0.2,10,0.859,21.29,-43.6,0.251,6.27,-46.0,0.529,13.15,24.9,-62.6,3.2,0.608
180,20,4,3.0,0.25,5,0.593,16.45,-39.0,-0.012,-0.34,-55.7,0.259,7.35,28.4,-69.4,1.4,0.605
180,20,4,3.0,0.25,10,0.887,26.23,-34.4,0.214,7.06,-65.3,0.504,15.84,31.5,-67.4,3.3,0.673
180,20,4,3.0,0.3,5,0.615,20.22,-46.0,-0.154,-5.59,-65.8,0.18,6.23,34.7,-80.6,1.0,0.769
180,20,4,3.0,0.3,10,0.924,31.81,-39.3,0.183,6.97,-68.9,0.503,18.35,36.5,-74.5,3.6,0.7410000000000001
180,20,4,3.0,0.35,5,0.609,22.55,-51.9,-0.106,-4.33,-69.0,0.204,7.98,39.2,-83.8,0.9,0.715
180,20,4,3.0,0.35,10,0.914,34.19,-46.6,0.178,7.52,-69.7,0.493,19.74,40.0,-80.1,3.6,0.736
180,40,2,1.5,0.2,5,1.185,31.26,-27.6,0.049,1.14,-45.5,0.602,14.93,24.8,-53.7,3.9,1.1360000000000001
180,40,2,1.5,0.2,10,1.313,36.01,-28.7,0.019,0.41,-44.0,0.684,16.72,24.4,-53.8,4.8,1.294
180,40,2,1.5,0.25,5,0.828,24.22,-34.3,0.306,8.82,-31.6,0.547,15.87,29.0,-40.0,3.8,0.522
180,40,2,1.5,0.25,10,1.012,31.14,-35.2,0.252,7.34,-43.6,0.61,18.24,29.9,-46.9,4.8,0.76
180,40,2,1.5,0.3,5,0.928,31.2,-39.4,0.144,4.33,-40.7,0.523,16.64,31.8,-51.5,3.8,0.784
180,40,2,1.5,0.3,10,1.103,38.38,-40.0,0.306,9.96,-47.0,0.684,22.98,33.6,-50.2,7.3,0.7969999999999999
180,40,2,1.5,0.35,5,0.979,36.07,-43.0,0.081,2.67,-52.9,0.518,17.97,34.7,-61.6,3.9,0.898
180,40,2,1.5,0.35,10,1.148,43.19,-44.3,0.266,9.31,-49.7,0.685,24.83,36.2,-54.9,8.1,0.8819999999999999
180,40,2,2.0,0.2,5,1.19,33.57,-28.0,-0.107,-2.46,-49.1,0.551,14.05,25.5,-59.5,3.4,1.297
180,40,2,2.0,0.2,10,1.364,39.85,-24.2,0.104,2.73,-39.3,0.714,19.73,27.6,-50.6,6.2,1.26
180,40,2,2.0,0.25,5,1.191,40.06,-34.2,0.032,0.95,-55.0,0.596,18.87,31.6,-64.2,4.9,1.159
180,40,2,2.0,0.25,10,1.323,46.14,-35.2,0.173,5.18,-50.7,0.74,23.94,32.3,-61.5,8.5,1.15
180,40,2,2.0,0.3,5,0.977,37.36,-41.7,0.254,9.03,-38.8,0.598,22.0,36.8,-48.6,5.6,0.723
180,40,2,2.0,0.3,10,1.155,45.8,-43.0,0.149,5.02,-56.2,0.648,23.7,36.6,-62.2,6.9,1.006
180,40,2,2.0,0.35,5,0.881,36.1,-47.2,0.273,10.64,-45.3,0.558,22.3,39.9,-52.5,5.1,0.608
180,40,2,2.0,0.35,10,1.054,45.18,-48.1,0.296,11.91,-55.5,0.655,27.15,41.4,-59.7,8.2,0.758
180,40,2,2.5,0.2,5,0.884,23.4,-37.6,-0.335,-7.83,-60.0,0.26,6.48,24.9,-68.2,1.5,1.219
180,40,2,2.5,0.2,10,1.048,28.92,-36.7,-0.286,-6.42,-54.6,0.392,9.77,25.0,-66.5,2.1,1.334
180,40,2,2.5,0.25,5,1.183,41.66,-34.8,-0.121,-3.52,-58.2,0.535,17.17,32.1,-69.4,3.9,1.304
180,40,2,2.5,0.25,10,1.354,49.39,-30.7,0.099,3.21,-49.4,0.707,24.36,34.5,-61.4,8.2,1.2550000000000001
180,40,2,2.5,0.3,5,1.203,48.86,-41.0,0.013,0.46,-63.6,0.593,22.63,38.1,-73.0,5.7,1.1900000000000002
180,40,2,2.5,0.3,10,1.337,56.42,-41.4,0.16,5.81,-59.1,0.74,28.99,39.2,-69.8,11.4,1.177
180,40,2,2.5,0.35,5,1.063,48.9,-48.0,0.176,7.28,-45.7,0.605,26.34,43.6,-61.9,6.6,0.887
180,40,2,2.5,0.35,10,1.208,57.61,-49.5,0.131,5.15,-65.2,0.673,29.18,43.4,-72.3,9.4,1.077
180,40,2,3.0,0.2,5,1.012,30.28,-37.9,0.058,1.6,-58.4,0.514,14.74,28.6,-64.0,3.3,0.954
180,40,2,3.0,0.2,10,1.163,36.78,-37.2,-0.279,-6.73,-58.8,0.474,13.2,27.8,-68.2,2.9,1.4420000000000002
180,40,2,3.0,0.25,5,0.841,27.19,-46.3,-0.305,-8.53,-65.6,0.261,7.83,30.1,-76.2,1.4,1.146
180,40,2,3.0,0.25,10,1.006,33.85,-45.4,-0.338,-9.22,-63.7,0.346,10.51,30.4,-76.9,1.9,1.344
180,40,2,3.0,0.3,5,1.177,49.63,-41.5,-0.126,-4.48,-66.0,0.524,20.3,38.8,-77.3,4.2,1.303
180,40,2,3.0,0.3,10,1.343,58.75,-37.1,0.096,3.73,-59.1,0.701,28.93,41.3,-70.6,10.2,1.2469999999999999
180,40,2,3.0,0.35,5,1.202,57.26,-47.6,-0.001,-0.04,-70.8,0.587,26.21,44.7,-80.2,6.2,1.2029999999999998
180,40,2,3.0,0.35,10,1.338,66.38,-47.5,0.117,4.85,-65.6,0.728,33.04,45.4,-76.5,13.2,1.221
180,40,3,1.5,0.2,5,1.332,31.34,-20.0,-0.098,-1.95,-43.6,0.613,13.3,21.7,-43.6,3.5,1.4300000000000002
180,40,3,1.5,0.2,10,1.364,32.94,-20.4,-0.052,-1.01,-46.1,0.669,14.54,21.7,-46.1,4.1,1.4160000000000001
180,40,3,1.5,0.25,5,1.294,33.28,-24.7,-0.063,-1.48,-48.6,0.586,14.44,24.6,-48.6,3.7,1.357
180,40,3,1.5,0.25,10,1.325,35.26,-24.6,0.001,0.02,-49.6,0.648,16.16,25.0,-49.6,4.5,1.324
180,40,3,1.5,0.3,5,1.193,32.98,-29.2,0.031,0.84,-45.3,0.563,15.57,27.7,-45.3,3.8,1.1620000000000001
180,40,3,1.5,0.3,10,1.16,32.74,-28.9,0.047,1.27,-46.2,0.571,15.68,27.4,-46.2,3.9,1.113
180,40,3,1.5,0.35,5,1.091,31.46,-33.2,0.086,2.7,-46.7,0.524,15.87,30.3,-46.7,3.6,1.005
180,40,3,1.5,0.35,10,1.192,35.72,-32.7,0.088,2.65,-48.0,0.591,17.8,30.1,-48.0,4.6,1.1039999999999999
180,40,3,2.0,0.2,5,1.22,33.51,-21.1,-0.134,-2.95,-47.7,0.557,13.75,24.7,-47.7,3.4,1.354
180,40,3,2.0,0.2,10,1.271,35.7,-21.7,0.039,0.88,-47.6,0.665,16.83,25.3,-47.6,4.8,1.232
180,40,3,2.0,0.25,5,1.309,39.96,-25.1,-0.12,-3.05,-52.0,0.598,16.65,27.9,-52.0,4.3,1.4289999999999998
180,40,3,2.0,0.25,10,1.342,42.11,-25.5,-0.051,-1.26,-55.8,0.664,18.61,28.0,-55.8,5.4,1.393
180,40,3,2.0,0.3,5,1.294,42.63,-29.8,-0.103,-2.98,-58.1,0.58,17.91,30.9,-58.1,4.5,1.397
180,40,3,2.0,0.3,10,1.328,45.01,-29.7,-0.017,-0.51,-58.1,0.648,20.34,31.4,-58.1,5.9,1.345
180,40,3,2.0,0.35,5,1.249,43.93,-34.3,-0.012,-0.39,-57.4,0.581,19.91,34.3,-57.4,5.0,1.2610000000000001
180,40,3,2.0,0.35,10,1.241,45.05,-34.2,0.023,0.76,-58.2,0.612,21.04,34.4,-58.2,5.7,1.2180000000000002
180,40,3,2.5,0.2,5,1.097,30.82,-24.8,-0.059,-1.33,-39.8,0.53,13.39,25.3,-39.8,3.2,1.156
180,40,3,2.5,0.2,10,1.221,35.89,-22.2,0.049,1.19,-47.6,0.639,17.09,26.7,-47.6,4.7,1.1720000000000002
180,40,3,2.5,0.25,5,1.214,41.47,-26.2,-0.155,-4.22,-56.9,0.545,16.71,30.7,-56.9,3.9,1.369
180,40,3,2.5,0.25,10,1.27,44.36,-26.8,0.024,0.67,-56.8,0.658,20.68,31.4,-56.8,6.0,1.246
180,40,3,2.5,0.3,5,1.287,48.19,-30.1,-0.14,-4.29,-60.6,0.581,19.75,34.0,-60.6,4.9,1.427
180,40,3,2.5,0.3,10,1.321,50.77,-30.6,-0.054,-1.64,-64.3,0.653,22.37,34.3,-64.3,6.6,1.375
180,40,3,2.5,0.35,5,1.285,51.45,-34.8,-0.133,-4.57,-65.5,0.569,21.09,37.1,-65.5,5.1,1.418
180,40,3,2.5,0.35,10,1.319,54.3,-34.7,-0.027,-0.93,-65.9,0.645,24.37,37.8,-65.9,7.1,1.3459999999999999
180,40,3,3.0,0.2,5,1.128,32.07,-22.9,-0.409,-9.24,-59.7,0.38,9.68,25.5,-60.0,2.1,1.537
180,40,3,3.0,0.2,10,0.878,22.83,-41.6,-0.031,-0.72,-46.8,0.413,10.07,24.4,-61.5,2.2,0.909
180,40,3,3.0,0.25,5,1.123,39.46,-27.9,-0.086,-2.39,-51.0,0.535,16.78,31.3,-51.0,3.9,1.209
180,40,3,3.0,0.25,10,1.252,45.39,-27.4,0.01,0.29,-58.9,0.64,20.95,32.7,-58.9,5.9,1.242
180,40,3,3.0,0.3,5,1.209,49.39,-31.1,-0.164,-5.35,-65.5,0.539,19.72,36.6,-65.5,4.4,1.373
180,40,3,3.0,0.3,10,1.27,52.97,-31.9,0.012,0.4,-64.9,0.652,24.48,37.5,-64.9,7.3,1.258
180,40,3,3.0,0.35,5,1.265,56.11,-34.9,-0.155,-5.6,-68.8,0.565,22.67,40.1,-68.8,5.2,1.42
180,40,3,3.0,0.35,10,1.302,59.16,-37.4,-0.058,-2.08,-71.6,0.641,25.97,40.5,-71.6,7.5,1.36
180,40,4,1.5,0.2,5,1.41,30.84,-20.1,-0.042,-0.8,-45.5,0.669,13.69,20.5,-45.5,3.8,1.452
180,40,4,1.5,0.2,10,1.496,32.73,-20.2,0.063,1.23,-47.1,0.76,15.66,20.6,-47.1,4.8,1.433
180,40,4,1.5,0.25,5,1.356,32.17,-25.2,0.006,0.14,-48.6,0.638,14.81,23.2,-48.6,4.0,1.35
180,40,4,1.5,0.25,10,1.448,34.52,-24.5,0.066,1.52,-50.6,0.714,16.63,23.3,-50.6,5.0,1.382
180,40,4,1.5,0.3,5,1.293,32.9,-29.8,0.044,1.13,-47.3,0.61,15.68,25.7,-47.3,4.1,1.2489999999999999
180,40,4,1.5,0.3,10,1.397,36.0,-28.6,0.068,1.71,-50.3,0.683,17.42,25.5,-50.3,5.1,1.329
180,40,4,1.5,0.35,5,1.236,33.23,-33.6,0.07,2.02,-45.9,0.584,16.31,27.9,-45.9,4.1,1.166
180,40,4,1.5,0.35,10,1.35,36.98,-32.1,0.082,2.29,-49.1,0.658,18.18,27.6,-49.1,5.2,1.268
180,40,4,2.0,0.2,5,1.371,35.86,-20.9,-0.018,-0.37,-47.0,0.695,16.23,23.3,-47.0,4.7,1.389
180,40,4,2.0,0.2,10,1.473,38.39,-21.3,0.054,1.13,-50.1,0.776,18.2,23.5,-50.1,5.9,1.419
180,40,4,2.0,0.25,5,1.394,39.8,-25.3,-0.072,-1.74,-56.6,0.658,17.29,26.3,-56.6,4.9,1.466
180,40,4,2.0,0.25,10,1.486,42.37,-25.3,0.048,1.19,-56.3,0.755,20.06,26.6,-56.3,6.7,1.438
180,40,4,2.0,0.3,5,1.359,41.44,-30.4,-0.016,-0.45,-58.5,0.642,18.74,29.2,-58.5,5.3,1.375
180,40,4,2.0,0.3,10,1.453,44.38,-29.6,0.067,1.9,-60.4,0.726,21.36,29.4,-60.4,7.1,1.3860000000000001
180,40,4,2.0,0.35,5,1.315,42.58,-35.2,0.024,0.76,-58.2,0.622,19.92,32.0,-58.2,5.4,1.291
180,40,4,2.0,0.35,10,1.415,46.16,-33.9,0.061,1.9,-60.7,0.696,22.17,31.9,-60.7,7.1,1.354
180,40,4,2.5,0.2,5,1.254,34.5,-24.1,0.114,2.46,-42.6,0.699,17.14,24.5,-42.6,5.1,1.14
180,40,4,2.5,0.2,10,1.347,37.16,-23.7,0.077,1.76,-49.8,0.714,17.98,25.2,-49.8,5.5,1.27
180,40,4,2.5,0.25,5,1.353,44.19,-25.9,-0.059,-1.51,-57.6,0.669,19.42,29.0,-57.6,5.7,1.412
180,40,4,2.5,0.25,10,1.457,47.41,-26.4,-0.008,-0.2,-61.3,0.742,21.6,29.1,-61.3,7.3,1.465
180,40,4,2.5,0.3,5,1.379,48.47,-30.5,-0.093,-2.7,-65.5,0.647,20.74,32.1,-65.5,6.0,1.472
180,40,4,2.5,0.3,10,1.474,51.67,-30.4,0.04,1.19,-64.4,0.748,24.31,32.5,-64.4,8.9,1.434
180,40,4,2.5,0.35,5,1.352,50.37,-35.7,-0.026,-0.85,-66.1,0.642,22.61,35.2,-66.1,6.5,1.3780000000000001
180,40,4,2.5,0.35,10,1.448,53.95,-34.6,0.069,2.36,-67.9,0.731,25.99,35.5,-67.9,9.5,1.379
180,40,4,3.0,0.2,5,1.158,32.49,-35.4,0.149,3.61,-42.7,0.645,16.84,26.1,-47.2,4.7,1.009
180,40,4,3.0,0.2,10,1.194,33.26,-37.4,0.086,2.14,-48.7,0.624,16.39,26.3,-56.3,4.4,1.1079999999999999
180,40,4,3.0,0.25,5,1.249,43.24,-26.2,-0.011,-0.3,-58.7,0.642,19.64,30.6,-58.7,5.5,1.26
180,40,4,3.0,0.25,10,1.339,46.49,-26.9,0.032,0.91,-60.6,0.697,21.79,31.2,-60.6,6.9,1.307
180,40,4,3.0,0.3,5,1.339,52.41,-30.8,-0.087,-2.65,-66.7,0.65,22.57,34.7,-66.7,6.6,1.426
180,40,4,3.0,0.3,10,1.444,56.27,-31.4,-0.043,-1.33,-70.3,0.719,25.06,34.8,-70.3,8.8,1.4869999999999999
180,40,4,3.0,0.35,5,1.363,56.84,-35.8,-0.097,-3.32,-72.4,0.639,24.24,37.9,-72.4,7.0,1.46
180,40,4,3.0,0.35,10,1.459,60.7,-35.3,0.033,1.17,-71.2,0.738,28.44,38.5,-71.2,11.1,1.4260000000000002
