pair,horizon,n_trades,active_days,sharpe
SHY-IEI,5,262,620,-0.8497027604263557
SHY-GOVT,5,200,469,-0.7881230754132948
SHY-IEF,5,308,694,-0.5877579393529145
SHY-TLH,5,306,692,-0.2327617391915824
SHY-TLT,5,302,680,-0.03719987779264508
SHY-SPTL,5,268,637,0.08839220411692542
SHY-VGLT,5,208,519,0.0386789372253678
SHY-LQD,5,290,697,-0.283464513580867
SHY-VCIT,5,176,474,-0.6339837270573252
SHY-IGIB,5,318,722,-0.7023563784233969
SHY-VCSH,5,164,362,-0.8005799651276913
SHY-HYG,5,208,459,-0.503604485119982
SHY-JNK,5,188,431,-0.7291838057327651
SHY-USHY,5,116,265,0.01809977536355414
SHY-AGG,5,308,765,-0.5046480931838275
SHY-BND,5,274,687,-0.2411379130616583
SHY-TIP,5,234,459,-0.3593186126610992
SHY-SCHP,5,128,299,-0.44543411099201635
SHY-MUB,5,184,440,-0.39249353559993055
SHY-VTEB,5,121,321,-0.18245011944423467
SHY-EMB,5,210,474,-0.30764574349570467
SHY-VWOB,5,130,307,-0.19796475724959722
SHY-FLOT,5,261,586,-0.9127586160293637
SHY-MBB,5,252,651,-0.40612757594771154
SHY-VMBS,5,240,624,-0.6795308825507809
IEI-IEF,5,230,508,-0.6192329337252815
GOVT-IEF,5,132,266,-0.825275725585809
IEI-TLH,5,324,702,-0.4321519408392739
IEI-TLT,5,264,578,-0.05318687741312875
IEI-SPTL,5,276,589,-0.13796872084237133
IEI-VGLT,5,220,533,-0.07772940153485026
GOVT-TLH,5,218,477,-0.5014059564194533
GOVT-TLT,5,152,347,-0.07685252694187687
GOVT-SPTL,5,154,360,-0.1262570596464232
GOVT-VGLT,5,162,417,0.029970832709921416
IEI-LQD,5,278,636,-0.408375322856461
IEI-VCIT,5,200,451,-0.4086584133803292
IEI-IGIB,5,294,710,-0.40362762101572464
GOVT-LQD,5,184,474,-0.5234885870498828
GOVT-VCIT,5,170,421,-0.796694346742077
GOVT-IGIB,5,206,482,-0.6860921548493544
IEI-VCSH,5,188,474,-0.7072542668633359
GOVT-VCSH,5,222,475,-0.7315419077670725
IEI-HYG,5,200,415,-0.31010044954475624
IEI-JNK,5,184,397,-0.6893334677980708
IEI-USHY,5,112,268,-0.25089111208008685
GOVT-HYG,5,170,344,-0.1599914366823138
GOVT-JNK,5,170,341,0.03377004336283237
GOVT-USHY,5,124,255,-0.27701915782330244
IEI-AGG,5,290,639,-0.6850821401292436
IEI-BND,5,280,620,-1.0119245272330266
GOVT-AGG,5,198,401,-0.901634548684556
GOVT-BND,5,166,380,-0.7901498319452571
IEI-TIP,5,222,489,-0.5452705865218974
IEI-SCHP,5,160,363,-0.5148937662126005
GOVT-TIP,5,156,339,-0.4165971720260418
GOVT-SCHP,5,160,354,-0.1851991822273634
IEI-MUB,5,176,378,-0.16452472873046867
IEI-VTEB,5,142,329,-0.11253183853895704
GOVT-MUB,5,152,309,-0.21717125061843076
GOVT-VTEB,5,138,270,-0.17371485725662503
IEI-EMB,5,202,423,-0.3247670328642432
IEI-VWOB,5,132,273,-0.12282841546499233
GOVT-EMB,5,134,321,-0.12192363690591908
GOVT-VWOB,5,142,295,-0.08419165485689836
IEI-FLOT,5,226,520,-0.2923117032583195
GOVT-FLOT,5,250,542,-0.1917121518675872
IEI-MBB,5,270,562,-0.6142419795779813
IEI-VMBS,5,238,480,-0.8056292404777745
GOVT-MBB,5,216,449,-0.8144862101621936
GOVT-VMBS,5,206,452,-0.8027660418143306
IEF-TLH,5,376,811,-0.6192802202252261
IEF-TLT,5,332,686,-0.23858029485054016
IEF-SPTL,5,284,555,-0.30762287298187185
IEF-VGLT,5,232,502,-0.35557418605589464
IEF-LQD,5,274,615,-0.4694442155488762
IEF-VCIT,5,170,406,-0.6012117713580688
IEF-IGIB,5,188,397,-0.5679788773585828
IEF-VCSH,5,188,371,-0.3547746093592055
IEF-HYG,5,174,376,-0.2364207254394877
IEF-JNK,5,166,333,-0.4513835207137983
IEF-USHY,5,122,240,-0.0625253502906826
IEF-AGG,5,190,463,-0.16381948234876367
IEF-BND,5,164,373,-0.5406968176243596
IEF-TIP,5,284,602,-0.4859763891439034
IEF-SCHP,5,192,389,-0.6358557004590338
IEF-MUB,5,198,411,-0.21474386331735323
IEF-VTEB,5,128,245,-0.10176185698562379
IEF-EMB,5,192,430,-0.23592523935242124
IEF-VWOB,5,128,297,-0.3730045996135849
IEF-FLOT,5,166,351,-0.2299250558244732
IEF-MBB,5,204,399,-0.4688820742371609
IEF-VMBS,5,116,245,-0.22617567902806673
TLH-LQD,5,268,604,-0.3054780571191704
TLH-VCIT,5,256,515,-0.5726489394254314
TLH-IGIB,5,270,576,-0.45187988442407867
TLT-LQD,5,284,591,-0.21393034890647805
TLT-VCIT,5,180,344,-0.015662785753134734
TLT-IGIB,5,250,522,0.08306900835719108
SPTL-LQD,5,198,427,-0.14227639919035903
SPTL-VCIT,5,206,404,-0.039487031258209085
SPTL-IGIB,5,228,460,-0.13864213257401917
VGLT-LQD,5,182,375,-0.09980094737181695
VGLT-VCIT,5,206,405,-0.014746700978460847
VGLT-IGIB,5,188,418,-0.014150653717242508
TLH-VCSH,5,236,503,-0.2808164821433106
TLT-VCSH,5,178,407,0.005089720725020229
SPTL-VCSH,5,216,495,-0.17603805962068897
VGLT-VCSH,5,220,524,0.04906956245105402
TLH-HYG,5,220,467,-0.2667483575426683
TLH-JNK,5,188,401,-0.3098280918837281
TLH-USHY,5,124,251,-0.10256196757363847
TLT-HYG,5,208,480,-0.11545982727371819
TLT-JNK,5,190,420,0.08314979123733031
TLT-USHY,5,128,264,0.02523578776854559
SPTL-HYG,5,200,448,-0.13427289635044976
SPTL-JNK,5,186,426,-0.1603507677360616
SPTL-USHY,5,112,226,0.030273046552911655
VGLT-HYG,5,170,339,0.0394692075621516
VGLT-JNK,5,162,365,0.006304944734926666
VGLT-USHY,5,118,239,-0.062131644254731506
TLH-AGG,5,286,594,-0.31777013316752417
TLH-BND,5,270,524,-0.4523362790324719
TLT-AGG,5,282,649,-0.14125217136586407
TLT-BND,5,216,483,-0.19115983015781202
SPTL-AGG,5,244,507,-0.03119276215939675
SPTL-BND,5,244,510,-0.11074289306986176
VGLT-AGG,5,198,458,-0.07864199001850289
VGLT-BND,5,194,479,0.01873434186561942
TLH-TIP,5,314,728,-0.6193720811769381
TLH-SCHP,5,258,543,-0.6519895866849232
TLT-TIP,5,338,764,-0.2766106639818884
TLT-SCHP,5,208,433,-0.316694054198115
SPTL-TIP,5,286,612,-0.33205491084178407
SPTL-SCHP,5,214,473,-0.2460586616483024
VGLT-TIP,5,228,524,-0.4662388310145918
VGLT-SCHP,5,218,501,-0.35671993937061613
TLH-MUB,5,286,571,-0.03240994832891964
TLH-VTEB,5,184,364,0.3058897987159809
TLT-MUB,5,232,545,0.013912394711935082
TLT-VTEB,5,148,359,0.13749191319998322
SPTL-MUB,5,248,566,-0.1065528083428429
SPTL-VTEB,5,140,357,0.16366622301678105
VGLT-MUB,5,212,513,-0.015332317555286383
VGLT-VTEB,5,150,367,0.22667037925967318
TLH-EMB,5,218,462,-0.1783144602239724
TLH-VWOB,5,184,352,-0.17650218548779598
TLT-EMB,5,210,441,0.06748807165429664
TLT-VWOB,5,154,334,-0.16781389638742714
SPTL-EMB,5,220,446,0.10719745657927603
SPTL-VWOB,5,150,331,-0.10086659203037733
VGLT-EMB,5,178,398,-0.09204403074439599
VGLT-VWOB,5,154,338,-0.17409341725721536
TLH-FLOT,5,212,438,-0.13309003601643804
TLT-FLOT,5,152,355,-0.17488720407865072
SPTL-FLOT,5,160,374,-0.1662179036032313
VGLT-FLOT,5,162,373,-0.0625652762089381
TLH-MBB,5,274,555,-0.4717007812742614
TLH-VMBS,5,198,457,-0.17087555641993388
TLT-MBB,5,236,520,-0.14265001825652876
TLT-VMBS,5,180,398,-0.06270973568959616
SPTL-MBB,5,250,538,-0.07551320778967661
SPTL-VMBS,5,190,458,-0.11110469244855814
VGLT-MBB,5,190,435,-0.10746685162823917
VGLT-VMBS,5,202,470,-0.16015961288813485
LQD-VCSH,5,204,537,-0.18312781528164085
VCIT-VCSH,5,174,453,-0.9346885967128397
IGIB-VCSH,5,266,628,-0.6623958226007851
LQD-HYG,5,192,418,0.1859323523647773
LQD-JNK,5,164,367,0.10474517093336974
LQD-USHY,5,104,236,-0.17352093948294856
VCIT-HYG,5,132,299,0.19977866911339592
VCIT-JNK,5,126,276,0.13689531049577633
VCIT-USHY,5,120,276,-0.11681480542234977
IGIB-HYG,5,180,398,-0.1103618606195321
IGIB-JNK,5,170,381,-0.4151552854869747
IGIB-USHY,5,120,252,-0.02249970282494702
LQD-AGG,5,252,575,-0.6768621688499551
LQD-BND,5,242,551,-0.2610670636448893
VCIT-AGG,5,136,342,-0.7591669616719989
VCIT-BND,5,154,350,-0.37206114100995186
IGIB-AGG,5,262,535,-0.9063790551951384
IGIB-BND,5,268,507,-0.7745114865650934
LQD-TIP,5,248,552,-0.2957977325296706
LQD-SCHP,5,196,437,-0.6269597253840288
VCIT-TIP,5,158,408,-0.24018664349272717
VCIT-SCHP,5,158,379,-0.511454544052395
IGIB-TIP,5,216,528,-0.4120947534570704
IGIB-SCHP,5,154,381,-0.3464612288174199
LQD-MUB,5,234,551,-0.04087006570455101
LQD-VTEB,5,134,333,-0.02803968290532873
VCIT-MUB,5,156,372,-0.11742356303108246
VCIT-VTEB,5,126,296,0.19888176841707722
IGIB-MUB,5,208,454,-0.20510763021975334
IGIB-VTEB,5,148,395,-0.003899289236378831
LQD-EMB,5,176,332,-0.07838921926654999
LQD-VWOB,5,100,239,0.010231119679666405
VCIT-EMB,5,170,310,0.2782400959942824
VCIT-VWOB,5,104,212,-0.14101488482761537
IGIB-EMB,5,180,354,-0.03307209561331387
IGIB-VWOB,5,100,200,-0.032603273760821505
LQD-FLOT,5,174,486,-0.08760093577984715
VCIT-FLOT,5,186,437,-0.42640403678824274
IGIB-FLOT,5,228,542,0.00896614895830656
LQD-MBB,5,242,546,-0.43265924515083576
LQD-VMBS,5,178,465,-0.29519133936530556
VCIT-MBB,5,180,356,-0.46443595613831673
VCIT-VMBS,5,156,321,-0.46204762735741334
IGIB-MBB,5,286,639,-0.6259420995870606
IGIB-VMBS,5,234,496,-0.6721028054557828
VCSH-HYG,5,152,328,0.2685975521669556
VCSH-JNK,5,136,312,0.11921655084081148
VCSH-USHY,5,128,259,-0.3213192159358754
VCSH-AGG,5,238,550,-0.7767537172241019
VCSH-BND,5,254,577,-0.33897336508206627
VCSH-TIP,5,150,311,-0.19026696302665216
VCSH-SCHP,5,126,252,-0.27150925305099455
VCSH-MUB,5,146,297,-0.48894027584510524
VCSH-VTEB,5,101,306,-0.45481562718662766
VCSH-EMB,5,180,385,0.10860506377157075
VCSH-VWOB,5,142,294,0.15882182494932273
VCSH-FLOT,5,205,426,-1.187567173461406
VCSH-MBB,5,240,592,-0.9830683563887412
VCSH-VMBS,5,250,581,-0.8200162024927682
HYG-AGG,5,190,407,-0.2164669346425709
HYG-BND,5,188,414,-0.3214263351932757
JNK-AGG,5,174,357,-0.5780294334202347
JNK-BND,5,170,362,-0.3799873967757659
USHY-AGG,5,128,250,-0.07560061719204561
USHY-BND,5,124,246,0.08754807254440618
HYG-TIP,5,184,412,-0.17611944078679828
HYG-SCHP,5,134,300,0.028572433607315206
JNK-TIP,5,178,381,-0.0484348999272033
JNK-SCHP,5,140,323,0.0017598090971096114
USHY-TIP,5,108,252,0.0339797525824488
USHY-SCHP,5,114,255,-0.04540154226676412
HYG-MUB,5,164,355,-0.09354315999431935
HYG-VTEB,5,106,228,-0.1472872913818607
JNK-MUB,5,170,381,-0.04535896285381189
JNK-VTEB,5,104,249,-0.22585817302652128
USHY-MUB,5,102,235,0.4882338639324925
USHY-VTEB,5,122,253,-0.18626435983361486
HYG-EMB,5,140,301,-0.12517054076673306
HYG-VWOB,5,100,215,0.03221839970908358
JNK-EMB,5,146,309,0.1471470921420012
JNK-VWOB,5,104,230,-0.0004319262773909713
USHY-EMB,5,94,194,0.07003710059634102
USHY-VWOB,5,94,182,-0.04065509803891396
HYG-FLOT,5,142,345,-0.013313742854385836
JNK-FLOT,5,146,367,-0.22970714485558424
USHY-FLOT,5,114,273,-0.17382518010561548
HYG-MBB,5,198,400,-0.4733131307199977
HYG-VMBS,5,140,293,-0.0650971862277367
JNK-MBB,5,182,357,-0.6359751087112009
JNK-VMBS,5,148,299,-0.09745510954789657
USHY-MBB,5,130,282,-0.13418201594377982
USHY-VMBS,5,134,288,-0.4246017572892794
AGG-TIP,5,224,512,-0.1951395468022081
AGG-SCHP,5,138,314,-0.26675810158018826
BND-TIP,5,208,556,-0.13661169107303278
BND-SCHP,5,148,332,-0.4331436928950013
AGG-MUB,5,208,407,0.12348849595312639
AGG-VTEB,5,146,340,0.08200632760404132
BND-MUB,5,196,410,-0.15495091656064103
BND-VTEB,5,144,325,-0.2859326369153499
AGG-EMB,5,198,432,-0.3399369967415641
AGG-VWOB,5,122,252,-0.22217777242750447
BND-EMB,5,194,424,-0.1992826644902953
BND-VWOB,5,128,256,-0.17661189878627034
AGG-FLOT,5,220,547,-0.760008531311904
BND-FLOT,5,226,537,-0.8220934751674354
AGG-MBB,5,264,536,-0.5950388545835789
AGG-VMBS,5,184,390,-0.7137580236653529
BND-MBB,5,260,580,-0.5717251979547678
BND-VMBS,5,194,445,-0.5004692972083676
TIP-MUB,5,188,406,0.007155753084191624
TIP-VTEB,5,122,299,0.22678706893127953
SCHP-MUB,5,132,315,-0.20247358428187415
SCHP-VTEB,5,118,294,0.23010376269783006
TIP-EMB,5,178,438,-0.10968184514575029
TIP-VWOB,5,126,274,-0.48903355713238583
SCHP-EMB,5,156,315,-0.1640121663311643
SCHP-VWOB,5,120,267,-0.409527476444646
TIP-FLOT,5,126,303,-0.14004436036275467
SCHP-FLOT,5,132,303,-0.17788378522370385
TIP-MBB,5,218,476,-0.25239765808591336
TIP-VMBS,5,170,390,-0.12728426011420862
SCHP-MBB,5,152,312,-0.36528487612688776
SCHP-VMBS,5,150,317,-0.31699331854402113
MUB-EMB,5,194,411,0.030168407737289578
MUB-VWOB,5,126,290,-0.15118070609702555
VTEB-EMB,5,118,279,-0.15331001905916541
VTEB-VWOB,5,120,258,-0.13000712886003635
MUB-FLOT,5,140,318,-0.7463530230121123
VTEB-FLOT,5,134,355,-0.9718962004930363
MUB-MBB,5,210,475,0.02590433916599234
MUB-VMBS,5,176,412,0.07798780907171347
VTEB-MBB,5,150,342,0.13387444700175335
VTEB-VMBS,5,158,358,0.13294443203337353
EMB-FLOT,5,150,359,0.26774640145559103
VWOB-FLOT,5,142,352,-0.356821317988709
EMB-MBB,5,208,434,-0.27522754840301517
EMB-VMBS,5,178,358,-0.009769629019141787
VWOB-MBB,5,122,251,-0.08074004569968805
VWOB-VMBS,5,124,253,-0.26324711689865243
FLOT-MBB,5,226,554,-0.9090639431553793
FLOT-VMBS,5,242,575,-0.8631192059173832
IEI-GOVT,5,224,442,-1.1696843186411467
TLH-TLT,5,182,433,-0.23573478139017148
TLH-SPTL,5,166,323,-0.3006652628077303
TLH-VGLT,5,134,288,-0.16296337753423898
TLT-SPTL,5,172,349,-0.4744965848063498
TLT-VGLT,5,128,270,-0.9527194855006864
SPTL-VGLT,5,122,126,-1.1075211606018462
LQD-VCIT,5,214,520,-0.4785775129493879
LQD-IGIB,5,214,482,-0.3990910443471079
VCIT-IGIB,5,96,229,-0.6484785484358597
HYG-JNK,5,98,206,-0.2294732510395865
HYG-USHY,5,50,86,-0.9321574281977191
JNK-USHY,5,62,111,-0.3375573060623806
AGG-BND,5,140,210,-0.2254750841778161
TIP-SCHP,5,124,178,-1.2206822814146214
MUB-VTEB,5,112,194,-0.7958896932951228
EMB-VWOB,5,82,164,-0.44034905166784283
MBB-VMBS,5,182,263,-0.7689709431373153
SHY-IEI,21,108,801,-0.24973078188460088
SHY-GOVT,21,98,658,-0.25923190888928727
SHY-IEF,21,124,763,-0.20140636540359638
SHY-TLH,21,152,783,-0.32031631677621863
SHY-TLT,21,146,812,-0.2684304784538264
SHY-SPTL,21,124,793,-0.23754004245014007
SHY-VGLT,21,86,691,-0.35722283986004433
SHY-LQD,21,170,844,-0.31158958459937053
SHY-VCIT,21,88,612,-0.5883829781076804
SHY-IGIB,21,203,820,-0.5807501209795948
SHY-VCSH,21,125,654,-0.4457326135313932
SHY-HYG,21,142,524,0.026329220518516747
SHY-JNK,21,110,555,-0.32153942286676934
SHY-USHY,21,68,335,0.030274563066302444
SHY-AGG,21,184,941,-0.5561049112791673
SHY-BND,21,148,884,-0.5268701251043877
SHY-TIP,21,122,640,-0.1878459360169622
SHY-SCHP,21,68,326,-0.17769673352750484
SHY-MUB,21,106,573,-0.5872016960187735
SHY-VTEB,21,66,347,-0.3706870125059034
SHY-EMB,21,128,601,-0.31867483125658375
SHY-VWOB,21,103,479,-0.08828044788362659
SHY-FLOT,21,175,717,-0.6673868180946954
SHY-MBB,21,184,846,-0.6019277829776648
SHY-VMBS,21,158,665,-0.7275387975046554
IEI-IEF,21,118,709,-0.5171412260579966
GOVT-IEF,21,82,500,-0.4378146018123013
IEI-TLH,21,188,791,-0.5032851020219484
IEI-TLT,21,128,721,-0.2644030376783262
IEI-SPTL,21,126,693,-0.3483940250809271
IEI-VGLT,21,94,626,-0.38338648558210364
GOVT-TLH,21,108,582,-0.5900930315475599
GOVT-TLT,21,76,556,-0.18991393885806826
GOVT-SPTL,21,76,538,-0.2865388316248331
GOVT-VGLT,21,76,570,-0.34675170239718783
IEI-LQD,21,158,833,-0.39099584999214165
IEI-VCIT,21,110,613,-0.07448342341329593
IEI-IGIB,21,201,882,-0.466453246561382
GOVT-LQD,21,104,681,-0.3673079229467298
GOVT-VCIT,21,90,544,-0.3857260992947386
GOVT-IGIB,21,113,598,-0.41229564283398396
IEI-VCSH,21,86,533,-0.4784109803652646
GOVT-VCSH,21,98,642,-0.39434226157413405
IEI-HYG,21,104,455,-0.02901214987414926
IEI-JNK,21,88,465,-0.41004446012079304
IEI-USHY,21,66,293,-0.17189708762930042
GOVT-HYG,21,84,436,0.09122145734302377
GOVT-JNK,21,84,405,0.0591761719776315
GOVT-USHY,21,88,372,-0.17601727118534702
IEI-AGG,21,162,856,-0.5369523815787024
IEI-BND,21,144,835,-0.45500034971091
GOVT-AGG,21,116,643,-0.46323072888219463
GOVT-BND,21,108,609,-0.2973744094232768
IEI-TIP,21,132,557,-0.16540130514409618
IEI-SCHP,21,72,381,-0.12550034654665157
GOVT-TIP,21,104,431,-0.3767217218440052
GOVT-SCHP,21,98,414,-0.3793001043359987
IEI-MUB,21,108,525,-0.06190596532549232
IEI-VTEB,21,100,328,0.01743302387786827
GOVT-MUB,21,80,390,0.07284245145993182
GOVT-VTEB,21,98,400,-0.03519709767452432
IEI-EMB,21,126,588,-0.16620067863764906
IEI-VWOB,21,101,476,-0.2838687051654738
GOVT-EMB,21,90,471,-0.1468277765208063
GOVT-VWOB,21,103,508,-0.20401498010558872
IEI-FLOT,21,94,635,-0.23765057237834997
GOVT-FLOT,21,112,714,-0.19429580077674025
IEI-MBB,21,188,791,-0.3723061104478276
IEI-VMBS,21,178,587,-0.8152201765183531
GOVT-MBB,21,152,570,-0.35508434255939786
GOVT-VMBS,21,162,565,-0.4407841773737524
IEF-TLH,21,212,934,-0.6071174565199697
IEF-TLT,21,142,849,-0.22775045317283324
IEF-SPTL,21,148,799,-0.3496545499574316
IEF-VGLT,21,114,683,-0.35576549605324803
IEF-LQD,21,148,776,-0.35555047860037653
IEF-VCIT,21,80,380,-0.3821903722260147
IEF-IGIB,21,108,568,-0.22734669742643426
IEF-VCSH,21,70,475,-0.29757732029504136
IEF-HYG,21,84,494,-0.1515010246916991
IEF-JNK,21,64,449,-0.2564889715151806
IEF-USHY,21,58,336,-0.21086345605278273
IEF-AGG,21,94,643,-0.4191522472435532
IEF-BND,21,88,576,-0.20713030098795154
IEF-TIP,21,146,835,-0.31892104475899813
IEF-SCHP,21,86,491,-0.4783414256968289
IEF-MUB,21,88,513,0.1500448882110437
IEF-VTEB,21,74,370,0.04961574101910356
IEF-EMB,21,124,661,-0.1992839177868419
IEF-VWOB,21,97,475,-0.03558482645412925
IEF-FLOT,21,70,539,-0.1776006287558146
IEF-MBB,21,80,615,0.061799214601960334
IEF-VMBS,21,62,391,0.04066502280825976
TLH-LQD,21,140,694,-0.13099441314042393
TLH-VCIT,21,106,544,-0.32133124981171696
TLH-IGIB,21,128,714,-0.3586775531265468
TLT-LQD,21,134,786,-0.13644730936894597
TLT-VCIT,21,76,447,-0.23617602874689667
TLT-IGIB,21,124,695,-0.052335807399544146
SPTL-LQD,21,98,585,-0.14545560073464278
SPTL-VCIT,21,76,463,-0.3509104472567895
SPTL-IGIB,21,108,636,-0.13084272160460073
VGLT-LQD,21,84,460,0.013277873748611887
VGLT-VCIT,21,88,469,-0.30393870684150126
VGLT-IGIB,21,84,523,-0.24973212150676358
TLH-VCSH,21,94,552,-0.4885349305677285
TLT-VCSH,21,74,555,-0.43653531591734296
SPTL-VCSH,21,84,626,-0.3820942524052386
VGLT-VCSH,21,84,633,-0.45202898333309727
TLH-HYG,21,96,527,-0.16637973227421746
TLH-JNK,21,82,529,-0.055679859596716355
TLH-USHY,21,56,337,-0.0780940036448349
TLT-HYG,21,102,579,-0.1722891402667996
TLT-JNK,21,86,553,-0.18835182954332158
TLT-USHY,21,48,324,-0.09104630798765159
SPTL-HYG,21,86,519,-0.13069394718512986
SPTL-JNK,21,82,557,-0.010284806416015467
SPTL-USHY,21,48,305,-0.0021979770948638688
VGLT-HYG,21,74,415,0.06304667140932327
VGLT-JNK,21,74,432,-0.02309686581934812
VGLT-USHY,21,48,303,-0.0037665912166934827
TLH-AGG,21,140,758,-0.3356494223166287
TLH-BND,21,134,700,-0.41072067333627066
TLT-AGG,21,126,811,-0.3599020924343672
TLT-BND,21,112,704,-0.2614102807123141
SPTL-AGG,21,128,726,-0.23844346269667122
SPTL-BND,21,120,690,-0.359659011016933
VGLT-AGG,21,88,605,-0.4025000524759008
VGLT-BND,21,88,596,-0.4117677219423989
TLH-TIP,21,194,808,-0.5515388994476412
TLH-SCHP,21,130,549,-0.469365475698293
TLT-TIP,21,172,834,-0.335089332331079
TLT-SCHP,21,106,564,-0.2565463462037905
SPTL-TIP,21,136,704,-0.36060827125763817
SPTL-SCHP,21,102,561,-0.2404453478959543
VGLT-TIP,21,110,598,-0.28042772819373524
VGLT-SCHP,21,108,583,-0.2517261561564846
TLH-MUB,21,152,619,-0.04906891353424272
TLH-VTEB,21,94,432,-0.13445072037791886
TLT-MUB,21,116,627,-0.11312363875725197
TLT-VTEB,21,72,422,-0.19467456360963434
SPTL-MUB,21,118,636,-0.162620947350814
SPTL-VTEB,21,70,401,-0.24871006835457193
VGLT-MUB,21,116,600,-0.0327680297424583
VGLT-VTEB,21,70,397,-0.23283120550800385
TLH-EMB,21,130,642,-0.1607772094077192
TLH-VWOB,21,110,513,-0.014893322419844993
TLT-EMB,21,118,621,-0.019633969206765047
TLT-VWOB,21,82,502,-0.03598065829657549
SPTL-EMB,21,120,627,-0.12221699155577254
SPTL-VWOB,21,84,470,-0.007135405247386655
VGLT-EMB,21,98,494,0.019628663434386785
VGLT-VWOB,21,86,495,0.0028578405424882305
TLH-FLOT,21,88,558,-0.2879533481114396
TLT-FLOT,21,62,518,-0.36151994661184383
SPTL-FLOT,21,66,550,-0.336346585811937
VGLT-FLOT,21,72,579,-0.3152644809395309
TLH-MBB,21,128,745,-0.31713041137057063
TLH-VMBS,21,92,513,-0.3906616366487114
TLT-MBB,21,126,664,-0.16756875812473504
TLT-VMBS,21,80,518,-0.14907706964969064
SPTL-MBB,21,124,694,-0.16670257678785366
SPTL-VMBS,21,88,542,-0.11515500572093106
VGLT-MBB,21,90,567,-0.10516666437056377
VGLT-VMBS,21,88,559,-0.11191536801294107
LQD-VCSH,21,124,658,-0.24174682422788296
VCIT-VCSH,21,98,599,-0.2148734240312303
IGIB-VCSH,21,198,798,-1.2021158709958117
LQD-HYG,21,96,504,0.09065651652769842
LQD-JNK,21,92,481,-0.07541036699443085
LQD-USHY,21,58,296,0.3061279429866862
VCIT-HYG,21,60,314,0.3143783384495396
VCIT-JNK,21,64,309,0.23100811517038541
VCIT-USHY,21,66,320,-0.040173679122645536
IGIB-HYG,21,92,403,0.1460967770283044
IGIB-JNK,21,80,429,-0.13406943364440552
IGIB-USHY,21,68,326,-0.06257248184821954
LQD-AGG,21,160,846,-0.20185791087663998
LQD-BND,21,140,757,0.01497790527406959
VCIT-AGG,21,94,491,-0.27298516549363055
VCIT-BND,21,108,478,0.08384902192984783
IGIB-AGG,21,181,750,-0.2703321084329245
IGIB-BND,21,175,697,-0.2482024361113891
LQD-TIP,21,168,733,-0.013367954644430222
LQD-SCHP,21,122,596,0.04490022349728466
VCIT-TIP,21,92,458,-0.0879679434403771
VCIT-SCHP,21,96,482,-0.11498330640766198
IGIB-TIP,21,126,619,0.04704595687428265
IGIB-SCHP,21,82,428,-0.2153844041116108
LQD-MUB,21,136,716,-0.008729462523706072
LQD-VTEB,21,78,456,-0.2258929913605513
VCIT-MUB,21,122,470,0.007073373435832806
VCIT-VTEB,21,88,327,0.06168537344549835
IGIB-MUB,21,122,607,-0.04640400140780893
IGIB-VTEB,21,82,285,0.256177811515101
LQD-EMB,21,150,517,0.05189984943834008
LQD-VWOB,21,98,435,0.011557687611282513
VCIT-EMB,21,112,434,-0.09588162121559927
VCIT-VWOB,21,95,382,0.07064294837473428
IGIB-EMB,21,114,489,-0.21247604066522047
IGIB-VWOB,21,80,383,0.013204391197065755
LQD-FLOT,21,96,625,-0.11867411213049361
VCIT-FLOT,21,78,609,-0.24681491661433724
IGIB-FLOT,21,136,772,-0.6240527566162953
LQD-MBB,21,128,673,-0.2613882342295563
LQD-VMBS,21,84,510,-0.09827196584252301
VCIT-MBB,21,68,400,-0.32090658271996797
VCIT-VMBS,21,66,361,-0.24329813864340047
IGIB-MBB,21,194,738,-0.5875753080579164
IGIB-VMBS,21,138,553,-0.19656673594538662
VCSH-HYG,21,88,375,0.3124610494561368
VCSH-JNK,21,80,396,0.19579715836179876
VCSH-USHY,21,66,297,-0.00026749956237956835
VCSH-AGG,21,110,628,-0.5463294384382091
VCSH-BND,21,118,661,-0.6051960444873273
VCSH-TIP,21,82,362,-0.1172293598345136
VCSH-SCHP,21,74,317,0.2108115844707398
VCSH-MUB,21,78,474,-0.2169031174299719
VCSH-VTEB,21,62,380,0.02701212001940505
VCSH-EMB,21,108,551,-0.14016469791837857
VCSH-VWOB,21,91,492,-0.3158423146496772
VCSH-FLOT,21,111,715,-0.40758803110118075
VCSH-MBB,21,152,589,-0.49869882568443563
VCSH-VMBS,21,156,606,-0.418160000306973
HYG-AGG,21,90,446,0.1451977732405467
HYG-BND,21,90,427,0.25610134018760305
JNK-AGG,21,78,436,-0.12609102497670965
JNK-BND,21,82,452,-0.14156401941212504
USHY-AGG,21,86,339,-0.2715083368803014
USHY-BND,21,84,342,-0.26338676969273017
HYG-TIP,21,86,393,0.07269878407452476
HYG-SCHP,21,78,365,0.32918196086107815
JNK-TIP,21,78,379,0.03275154383902679
JNK-SCHP,21,78,359,0.38389680608340326
USHY-TIP,21,76,333,-0.1677717770112754
USHY-SCHP,21,72,317,-0.1642677369089692
HYG-MUB,21,88,398,-0.005352545469302023
HYG-VTEB,21,40,207,-0.08876943890049736
JNK-MUB,21,62,401,-0.17041648054389044
JNK-VTEB,21,38,190,-0.13635029366148205
USHY-MUB,21,68,307,-0.06541174313044326
USHY-VTEB,21,66,296,-0.18101934808753203
HYG-EMB,21,84,457,0.17365746640231264
HYG-VWOB,21,80,393,0.2906638073258712
JNK-EMB,21,72,438,0.23200876306102539
JNK-VWOB,21,78,393,0.2738419776272143
USHY-EMB,21,48,286,-0.011892638711551025
USHY-VWOB,21,60,281,0.1229025632217861
HYG-FLOT,21,74,391,0.07171947879458128
JNK-FLOT,21,70,391,0.06759835991431129
USHY-FLOT,21,66,333,0.07832592102210838
HYG-MBB,21,112,476,0.03278791218289306
HYG-VMBS,21,80,356,0.2115325232971159
JNK-MBB,21,88,481,-0.3802319307503742
JNK-VMBS,21,74,353,0.010039061292832628
USHY-MBB,21,88,346,-0.15346739711922883
USHY-VMBS,21,80,304,-0.03881485811356225
AGG-TIP,21,118,636,0.3665369919095851
AGG-SCHP,21,72,351,0.14116200400833873
BND-TIP,21,112,554,0.21691094068301434
BND-SCHP,21,68,336,0.06626994693716695
AGG-MUB,21,136,426,0.06962292203132682
AGG-VTEB,21,112,319,0.3021263860816158
BND-MUB,21,126,403,-0.10191650645966333
BND-VTEB,21,92,339,-0.05222183655268884
AGG-EMB,21,126,537,-0.32917261717594787
AGG-VWOB,21,89,439,-0.34070545946560277
BND-EMB,21,132,552,-0.4420707401767497
BND-VWOB,21,87,430,-0.3544943306577054
AGG-FLOT,21,104,710,-0.30058745024188327
BND-FLOT,21,94,711,-0.37483858734783854
AGG-MBB,21,204,817,-0.2733566646883614
AGG-VMBS,21,118,575,-0.3330285931341888
BND-MBB,21,198,820,-0.4574137276997132
BND-VMBS,21,114,602,-0.17082760612579176
TIP-MUB,21,104,445,0.4130744894610028
TIP-VTEB,21,80,273,0.13086288513521638
SCHP-MUB,21,76,270,0.23077175021707455
SCHP-VTEB,21,74,267,-0.0904976968300577
TIP-EMB,21,127,549,0.017202232084457817
TIP-VWOB,21,97,437,-0.031173157950564204
SCHP-EMB,21,131,560,0.3749447857298077
SCHP-VWOB,21,105,453,-0.015617234743201844
TIP-FLOT,21,82,384,-0.14474853213863104
SCHP-FLOT,21,84,402,-0.12979739749167757
TIP-MBB,21,124,643,0.08006953884645227
TIP-VMBS,21,100,435,0.04375404223060777
SCHP-MBB,21,84,436,0.10118593356797173
SCHP-VMBS,21,90,406,0.0471712928678513
MUB-EMB,21,114,527,-0.07240305452732487
MUB-VWOB,21,96,523,-0.18439600136020104
VTEB-EMB,21,68,393,-0.15869391665971097
VTEB-VWOB,21,68,373,-0.14725979992108557
MUB-FLOT,21,84,540,-0.05979373810894566
VTEB-FLOT,21,62,481,-0.328998965873975
MUB-MBB,21,128,390,0.07286069264820627
MUB-VMBS,21,92,339,-0.20278970487089354
VTEB-MBB,21,110,362,0.29312488926815783
VTEB-VMBS,21,108,354,-0.0028540039384959545
EMB-FLOT,21,82,483,-0.2348627163905416
VWOB-FLOT,21,99,547,-0.5744110482515562
EMB-MBB,21,110,507,-0.2619268136342128
EMB-VMBS,21,84,442,-0.22008596790217785
VWOB-MBB,21,93,430,-0.1648792022676629
VWOB-VMBS,21,83,429,-0.20119536286158032
FLOT-MBB,21,146,657,-0.1613329812328921
FLOT-VMBS,21,144,621,-0.3630139109676702
IEI-GOVT,21,134,615,-0.8618579762724523
TLH-TLT,21,124,688,-0.08193963565647554
TLH-SPTL,21,138,593,-0.3637766030191107
TLH-VGLT,21,84,491,-0.33456988679205046
TLT-SPTL,21,136,435,-0.35574161436320295
TLT-VGLT,21,102,341,-0.44807108830885384
SPTL-VGLT,21,96,116,-0.9685555822173673
LQD-VCIT,21,140,669,0.009995999745987375
LQD-IGIB,21,126,664,-0.07718414983800163
VCIT-IGIB,21,52,364,-0.2950782027278627
HYG-JNK,21,68,327,-0.14830685003712024
HYG-USHY,21,50,167,-0.3801043632895774
JNK-USHY,21,66,221,-0.660117638358377
AGG-BND,21,120,305,-0.35972975529708645
TIP-SCHP,21,134,187,-1.323138753226683
MUB-VTEB,21,116,268,-0.9221232312543334
EMB-VWOB,21,76,275,-0.314494533665174
MBB-VMBS,21,174,327,-0.7804856001941183
SHY-IEI,63,38,875,0.13031031777101618
SHY-GOVT,63,38,751,-0.08166920363569134
SHY-IEF,63,62,955,-0.07617529624727047
SHY-TLH,63,92,1105,0.08697186084842423
SHY-TLT,63,76,1178,-0.16919826546263234
SHY-SPTL,63,70,1124,-0.020024098152716625
SHY-VGLT,63,36,792,0.11860401277811235
SHY-LQD,63,120,1100,0.1398038950926172
SHY-VCIT,63,48,793,-0.00043075541308359457
SHY-IGIB,63,162,1224,-0.1774401150575712
SHY-VCSH,63,66,878,0.039555188521883757
SHY-HYG,63,82,801,-0.05788287920668982
SHY-JNK,63,64,857,-0.11685273283589807
SHY-USHY,63,62,438,-0.2001428547539993
SHY-AGG,63,124,933,-0.29519701609388754
SHY-BND,63,66,955,0.01067762324281946
SHY-TIP,63,108,805,0.1182389583307611
SHY-SCHP,63,56,626,0.22801872414720836
SHY-MUB,63,70,625,0.3517794407924125
SHY-VTEB,63,34,454,0.26555022251016075
SHY-EMB,63,92,953,-0.030798301218379263
SHY-VWOB,63,62,711,-0.09706648161035258
SHY-FLOT,63,144,831,-0.5396956460326162
SHY-MBB,63,132,1026,-0.21924321717095643
SHY-VMBS,63,134,805,-0.49978903784014556
IEI-IEF,63,76,958,-0.15192590317700047
GOVT-IEF,63,32,522,0.07370528216459558
IEI-TLH,63,102,1124,-0.20126371943165283
IEI-TLT,63,62,1047,-0.11356582195480687
IEI-SPTL,63,84,1070,-0.21894644527820517
IEI-VGLT,63,34,815,0.019345663458434678
GOVT-TLH,63,66,796,-0.07506186574391883
GOVT-TLT,63,28,621,0.06348038154384181
GOVT-SPTL,63,28,607,0.06349924808533762
GOVT-VGLT,63,32,667,0.11697548838385284
IEI-LQD,63,100,1151,0.00802191693073031
IEI-VCIT,63,66,973,0.05184848897879895
IEI-IGIB,63,202,1125,-0.4380846497669595
GOVT-LQD,63,56,917,-0.1002268466870294
GOVT-VCIT,63,60,924,-0.23099220350903085
GOVT-IGIB,63,95,846,-0.4415099682612466
IEI-VCSH,63,74,751,-0.07703680796200944
GOVT-VCSH,63,44,746,-0.1596869439044796
IEI-HYG,63,80,778,-0.0007962968461559704
IEI-JNK,63,66,729,-0.07947091020540231
IEI-USHY,63,71,434,-0.23932523424967525
GOVT-HYG,63,55,597,-0.025696812627767972
GOVT-JNK,63,47,618,-0.05631954313300957
GOVT-USHY,63,55,457,-0.20486636200827799
IEI-AGG,63,98,1007,-0.3581398670735145
IEI-BND,63,68,1124,-0.31884031328899554
GOVT-AGG,63,72,737,-0.16623125543730652
GOVT-BND,63,58,679,-0.4292002841155148
IEI-TIP,63,88,726,0.035834464109774415
IEI-SCHP,63,44,607,-0.07023527380933203
GOVT-TIP,63,52,524,-0.18725272376141763
GOVT-SCHP,63,52,577,-0.25652771388792295
IEI-MUB,63,62,763,0.27738373859892107
IEI-VTEB,63,44,440,0.04766939649235327
GOVT-MUB,63,52,594,-0.02215012290758108
GOVT-VTEB,63,56,504,-0.01119612674016865
IEI-EMB,63,80,896,-0.17115467592212052
IEI-VWOB,63,68,723,-0.19410458465593683
GOVT-EMB,63,48,695,-0.06013710313738712
GOVT-VWOB,63,73,718,-0.16276027031030302
IEI-FLOT,63,42,789,-0.057250071794227204
GOVT-FLOT,63,46,901,-0.10388870714307515
IEI-MBB,63,140,911,-0.37624015858223847
IEI-VMBS,63,132,597,-0.5526143226190314
GOVT-MBB,63,94,674,-0.05616693909232615
GOVT-VMBS,63,96,657,-0.17057960243712605
IEF-TLH,63,188,1172,-0.4412589121097679
IEF-TLT,63,82,1262,-0.07661212823274621
IEF-SPTL,63,92,1039,-0.22151993672281295
IEF-VGLT,63,46,834,-0.09538720064865974
IEF-LQD,63,116,1206,-0.09477678834675513
IEF-VCIT,63,75,803,-0.011941099814314711
IEF-IGIB,63,78,859,-0.21411367546274612
IEF-VCSH,63,42,774,-0.16918322889597828
IEF-HYG,63,60,718,-0.0940411643684
IEF-JNK,63,44,657,-0.1789094149078992
IEF-USHY,63,54,486,-0.09313804311698057
IEF-AGG,63,54,816,-0.1368367156969591
IEF-BND,63,52,778,-0.19590773900217257
IEF-TIP,63,116,1044,-0.3666556865851127
IEF-SCHP,63,44,662,-0.1159644882176593
IEF-MUB,63,94,893,-0.019430790813964906
IEF-VTEB,63,64,541,-0.15547446632030706
IEF-EMB,63,98,1066,-0.06701592050627753
IEF-VWOB,63,75,740,-0.25757838805799654
IEF-FLOT,63,30,620,0.07516136515517627
IEF-MBB,63,56,951,0.00971933862424603
IEF-VMBS,63,30,580,-0.06170336458876059
TLH-LQD,63,88,1053,-0.1723691409711214
TLH-VCIT,63,72,901,-0.3048632017535253
TLH-IGIB,63,86,1150,-0.22576090302436372
TLT-LQD,63,70,1209,-0.254543079706324
TLT-VCIT,63,42,724,-0.04843017364165548
TLT-IGIB,63,66,1035,-0.2188003880695706
SPTL-LQD,63,60,932,-0.11246455228908413
SPTL-VCIT,63,48,707,0.0826692743096546
SPTL-IGIB,63,70,970,-0.05311164003875527
VGLT-LQD,63,40,690,-0.031412826895498194
VGLT-VCIT,63,48,747,0.09087201986386337
VGLT-IGIB,63,40,747,0.1032660968081398
TLH-VCSH,63,58,858,-0.18552106561589848
TLT-VCSH,63,34,773,0.02386018709343903
SPTL-VCSH,63,40,862,-0.047436116265692226
VGLT-VCSH,63,40,785,0.07104172009717157
TLH-HYG,63,64,990,-0.21683643420031165
TLH-JNK,63,54,926,-0.18797055097002513
TLH-USHY,63,42,539,-0.3342874297196218
TLT-HYG,63,56,874,-0.1118197039447467
TLT-JNK,63,42,809,-0.060107633497775495
TLT-USHY,63,40,447,-0.1945351640552724
SPTL-HYG,63,60,880,0.021044557283885303
SPTL-JNK,63,50,839,-0.03882254852649745
SPTL-USHY,63,40,445,-0.2171211351388544
VGLT-HYG,63,44,734,0.21166172786793763
VGLT-JNK,63,44,679,0.26963805313232403
VGLT-USHY,63,40,445,-0.20441772900218247
TLH-AGG,63,88,1044,-0.10670500024760617
TLH-BND,63,90,1054,-0.12505254318750086
TLT-AGG,63,74,1185,-0.240940566992863
TLT-BND,63,66,944,-0.1531390634249664
SPTL-AGG,63,78,1120,-0.13066571829267956
SPTL-BND,63,84,1100,-0.06433640661689047
VGLT-AGG,63,38,773,0.014074703599261083
VGLT-BND,63,36,802,0.08766679931201186
TLH-TIP,63,122,912,-0.19148924741907766
TLH-SCHP,63,74,667,-0.09824266113311332
TLT-TIP,63,114,1056,-0.2387615558798235
TLT-SCHP,63,36,621,0.051068694472129195
SPTL-TIP,63,78,899,0.002930041401789084
SPTL-SCHP,63,44,671,0.1091276546096733
VGLT-TIP,63,44,704,0.0029976832760456717
VGLT-SCHP,63,44,663,0.11211668903701127
TLH-MUB,63,130,1088,-0.10365535760552305
TLH-VTEB,63,66,607,-0.2965652363780635
TLT-MUB,63,60,1035,-0.111222143847938
TLT-VTEB,63,32,490,-0.2266462258615352
SPTL-MUB,63,74,1072,-0.006048927852356147
SPTL-VTEB,63,30,460,-0.16730268725259584
VGLT-MUB,63,64,854,0.05340170195368938
VGLT-VTEB,63,30,460,-0.16234759187463482
TLH-EMB,63,82,986,-0.0873224319238386
TLH-VWOB,63,70,812,-0.14397003820139345
TLT-EMB,63,66,879,-0.1640870959999062
TLT-VWOB,63,48,641,-0.27918853955144013
SPTL-EMB,63,74,960,-0.10565422468052094
SPTL-VWOB,63,46,647,-0.2699699559612229
VGLT-EMB,63,68,814,0.018078324266903305
VGLT-VWOB,63,46,648,-0.27203598593654504
TLH-FLOT,63,44,711,0.03271556483969525
TLT-FLOT,63,26,581,0.06680138135475916
SPTL-FLOT,63,30,584,0.1307962144050653
VGLT-FLOT,63,30,596,0.15225109848276494
TLH-MBB,63,96,1058,0.008947878443919215
TLH-VMBS,63,52,799,-0.15062895690680037
TLT-MBB,63,64,967,-0.06748532208125334
TLT-VMBS,63,30,688,-0.013399904116365558
SPTL-MBB,63,70,1007,-0.07071022253815797
SPTL-VMBS,63,34,718,-0.052317189723296395
VGLT-MBB,63,38,732,-0.04800196551390773
VGLT-VMBS,63,34,688,-0.023277847928843458
LQD-VCSH,63,72,844,0.17143645165204102
VCIT-VCSH,63,56,768,-0.046182299622475456
IGIB-VCSH,63,160,1005,-0.6362042217700629
LQD-HYG,63,72,658,0.1674223813826952
LQD-JNK,63,56,855,-0.05313303337837311
LQD-USHY,63,40,407,0.1078164567195566
VCIT-HYG,63,50,499,0.17777585041572128
VCIT-JNK,63,42,519,0.11688508103779587
VCIT-USHY,63,44,353,0.17033030843387498
IGIB-HYG,63,62,620,0.06373220816483534
IGIB-JNK,63,48,644,-0.049308476375846934
IGIB-USHY,63,54,379,0.09379336821598137
LQD-AGG,63,116,1391,-0.09071916518790421
LQD-BND,63,92,974,0.001920871436801391
VCIT-AGG,63,52,814,-0.061258430264347456
VCIT-BND,63,58,727,0.2069450123123229
IGIB-AGG,63,129,982,-0.2982944429542592
IGIB-BND,63,101,895,0.048418504783837246
LQD-TIP,63,136,1084,0.16725000175999988
LQD-SCHP,63,78,709,0.09957932035410307
VCIT-TIP,63,68,686,-0.2110258877727024
VCIT-SCHP,63,68,775,-0.2849476668850194
IGIB-TIP,63,114,900,0.07497708786349522
IGIB-SCHP,63,74,566,0.19087494735089136
LQD-MUB,63,108,906,0.11607890984561904
LQD-VTEB,63,46,475,-0.12190844101991061
VCIT-MUB,63,76,892,0.006717652497391108
VCIT-VTEB,63,50,585,-0.17845303431461354
IGIB-MUB,63,80,808,0.2853839963295784
IGIB-VTEB,63,50,490,0.11039269970539972
LQD-EMB,63,98,841,-0.007348370244971191
LQD-VWOB,63,56,582,-0.1171811418353642
VCIT-EMB,63,94,766,0.09668856156442404
VCIT-VWOB,63,70,569,-0.09112398682584201
IGIB-EMB,63,76,825,0.21279463109129793
IGIB-VWOB,63,52,590,-0.12560961199839873
LQD-FLOT,63,60,1003,-0.051164780949938746
VCIT-FLOT,63,66,864,-0.2345919276538305
IGIB-FLOT,63,110,950,-0.49045648403994924
LQD-MBB,63,98,1068,0.05681748534534773
LQD-VMBS,63,64,809,0.2897085429208082
VCIT-MBB,63,46,740,0.05459941398707234
VCIT-VMBS,63,54,686,0.17522224154994492
IGIB-MBB,63,164,938,-0.14478148672906088
IGIB-VMBS,63,98,686,-0.4581546496913702
VCSH-HYG,63,74,540,0.2616971495002994
VCSH-JNK,63,64,573,0.15098008469037857
VCSH-USHY,63,81,378,0.12286929274843356
VCSH-AGG,63,54,857,-0.12036479585657105
VCSH-BND,63,54,853,-0.09050829271174395
VCSH-TIP,63,46,478,0.10821579051761572
VCSH-SCHP,63,38,447,0.2140213081296197
VCSH-MUB,63,44,458,0.08836698733676028
VCSH-VTEB,63,34,503,0.31586591035940925
VCSH-EMB,63,68,843,-0.007022439420239146
VCSH-VWOB,63,60,774,-0.12391643652238067
VCSH-FLOT,63,84,902,-0.17088445463654522
VCSH-MBB,63,130,733,-0.14613454830547706
VCSH-VMBS,63,140,689,-0.13069339636391103
HYG-AGG,63,68,661,-0.05152059648276977
HYG-BND,63,72,619,0.0015993379289906912
JNK-AGG,63,52,698,-0.05149976177022358
JNK-BND,63,50,718,-0.101646557597349
USHY-AGG,63,53,482,-0.18052063990764214
USHY-BND,63,51,453,-0.22315382909824735
HYG-TIP,63,74,703,0.3041387929658873
HYG-SCHP,63,52,572,0.12338034344599108
JNK-TIP,63,78,872,0.18358597992632578
JNK-SCHP,63,56,730,0.24011859765743454
USHY-TIP,63,52,485,-0.18610044610994683
USHY-SCHP,63,54,500,-0.24455623285973224
HYG-MUB,63,56,557,-0.1359653887126269
HYG-VTEB,63,24,297,0.08628805947483066
JNK-MUB,63,44,519,-0.03774727433455005
JNK-VTEB,63,22,274,0.14420602264627852
USHY-MUB,63,77,365,0.0592249959041641
USHY-VTEB,63,73,372,0.039814911245184624
HYG-EMB,63,54,650,0.22776314573427553
HYG-VWOB,63,60,611,0.3549679945351416
JNK-EMB,63,54,767,0.19425307204367007
JNK-VWOB,63,46,539,0.11900826826164076
USHY-EMB,63,34,408,0.2082892162836887
USHY-VWOB,63,36,412,0.1979075342807177
HYG-FLOT,63,48,563,0.15561493067381774
JNK-FLOT,63,42,564,0.1745539792859298
USHY-FLOT,63,56,439,-0.21636515767776462
HYG-MBB,63,84,753,-0.009822284227013211
HYG-VMBS,63,69,618,0.11697518457395867
JNK-MBB,63,61,814,-0.11711786134367357
JNK-VMBS,63,65,652,0.1016907261170571
USHY-MBB,63,61,508,-0.1534236752728422
USHY-VMBS,63,59,492,-0.2557178871318118
AGG-TIP,63,110,885,-0.07846094976628942
AGG-SCHP,63,54,506,0.1728711075129982
BND-TIP,63,96,743,-0.13065954437801042
BND-SCHP,63,52,489,0.019935966812429012
AGG-MUB,63,86,666,0.20104457755896163
AGG-VTEB,63,52,414,-0.04881941417504602
BND-MUB,63,86,641,0.31181857887442377
BND-VTEB,63,60,375,-0.02828041751081712
AGG-EMB,63,86,908,-0.05369091966093078
AGG-VWOB,63,69,717,-0.20261131115967565
BND-EMB,63,88,907,-0.0733508902586421
BND-VWOB,63,65,698,-0.16795711111824915
AGG-FLOT,63,44,751,-0.0500442926348341
BND-FLOT,63,42,690,-0.0006441664056337934
AGG-MBB,63,132,888,-0.2911478474706213
AGG-VMBS,63,52,624,-0.04102270011334793
BND-MBB,63,118,1043,-0.14752051063763638
BND-VMBS,63,64,664,-0.02163913851714051
TIP-MUB,63,52,589,0.47685354450366835
TIP-VTEB,63,40,362,0.18482172821889511
SCHP-MUB,63,40,452,0.2959142297588872
SCHP-VTEB,63,40,362,-0.07115450923953087
TIP-EMB,63,92,860,0.2708941132357523
TIP-VWOB,63,96,766,-0.09632527471451639
SCHP-EMB,63,104,930,0.2328522661950231
SCHP-VWOB,63,96,739,-0.016843050092254383
TIP-FLOT,63,58,516,0.17504554494731023
SCHP-FLOT,63,56,519,0.137384844858502
TIP-MBB,63,102,797,-0.24633737415715137
TIP-VMBS,63,56,640,-0.07129841813217523
SCHP-MBB,63,56,650,-0.1689649351302234
SCHP-VMBS,63,58,601,0.03565925734177373
MUB-EMB,63,96,873,0.14103980984459955
MUB-VWOB,63,66,707,-0.19753671099634626
VTEB-EMB,63,50,519,-0.22988511649562612
VTEB-VWOB,63,62,542,-0.23758100996788628
MUB-FLOT,63,44,762,0.15841344745454555
VTEB-FLOT,63,38,528,0.39953721180091945
MUB-MBB,63,76,494,0.2099491722109877
MUB-VMBS,63,50,356,0.1512025863362591
VTEB-MBB,63,56,461,0.13926407832313237
VTEB-VMBS,63,54,454,-0.17812534732802834
EMB-FLOT,63,56,884,0.16544050149558093
VWOB-FLOT,63,54,712,-0.05777146451912626
EMB-MBB,63,96,952,-0.2694199936036288
EMB-VMBS,63,66,795,-0.11650007558586326
VWOB-MBB,63,72,751,-0.03151138036169604
VWOB-VMBS,63,54,783,-0.0389148479143186
FLOT-MBB,63,100,774,0.11098649866908493
FLOT-VMBS,63,102,689,-0.14306234190684078
IEI-GOVT,63,50,715,-0.2394820718978743
TLH-TLT,63,64,700,-0.2608266387373335
TLH-SPTL,63,106,665,-0.26859831415139646
TLH-VGLT,63,32,520,-0.06988534945012487
TLT-SPTL,63,66,658,-0.30366718044095126
TLT-VGLT,63,34,500,-0.14567618359555654
SPTL-VGLT,63,80,173,-0.7939611256820657
LQD-VCIT,63,96,723,0.018870827289350193
LQD-IGIB,63,84,868,0.0939989228821345
VCIT-IGIB,63,42,527,-0.16583370273859
HYG-JNK,63,40,555,-0.2577453420121826
HYG-USHY,63,42,329,-0.531712876168679
JNK-USHY,63,44,150,-0.244057292893548
AGG-BND,63,116,359,-0.40324952773503053
TIP-SCHP,63,104,211,-1.329936637054831
MUB-VTEB,63,100,268,-0.773999944497042
EMB-VWOB,63,48,394,-0.052375946712099664
MBB-VMBS,63,98,287,-0.3443454155787849
