cadence,k,contango_thr,backwardation_thr,vix_pct_ceil,is_sharpe,is_cagr,is_mdd
21,5,-0.1,0.98,0.8,0.7277994889548175,0.16168610036960485,-0.34664263283637486
21,4,-0.1,0.98,0.8,0.7276135915804889,0.16557532322765645,-0.36937885468006615
21,4,-0.1,0.95,0.8,0.7077399023453035,0.16401812406664318,-0.36937885468006615
21,4,-0.1,0.9,0.8,0.7077399023453035,0.16401812406664318,-0.36937885468006615
21,5,-0.1,0.95,0.8,0.706728704058916,0.1601340971787275,-0.34664263283637486
21,5,-0.1,0.9,0.8,0.706728704058916,0.1601340971787275,-0.34664263283637486
21,3,-0.1,0.98,0.8,0.6887090642734014,0.16104707899554915,-0.37599272804101713
21,3,-0.1,0.9,0.8,0.672049362158635,0.15949592953203595,-0.37599272804101713
21,3,-0.1,0.95,0.8,0.672049362158635,0.15949592953203595,-0.37599272804101713
21,2,-0.1,0.98,0.8,0.6101281069345894,0.14330974018083542,-0.38935087356479636
21,4,-0.2,0.98,0.8,0.6094350441945121,0.15609367539248353,-0.555169911766004
21,4,-0.2,0.9,0.8,0.6011906542938269,0.15508875731910243,-0.5462472630350519
21,4,-0.2,0.95,0.8,0.6011906542938269,0.15508875731910243,-0.5462472630350519
21,2,-0.1,0.9,0.8,0.5975141220655767,0.14178228765785494,-0.38935087356479636
21,2,-0.1,0.95,0.8,0.5975141220655767,0.14178228765785494,-0.38935087356479636
21,5,-0.2,0.98,0.8,0.5903276425795019,0.14695992648861722,-0.5575308835075579
21,5,-0.2,0.9,0.8,0.5820672335919929,0.14596294779726615,-0.5486555924578221
21,5,-0.2,0.95,0.8,0.5820672335919929,0.14596294779726615,-0.5486555924578221
21,3,-0.2,0.98,0.8,0.5746955476355965,0.14784859208108014,-0.5665620589939261
21,5,0.0,0.98,0.8,0.5681318120839847,0.09795509728456242,-0.3170851395333366
21,3,-0.2,0.95,0.8,0.568050801342155,0.14685084092973377,-0.5578679202731888
21,3,-0.2,0.9,0.8,0.568050801342155,0.14685084092973377,-0.5578679202731888
21,4,0.0,0.98,0.8,0.5452946998218954,0.09521179447000305,-0.33710664294787385
21,5,0.0,0.9,0.8,0.5433986818405786,0.09648823819596375,-0.337596874812367
21,5,0.0,0.95,0.8,0.5433986818405786,0.09648823819596375,-0.337596874812367
21,4,0.0,0.9,0.8,0.5230739980795979,0.09374860041167499,-0.33710664294787385
21,4,0.0,0.95,0.8,0.5230739980795979,0.09374860041167499,-0.33710664294787385
21,2,-0.2,0.98,0.8,0.5202135494393659,0.13061968520826017,-0.5976885340567677
21,2,-0.2,0.95,0.8,0.5153937647711265,0.12963691004049482,-0.5896187474438677
21,2,-0.2,0.9,0.8,0.5153937647711265,0.12963691004049482,-0.5896187474438677
21,3,0.0,0.98,0.8,0.5145076953081733,0.092043038624676,-0.34322808872493016
10,3,-0.1,0.9,0.8,0.500127434281194,0.10355407192721922,-0.46618232305119556
21,3,0.0,0.9,0.8,0.49589809563620135,0.09058407799840973,-0.34322808872493016
21,3,0.0,0.95,0.8,0.49589809563620135,0.09058407799840973,-0.34322808872493016
10,3,-0.1,0.95,0.8,0.4777778407751841,0.09551407148231306,-0.5042659733685397
10,2,-0.1,0.9,0.8,0.47318710811025505,0.09892072099094196,-0.4806751807712698
21,5,-0.1,0.98,0.9,0.4720975697658668,0.09928633785906338,-0.5030361616059789
21,4,-0.1,0.98,0.9,0.46904295958627584,0.09986268693827349,-0.5068328106968953
21,5,-0.1,0.95,0.9,0.46330317002232807,0.0978177002438756,-0.5104573610827525
21,5,-0.1,0.9,0.9,0.46330317002232807,0.0978177002438756,-0.5104573610827525
21,4,-0.1,0.9,0.9,0.46086670749281344,0.09839327932539765,-0.5068328106968953
21,4,-0.1,0.95,0.9,0.46086670749281344,0.09839327932539765,-0.5068328106968953
5,3,-0.1,0.9,0.9,0.4591942433875538,0.0927005474201954,-0.3491428875546473
21,3,-0.1,0.98,0.9,0.45506565315953246,0.09700467145215264,-0.5183781113831273
10,2,-0.1,0.95,0.8,0.4510214968650231,0.09091447706466571,-0.5177248808292956
21,3,-0.1,0.9,0.9,0.44781088762267446,0.09553908212474305,-0.5198256121186813
21,3,-0.1,0.95,0.9,0.44781088762267446,0.09553908212474305,-0.5198256121186813
10,4,-0.1,0.9,0.8,0.4464795251781639,0.0854905718128911,-0.48187817304183955
21,5,-0.1,0.98,1.0,0.4254346557384697,0.08574495873906063,-0.5030361616059789
21,4,-0.2,0.98,0.9,0.42381332491618345,0.09091559406767513,-0.5822360807098594
10,5,-0.1,0.9,0.8,0.4224555161965111,0.07765134888787073,-0.47956492246145654
10,4,-0.1,0.95,0.8,0.42233506255852704,0.07758217393522648,-0.5188420491585735
21,4,-0.2,0.95,0.9,0.4204536339458625,0.08996733111948485,-0.573856340213684
21,4,-0.2,0.9,0.9,0.4204536339458625,0.08996733111948485,-0.573856340213684
21,4,-0.1,0.98,1.0,0.4197464938113517,0.0849802955099963,-0.5068328106968953
5,2,-0.1,0.9,0.9,0.4197031150436992,0.08281091035797083,-0.40379167449043263
21,5,-0.1,0.9,1.0,0.41837071022332306,0.08429441229634715,-0.5104573610827525
21,5,-0.1,0.95,1.0,0.41837071022332306,0.08429441229634715,-0.5104573610827525
10,3,-0.1,0.9,1.0,0.41817505040175285,0.08346517033987788,-0.4351986639298875
5,3,-0.1,0.9,0.8,0.4158285321331942,0.0792550800203573,-0.3491428875546473
21,3,-0.1,0.98,1.0,0.4156609359249934,0.08480576979059351,-0.5183781113831273
21,4,-0.1,0.95,1.0,0.4133046170535012,0.08353077065114256,-0.5068328106968953
21,4,-0.1,0.9,1.0,0.4133046170535012,0.08353077065114256,-0.5068328106968953
21,2,0.0,0.98,0.8,0.4115669577358782,0.0702852295414218,-0.34802464159443736
21,5,-0.2,0.98,0.9,0.41063672578138394,0.08535117779202306,-0.585647561440563
5,5,-0.1,0.9,0.9,0.41046417913602906,0.0752397211298983,-0.3593842880445409
21,3,-0.1,0.95,1.0,0.40981526958495207,0.08335647809668201,-0.5198256121186813
21,3,-0.1,0.9,1.0,0.40981526958495207,0.08335647809668201,-0.5198256121186813
21,5,-0.2,0.95,0.9,0.4072719160704144,0.08440775163396674,-0.5773362503177983
21,5,-0.2,0.9,0.9,0.4072719160704144,0.08440775163396674,-0.5773362503177983
21,3,-0.2,0.98,0.9,0.4061888734683049,0.08453420228409869,-0.5873414995315545
21,3,-0.2,0.9,0.9,0.40346613937703657,0.08359148627044588,-0.5790641663589282
21,3,-0.2,0.95,0.9,0.40346613937703657,0.08359148627044588,-0.5790641663589282
21,2,0.0,0.95,0.8,0.3988641916043829,0.06885533717129855,-0.34802464159443736
21,2,0.0,0.9,0.8,0.3988641916043829,0.06885533717129855,-0.34802464159443736
10,5,-0.1,0.95,0.8,0.3973546033390713,0.06980006407553674,-0.5166938306293998
10,3,-0.1,0.95,1.0,0.3957240861647759,0.07557152862972494,-0.4142979374632484
10,3,-0.1,0.9,0.9,0.389392763398586,0.07269828690673097,-0.4351986639298875
21,4,-0.2,0.98,1.0,0.3859897235225387,0.07615426696845162,-0.5822360807098594
10,2,-0.1,0.9,1.0,0.3842360659561941,0.07368667884717617,-0.44863528256170504
21,4,-0.2,0.95,1.0,0.3834679000210444,0.07521883509503025,-0.573856340213684
21,4,-0.2,0.9,1.0,0.3834679000210444,0.07521883509503025,-0.573856340213684
5,3,-0.1,0.95,0.9,0.3814010931305754,0.06813320462600392,-0.387463475782867
21,2,-0.1,0.98,0.9,0.38055313298308624,0.07293168257854488,-0.5683842201734608
10,3,-0.1,0.98,0.8,0.38041086067134305,0.06692435454206302,-0.5290424260366282
5,2,-0.1,0.9,0.8,0.37738779034393655,0.0692373930095267,-0.3837435174434256
21,3,-0.2,0.98,1.0,0.3769341243255464,0.07247397462367489,-0.5873414995315545
5,5,-0.1,0.9,0.8,0.3757508684019782,0.06535176939693521,-0.3853483090272525
21,2,-0.1,0.9,0.9,0.37570774523995365,0.07149825456866732,-0.5748295720319928
21,2,-0.1,0.95,0.9,0.37570774523995365,0.07149825456866732,-0.5748295720319928
21,5,-0.2,0.98,1.0,0.3754790417988497,0.0719814566641801,-0.585647561440563
21,3,-0.2,0.9,1.0,0.37485167779492257,0.07154174179231343,-0.5790641663589282
21,3,-0.2,0.95,1.0,0.37485167779492257,0.07154174179231343,-0.5790641663589282
5,4,-0.1,0.9,0.9,0.3737180183734483,0.06570758476697769,-0.3563364463225597
21,5,-0.2,0.9,1.0,0.3729158034902384,0.07104965194708801,-0.5773362503177983
21,5,-0.2,0.95,1.0,0.3729158034902384,0.07104965194708801,-0.5773362503177983
10,3,-0.1,0.95,0.9,0.36559781123190116,0.06488308788443065,-0.4721020271704093
10,2,-0.1,0.95,1.0,0.3622329678752767,0.06586427884411483,-0.44863528256170615
10,2,-0.1,0.98,0.8,0.35869010937789625,0.06244479610192033,-0.5418286663699532
10,2,-0.1,0.9,0.9,0.3529278356721321,0.06239694709734711,-0.46455444186119954
21,2,-0.2,0.98,0.9,0.35108937104612475,0.06102278199348965,-0.6150476134483993
21,2,-0.2,0.9,0.9,0.3495957831006844,0.060100502949334444,-0.6073260248819021
21,2,-0.2,0.95,0.9,0.3495957831006844,0.060100502949334444,-0.6073260248819021
5,3,-0.1,0.9,1.0,0.34823505521903625,0.060339956655523386,-0.49065817791884836
21,2,-0.1,0.98,1.0,0.34516985531502603,0.060331843755300874,-0.5683842201734608
5,2,-0.1,0.95,0.9,0.3438241547384279,0.05846591768924769,-0.422118682727154
10,4,-0.1,0.9,1.0,0.3426298944679276,0.05852662191787128,-0.4491341628436124
21,2,-0.1,0.95,1.0,0.34135719723247904,0.058915249027711836,-0.5748295720319928
21,2,-0.1,0.9,1.0,0.34135719723247904,0.058915249027711836,-0.5748295720319928
5,4,-0.1,0.9,0.8,0.3403406618565575,0.05616177784620113,-0.4042987613697673
5,3,-0.1,0.98,0.9,0.3364815826335885,0.054808259748728716,-0.40176852185749934
5,3,-0.1,0.95,0.8,0.33573997520822546,0.05499003359402299,-0.4478017941187198
5,3,-0.2,0.9,0.9,0.33187802669257627,0.05591915493717625,-0.527729109688727
10,5,-0.1,0.9,1.0,0.3297432848645363,0.05430429755244304,-0.4485770842315243
10,2,-0.1,0.95,0.9,0.3296023454778223,0.054656799020675884,-0.5030801760882002
5,5,-0.1,0.95,0.9,0.32580545795348215,0.05106495259217314,-0.49337182796858214
21,2,-0.2,0.98,1.0,0.32402772739351743,0.04856279385260498,-0.6150476134483993
21,2,-0.2,0.95,1.0,0.3230188616210218,0.04765134547688388,-0.6073260248819021
21,2,-0.2,0.9,1.0,0.3230188616210218,0.04765134547688388,-0.6073260248819021
3,5,-0.2,0.95,0.9,0.32089299116205233,0.051463986282141994,-0.4229109509020762
10,4,-0.1,0.98,0.8,0.31968945145022215,0.04946042713650178,-0.5428899993787819
10,4,-0.1,0.95,1.0,0.31828856271254163,0.05081467129609285,-0.48876939842347333
10,4,-0.1,0.9,0.9,0.3174983339610023,0.0503397857020742,-0.5113825782533823
5,2,-0.1,0.9,1.0,0.3147720591764027,0.05027717530634379,-0.5456996248574297
3,4,-0.2,0.95,0.9,0.3145952107216977,0.049816910471412124,-0.42070458940701283
10,3,-0.2,0.9,0.8,0.3138589596010431,0.04983850363532816,-0.652197703729904
10,3,-0.1,0.98,1.0,0.30708083959306287,0.04750225379977424,-0.49600907046444676
10,5,-0.1,0.95,1.0,0.30469662100354106,0.046623108893889764,-0.48825240206106624
10,2,-0.2,0.9,0.8,0.30413911342272565,0.046019190585388836,-0.6629155439811939
3,5,-0.1,0.95,0.9,0.30364465072870606,0.04498804255035305,-0.37820825254919843
5,2,-0.1,0.98,0.9,0.2998701982647017,0.045261572064000166,-0.4356143985619343
5,2,-0.1,0.95,0.8,0.2992924321871391,0.04519757567398175,-0.42014240315425255
3,2,-0.2,0.95,0.9,0.295702579830854,0.04384294388177379,-0.44019138132358493
10,5,-0.1,0.98,0.8,0.2916235458472129,0.041881407610269594,-0.5408491473644133
10,4,-0.1,0.95,0.9,0.2916114808183997,0.042687480700289715,-0.5465389907826519
10,5,-0.1,0.9,0.9,0.2906449440065151,0.04245101639415716,-0.5283640439517563
10,3,-0.2,0.95,0.8,0.2903782761997721,0.04218985075004866,-0.6770106344414324
5,5,-0.1,0.9,1.0,0.29019358074238305,0.04254907014263343,-0.44566043649737486
5,3,-0.1,0.98,0.8,0.289107474862074,0.04182904956802891,-0.46312815638935234
5,4,-0.1,0.95,0.9,0.2890991427340788,0.04174712861533325,-0.5053051676380209
5,5,-0.1,0.95,0.8,0.28887546453241303,0.04139931309317979,-0.5257013207663201
3,4,-0.1,0.95,0.9,0.2833841112225244,0.04003375412897725,-0.35886128192044153
10,2,-0.2,0.95,0.8,0.2815980425764487,0.03839836350348569,-0.6869638419390457
10,2,-0.1,0.98,1.0,0.27850383181846156,0.03804833487577741,-0.531412036468622
21,5,0.0,0.98,0.9,0.27779549131280373,0.03843177994347857,-0.48745136335976225
5,5,-0.1,0.98,0.9,0.27619260187120054,0.03795293388975707,-0.5057221223786645
3,5,-0.2,0.98,0.9,0.2758197934818441,0.03834608848155319,-0.4379779291995567
3,3,-0.2,0.95,0.9,0.272182110150246,0.036908452509549106,-0.4607548620555688
10,3,-0.1,0.98,0.9,0.27194885296480553,0.03709275013378832,-0.5609595026293854
21,5,0.0,0.9,0.9,0.2719018584415503,0.03704444352319447,-0.49510529183541796
21,5,0.0,0.95,0.9,0.2719018584415503,0.03704444352319447,-0.49510529183541796
3,4,-0.2,0.98,0.9,0.2702433516079429,0.03671956132720777,-0.43582917268038623
5,3,-0.1,0.95,1.0,0.26956386417481076,0.03650018165491953,-0.4906581779188488
10,5,-0.1,0.95,0.9,0.2636131625697377,0.03485618543044655,-0.5622986265034733
5,3,-0.2,0.9,0.8,0.26266057399559584,0.03334634134971526,-0.5277291096887273
5,4,-0.1,0.9,1.0,0.26203149571817747,0.034450406153733626,-0.45179064525605095
10,3,-0.2,0.9,1.0,0.2599142739567914,0.02957388444019937,-0.6359491439268854
10,4,-0.2,0.9,0.8,0.2585178220829974,0.03243531352814033,-0.6538050367895941
21,4,0.0,0.98,0.9,0.25682548790016907,0.032910075256684435,-0.49059567616732136
5,3,-0.2,0.95,0.9,0.2567476241564225,0.03171323102774015,-0.5377782369558733
5,2,-0.2,0.9,0.9,0.2551783327343264,0.029245478276040515,-0.5422921474348854
3,2,-0.2,0.98,0.9,0.25500606398929443,0.030820124996531195,-0.4520771091926574
5,2,-0.1,0.98,0.8,0.25371829963631143,0.03215875240605848,-0.43427784297445393
5,4,-0.1,0.95,0.8,0.2535890269820302,0.03241594143774518,-0.5380125604075481
3,5,-0.1,0.98,0.9,0.25272177020002906,0.031950937595875084,-0.39444235503137104
21,4,0.0,0.95,0.9,0.2519811807632394,0.031530115788994895,-0.498202650376371
21,4,0.0,0.9,0.9,0.2519811807632394,0.031530115788994895,-0.498202650376371
21,3,0.0,0.98,0.9,0.25074997267216353,0.031231613156029292,-0.5027887775521247
21,3,0.0,0.95,0.9,0.24640889439515812,0.029853896100068944,-0.5102136712341294
21,3,0.0,0.9,0.9,0.24640889439515812,0.029853896100068944,-0.5102136712341294
5,4,-0.2,0.9,0.9,0.2421214072450041,0.027678592423975745,-0.5161326522568335
3,2,-0.1,0.95,0.9,0.24159310008187465,0.02846146395778515,-0.42049413615706355
10,2,-0.1,0.98,0.9,0.24136308397380718,0.027133337535318214,-0.5867233104265386
3,5,-0.2,0.9,0.9,0.24015165106675743,0.028022601201617814,-0.44880446730258194
10,2,-0.2,0.9,1.0,0.23978605821092794,0.019510927881430717,-0.6557356495950811
5,3,-0.2,0.9,1.0,0.23953185859353726,0.0246478539991708,-0.5801950605494193
5,4,-0.1,0.98,0.9,0.2392827721114474,0.028751349620034006,-0.5173645578577153
5,2,-0.1,0.95,1.0,0.2385582957409573,0.026663643258992398,-0.5456996248574295
5,5,-0.1,0.98,0.8,0.2375787041869138,0.028407873091031766,-0.5372635051260302
10,3,-0.2,0.95,1.0,0.23734437100606876,0.022072870489421748,-0.6619212802931154
3,4,-0.2,0.9,0.9,0.2358783540464178,0.02641224537259035,-0.446697103453802
5,5,-0.2,0.9,0.9,0.23480710836229682,0.025838412594378468,-0.5085635362021954
10,4,-0.2,0.95,0.8,0.23317963337681,0.024913452487288268,-0.6785032970568261
3,5,-0.2,0.95,0.8,0.23272316116882463,0.026185297304463395,-0.42291095090207764
3,4,-0.1,0.98,0.9,0.2327210087661463,0.027058458090482462,-0.3913586865154842
10,5,-0.2,0.9,0.8,0.23155029870061475,0.024578074465938737,-0.6490044573187282
21,5,0.0,0.98,1.0,0.2303935717953475,0.025640027750996275,-0.48745136335976225
3,3,-0.2,0.98,0.9,0.22836454967722555,0.02397214723799901,-0.47483378939465126
21,5,0.0,0.95,1.0,0.22653874420356268,0.02426978100770283,-0.49510529183541796
21,5,0.0,0.9,1.0,0.22653874420356268,0.02426978100770283,-0.49510529183541796
10,4,-0.1,0.98,1.0,0.2257257229058798,0.02339147812033815,-0.5748213686365297
3,2,-0.2,0.9,0.9,0.22570658422590464,0.020571462660965878,-0.46263204709108685
10,3,-0.2,0.9,0.9,0.22543637126689178,0.018957225606231143,-0.6359491439268854
5,3,-0.1,0.98,1.0,0.22347647244442861,0.023569858240177988,-0.4875785261403608
3,4,-0.2,0.95,0.8,0.22213604109575075,0.02277828496107559,-0.42070458940701216
10,2,-0.2,0.95,1.0,0.2181682117801794,0.012083228122741874,-0.6802961759764619
5,3,-0.2,0.98,0.9,0.21374897919936237,0.018842624746555625,-0.5581863297153529
3,3,-0.1,0.95,0.9,0.21307357967389542,0.02130559553214706,-0.37820182864487006
21,3,0.0,0.98,1.0,0.21268739756572771,0.01976412047659637,-0.5027887775521247
21,3,0.0,0.95,1.0,0.20989968721441624,0.018401723897677025,-0.5102136712341294
21,3,0.0,0.9,1.0,0.20989968721441624,0.018401723897677025,-0.5102136712341294
10,5,-0.1,0.98,1.0,0.20961766069342028,0.019309303252020626,-0.5743913947556422
3,5,-0.1,0.95,1.0,0.2092767926828699,0.020209163435944477,-0.42929855191755395
3,5,-0.1,0.9,0.9,0.20857864472956897,0.02093078563609696,-0.42737842520948843
21,4,0.0,0.98,1.0,0.20795879669765457,0.018933628712276773,-0.49059567616732136
3,5,-0.1,0.95,0.8,0.20546907922368365,0.020434709416346175,-0.39068172807397816
10,5,-0.2,0.95,0.8,0.20519351822581075,0.017113457747918615,-0.6740452007928381
21,4,0.0,0.9,1.0,0.20505762656457344,0.01757234166360555,-0.498202650376371
21,4,0.0,0.95,1.0,0.20505762656457344,0.01757234166360555,-0.498202650376371
5,5,-0.1,0.95,1.0,0.2047335062022943,0.019109290189719186,-0.48137606979784753
10,2,-0.2,0.9,0.9,0.20439459943771074,0.00844684604754109,-0.6557356495950808
10,3,-0.2,0.98,0.8,0.20246597838723762,0.014530106633971362,-0.6937671184789354
5,4,-0.1,0.98,0.8,0.20216509701826052,0.019536568855281766,-0.5492746283455563
10,3,-0.2,0.95,0.9,0.20161252113035658,0.01153355987419502,-0.6619212802931151
10,2,-0.2,0.98,0.8,0.1985574861888607,0.010839245551617749,-0.7032039598656481
3,3,-0.2,0.9,0.9,0.1973570603931586,0.013791569149167238,-0.4849503529335919
3,2,-0.1,0.98,0.9,0.1940200283203539,0.01563054197466962,-0.4488190329339087
5,2,-0.1,0.98,1.0,0.1938942823853379,0.013856030505562833,-0.5429527721592569
10,4,-0.1,0.98,0.9,0.19334938513844263,0.015476383457122767,-0.622866998412906
3,2,-0.2,0.95,0.8,0.19225805948705174,0.010454092314334806,-0.44056792684949353
3,4,-0.1,0.95,1.0,0.1910644552200632,0.014822758572046402,-0.45233689082871187
3,4,-0.1,0.9,0.9,0.19091867833831266,0.016090552672323177,-0.43281071441858765
10,4,-0.2,0.9,1.0,0.18790411972963156,0.006079997742676424,-0.6262959679593867
5,3,-0.2,0.95,0.8,0.18486926690573177,0.00965787732872414,-0.5909271034243533
3,5,-0.2,0.98,0.8,0.1844385052977976,0.013382772415233335,-0.4379779291995556
5,2,-0.2,0.9,0.8,0.18372855160426235,0.005495251630436959,-0.5422921474348855
5,2,-0.2,0.95,0.9,0.1821505363103551,0.005651022569094444,-0.5525304636747286
10,2,-0.2,0.95,0.9,0.18162467792545178,0.0010997542310724473,-0.6802961759764624
3,4,-0.1,0.95,0.8,0.1799731592087873,0.013789275728457895,-0.4013847266160908
5,4,-0.2,0.9,0.8,0.17928979523290545,0.008906424446315508,-0.5963672937323712
5,4,-0.1,0.95,1.0,0.17693772367505795,0.011192709622356078,-0.49731550995513096
3,4,-0.2,0.98,0.8,0.17458902312890104,0.010018265417067962,-0.4358291726803851
3,5,-0.2,0.95,1.0,0.1722573713270212,0.006532557803609729,-0.5240611697181562
10,5,-0.2,0.9,1.0,0.17089464385641154,0.0016859695738062896,-0.6238406671482106
3,3,-0.2,0.95,0.8,0.17060745933824417,0.006483719767835572,-0.4607548620555686
3,4,-0.2,0.95,1.0,0.17026622835381222,0.005039264933649479,-0.539941840208378
5,2,-0.2,0.9,1.0,0.17009033294541112,-0.0016788496680213427,-0.631145699881037
5,5,-0.2,0.9,0.8,0.16978491416032387,0.0068119140581159865,-0.5912487010646439
3,2,-0.1,0.95,1.0,0.16946412257021493,0.005821048699316211,-0.5019810819867407
3,2,-0.2,0.95,1.0,0.1659468234672698,-0.0015090083138884491,-0.5788299378412728
5,3,-0.2,0.95,1.0,0.16435000886603968,0.0011587943757127572,-0.5780884026209366
10,4,-0.2,0.95,1.0,0.16359397081016233,-0.0012498502776714382,-0.6529567817409075
10,5,-0.1,0.98,0.9,0.16204897432746052,0.0078494621162577,-0.6359739218363145
3,3,-0.1,0.98,0.9,0.16198297481103288,0.008563949027702966,-0.40386706669871364
5,4,-0.2,0.95,0.9,0.16039126270651408,0.004120056057570709,-0.6284531216453746
3,2,-0.1,0.9,0.9,0.15886539888520682,0.004784674695718971,-0.47626875465915075
3,5,-0.1,0.98,1.0,0.15846265353083655,0.007481195844303068,-0.46353344032038735
21,2,0.0,0.98,0.9,0.15724885763519625,0.003803252638037158,-0.5557308198058544
10,3,-0.2,0.98,1.0,0.1563311606879784,-0.005052968478762243,-0.6794605904818292
10,4,-0.2,0.9,0.9,0.15623602105444692,-0.00209712739037482,-0.6583609686613467
21,2,0.0,0.95,0.9,0.15593263225999948,0.0024621796488606407,-0.5623651258717823
21,2,0.0,0.9,0.9,0.15593263225999948,0.0024621796488606407,-0.5623651258717823
5,5,-0.1,0.98,1.0,0.15391268393356886,0.0063959178716541665,-0.49401879000116344
3,5,-0.2,0.9,0.8,0.15192643534030303,0.003307476445242097,-0.44880446730258083
5,5,-0.2,0.95,0.9,0.1512802890075867,0.002322060568248796,-0.6266746007076696
3,5,-0.1,0.98,0.8,0.14982336807671168,0.0077039279488533285,-0.43420143342291206
5,4,-0.2,0.9,1.0,0.14918752780436628,-0.0024631967305299707,-0.5348700919921239
3,2,-0.2,0.98,0.8,0.14874036535815788,-0.002152172558353427,-0.4520771091926562
10,5,-0.2,0.95,1.0,0.14580126181012468,-0.005611865526348958,-0.6506766471363876
3,4,-0.2,0.9,0.8,0.14340053042048523,-2.357981276657206e-05,-0.4466971034538023
10,2,-0.2,0.98,1.0,0.14191328230436104,-0.014777485492825648,-0.6968822081967939
3,4,-0.1,0.98,1.0,0.14068768054266212,0.002161990912536549,-0.4791053879287983
10,4,-0.2,0.98,0.8,0.1402574464847313,-0.0022877755965600155,-0.695182342701752
5,2,-0.2,0.98,0.9,0.14014171406692622,-0.0068944580727153815,-0.571810182654676
5,3,-0.2,0.98,0.8,0.139906543562154,-0.002937588763001986,-0.618120155521259
5,5,-0.2,0.9,1.0,0.1369256687899956,-0.00535028408082594,-0.5502316389604669
3,3,-0.2,0.95,1.0,0.13515404763236985,-0.007978716695724253,-0.5125105823512934
10,4,-0.2,0.95,0.9,0.13048699285333837,-0.009367400541326232,-0.6829421689773469
5,5,0.1,0.9,0.8,0.1291448872139887,0.007203609960481527,-0.3999537796988385
3,3,-0.1,0.95,1.0,0.1284984300610521,-0.004039403737773006,-0.46773219853530945
5,3,0.1,0.9,0.8,0.1281757963728095,0.00643998267685042,-0.3955584606241094
3,2,-0.1,0.95,0.8,0.12817324870794083,-0.0027762442997442127,-0.40885431506452097
10,5,-0.2,0.9,0.9,0.1264897802317618,-0.009979700544267112,-0.6692628975806734
5,4,-0.1,0.98,1.0,0.12623083512808478,-0.001421903478019515,-0.5095696675211072
3,5,-0.2,0.98,1.0,0.12578794596430362,-0.0060247826269640425,-0.5305210309957042
3,3,-0.1,0.9,0.9,0.12572738194203148,-0.002206454461956109,-0.44446720086261515
3,4,-0.2,0.98,1.0,0.12469446036362652,-0.007499445412099459,-0.5461861550294614
3,4,-0.1,0.98,0.8,0.1245800710162873,0.0011414016368660462,-0.4455087353710262
3,2,-0.2,0.98,1.0,0.12456182014974712,-0.013966023441967401,-0.5845464291269078
21,2,0.0,0.98,1.0,0.12428519988692918,-0.007984785126949778,-0.5557308198058544
21,2,0.0,0.95,1.0,0.12398854189716417,-0.009310109393455668,-0.5623651258717823
21,2,0.0,0.9,1.0,0.12398854189716417,-0.009310109393455668,-0.5623651258717823
3,3,-0.2,0.98,0.8,0.12358960844644586,-0.006073011367155878,-0.4748337893946514
3,5,-0.1,0.9,1.0,0.12273002974681256,-0.003277644978777805,-0.5000699459900563
3,2,-0.1,0.98,1.0,0.12268455523562756,-0.006727415056606012,-0.5263230866596464
3,2,-0.2,0.9,0.8,0.1223114103876686,-0.012073016358102318,-0.46263204709108663
5,4,0.1,0.9,0.8,0.12199264981715055,0.005766359709783453,-0.40007351657192314
1,2,-0.2,0.9,0.9,0.12140426972203434,-0.009844393478421587,-0.5039141750408977
5,3,-0.2,0.98,1.0,0.12093782499111372,-0.011330645790252336,-0.5824303755879154
10,3,-0.2,0.98,0.9,0.11697848740585837,-0.015312565532619393,-0.6843352110645649
5,4,-0.2,0.98,0.9,0.11282738971364374,-0.008406325801160075,-0.6478106219619439
3,5,-0.1,0.9,0.8,0.1102861969762273,-0.0030572914191264733,-0.47273562006071534
10,5,-0.2,0.98,0.8,0.1095247910755594,-0.00988075828486945,-0.6909555296527878
5,2,-0.2,0.95,0.8,0.10811100852766269,-0.017554753134098378,-0.5979008187106363
3,4,-0.1,0.9,1.0,0.10661852900966437,-0.008540046389642786,-0.5050467991963931
5,2,0.1,0.9,0.8,0.10363471387819491,0.0010452385047488022,-0.3744728025753038
5,5,-0.2,0.98,0.9,0.1025215018076339,-0.010181891325117487,-0.6412855661015628
10,2,-0.2,0.98,0.9,0.10214163628053843,-0.025469457718910404,-0.701285775985107
3,2,-0.2,0.9,1.0,0.10076102552476875,-0.023769411086511982,-0.583598618616242
10,5,-0.2,0.95,0.9,0.09962379992703158,-0.017192544799546017,-0.6930596954308705
3,3,-0.1,0.95,0.8,0.0996071863761455,-0.007951867291619008,-0.42769750290568453
5,5,0.1,0.9,0.9,0.09924104888744877,0.0017113805431361317,-0.3856882521201219
3,5,-0.2,0.9,1.0,0.09832173656715494,-0.015907124003265438,-0.5294499676265199
3,4,-0.2,0.9,1.0,0.09793463422951436,-0.017367125335274736,-0.5451508298756902
5,3,0.1,0.9,0.9,0.09747264586289582,0.00042729483696635207,-0.38032774943585346
5,2,-0.2,0.95,1.0,0.09740264741643397,-0.024564395108812143,-0.6296493993697445
3,3,-0.2,0.9,0.8,0.09584349689921967,-0.015954873241687983,-0.4849503529335931
5,4,-0.2,0.95,0.8,0.09477054071606064,-0.014221778151110476,-0.6806768835580218
3,2,-0.1,0.9,1.0,0.09266887139201124,-0.01733452284126291,-0.5499129786112411
5,4,0.1,0.9,0.9,0.09067386333845451,-9.97782865531649e-05,-0.38472516101067
3,3,-0.2,0.98,1.0,0.09056787154892408,-0.020355016768927814,-0.5191272183807978
3,4,-0.1,0.9,0.8,0.08745524540750176,-0.009549736843967316,-0.48327282871171207
1,2,-0.2,0.9,0.8,0.08735611395442452,-0.01976599993606032,-0.5039141750408977
1,4,-0.1,0.9,0.9,0.08387463231490996,-0.009466561080354707,-0.632287905001572
5,5,-0.2,0.95,0.8,0.08330428544939271,-0.016268273917312226,-0.6784843172502326
10,4,-0.2,0.98,1.0,0.07872844338829595,-0.027756703666554916,-0.7033116420303231
3,3,-0.1,0.98,1.0,0.0782879467028164,-0.016464850054176527,-0.4953947036834412
3,2,-0.1,0.98,0.8,0.07639112828181778,-0.015217449592803023,-0.43774813918363686
1,2,-0.2,0.98,0.9,0.07054729816100193,-0.02191530233329031,-0.4733586708083032
5,4,-0.2,0.95,1.0,0.06778060585090627,-0.02533076177459792,-0.6224523870975183
3,3,-0.2,0.9,1.0,0.06610285077197678,-0.030094883500672576,-0.518030161311932
5,2,-0.2,0.98,0.8,0.06422046036702925,-0.029810742090096376,-0.6242116418578341
5,2,0.1,0.9,0.9,0.06392107733216719,-0.007148566227930142,-0.35881126918195416
5,3,0.0,0.9,0.8,0.06078563070783624,-0.01242344843067178,-0.4986267923025489
1,3,-0.2,0.9,0.9,0.06046252998425369,-0.02404232504537296,-0.6577248932962937
10,5,-0.2,0.98,1.0,0.05863410093381643,-0.03200295092389882,-0.7021367307814979
1,4,-0.2,0.9,0.9,0.05842343330835566,-0.021571935888475835,-0.681594234236859
1,2,-0.1,0.9,0.9,0.05689239097444071,-0.0208465862457059,-0.5559846415145032
1,4,-0.1,0.9,0.8,0.055773571208222815,-0.015952955652173806,-0.6286273448525225
5,2,-0.2,0.98,1.0,0.05531178438556654,-0.03673293889175677,-0.6331097205167848
5,5,-0.2,0.95,1.0,0.053772696575290574,-0.028151665443695628,-0.6178351372586732
3,3,-0.1,0.9,1.0,0.0482937178344413,-0.026967972262134987,-0.5297612712488571
3,2,-0.1,0.9,0.8,0.045444876531738905,-0.02573389272730786,-0.46969223457811515
5,4,-0.2,0.98,0.8,0.04512619187157953,-0.02651934591744065,-0.6973135388166717
3,3,-0.1,0.98,0.8,0.043765954814153706,-0.020328502333726295,-0.4698819935377231
10,4,-0.2,0.98,0.9,0.04145795379775351,-0.03565881394777093,-0.7368377366044099
1,4,-0.2,0.9,0.8,0.04005795583155604,-0.02613835101112094,-0.6729080453513949
10,4,0.0,0.9,0.8,0.03948846140621571,-0.01240138189059059,-0.5399158697054319
1,3,-0.2,0.9,0.8,0.038016041312719406,-0.029901098035429174,-0.6451697456987671
5,3,0.0,0.9,0.9,0.037877437948267145,-0.018027167497489227,-0.5086171545696714
10,3,0.0,0.9,0.8,0.035161951874488465,-0.014409940853211012,-0.5157253268401037
1,2,-0.2,0.98,0.8,0.0345378343996475,-0.03171595526962823,-0.47713785745246584
5,5,-0.2,0.98,0.8,0.032326603007800235,-0.028540311681243602,-0.6910675878317551
5,5,0.0,0.9,0.8,0.0322626480401329,-0.01615429532820367,-0.5570120687487308
1,2,-0.2,0.95,0.9,0.02601794488098901,-0.036106246530711816,-0.5343006738375651
1,2,-0.1,0.9,0.8,0.023599430284912744,-0.029148401540964985,-0.5664865483283559
5,4,-0.2,0.98,1.0,0.020052483209324113,-0.03748974514547587,-0.6421225241974295
1,4,-0.1,0.98,0.9,0.01734071289655614,-0.021542076060169335,-0.6355065365318222
10,5,0.0,0.9,0.8,0.01478219293436116,-0.016630299229793644,-0.5475118099476146
1,2,-0.2,0.9,1.0,0.014179832287763757,-0.04554547155555444,-0.557341522870051
3,3,-0.1,0.9,0.8,0.012319480190330105,-0.03079036479406594,-0.5059861256578511
5,4,0.0,0.9,0.8,0.010667216097719538,-0.02167939191571666,-0.5578442070094637
5,5,0.0,0.9,0.9,0.010561574357087697,-0.021123448161521896,-0.5662682940324406
10,5,-0.2,0.98,0.9,0.00774969980013773,-0.04327627868608663,-0.7452354196166417
5,5,-0.2,0.98,1.0,0.004859484826325096,-0.04027545808580335,-0.63279205579371
1,3,-0.2,0.98,0.9,0.0031049822058856727,-0.03594014803702583,-0.6549549204682793
10,2,0.0,0.9,0.8,0.00041675941186690023,-0.024300993975431173,-0.5149441361266699
21,5,0.1,0.95,0.8,0.0003674940181942437,-0.014459446822874478,-0.3599620481143234
21,5,0.1,0.9,0.8,0.0003674940181942437,-0.014459446822874478,-0.3599620481143234
1,4,-0.2,0.98,0.9,-0.0020978223317017837,-0.033499875199374585,-0.6860109102419644
10,4,0.0,0.95,0.8,-0.003923889416509682,-0.019397906412982002,-0.5617180930110552
21,5,0.1,0.98,0.8,-0.00467839531001042,-0.01314101123255107,-0.3599620481143234
1,2,-0.1,0.98,0.9,-0.005073140555858977,-0.03278336823685357,-0.5200029402909216
21,3,0.1,0.9,0.8,-0.006162201913137771,-0.017835762834405133,-0.39737628250915036
21,3,0.1,0.95,0.8,-0.006162201913137771,-0.017835762834405133,-0.39737628250915036
5,3,0.1,0.95,0.8,-0.006238212919199108,-0.01574037952282048,-0.4368045548898615
10,3,0.0,0.95,0.8,-0.006970668600988285,-0.02139223597938844,-0.5485208278262121
21,4,0.1,0.95,0.8,-0.008957786859473828,-0.017058292537527775,-0.3712946116446152
21,4,0.1,0.9,0.8,-0.008957786859473828,-0.017058292537527775,-0.3712946116446152
1,2,-0.2,0.95,0.8,-0.009457808029495194,-0.04576470266216193,-0.5376425396883336
21,3,0.1,0.98,0.8,-0.011273221506299079,-0.016521844009199316,-0.39737628250915036
5,4,0.0,0.9,0.9,-0.011902261988746842,-0.027001915590654346,-0.5601199509775463
1,4,-0.1,0.98,0.8,-0.013531496068040614,-0.0279493955076765,-0.6324385038499367
5,2,0.0,0.9,0.8,-0.013682801834529475,-0.0317673384552124,-0.5034518979088087
5,5,0.1,0.95,0.8,-0.013746085791323444,-0.014993581389489696,-0.45011519986463855
21,4,0.1,0.98,0.8,-0.014534873003348343,-0.015743333628778777,-0.3712946116446152
1,3,-0.1,0.9,0.9,-0.016020450558892115,-0.03617296559461525,-0.6546785129126957
5,4,0.1,0.95,0.8,-0.01935482532010476,-0.01639915689387217,-0.44550769383290867
1,3,-0.2,0.98,0.8,-0.021004766375368186,-0.04172749718794089,-0.6440572428751319
1,4,-0.2,0.98,0.8,-0.021997230939923444,-0.03801062151564638,-0.6779363169191579
5,2,0.1,0.95,0.8,-0.026429008849651957,-0.021016231975820032,-0.43156963243565327
21,2,0.1,0.9,0.8,-0.028026182942531182,-0.02353670383885409,-0.41664631493019033
21,2,0.1,0.95,0.8,-0.028026182942531182,-0.02353670383885409,-0.41664631493019033
10,5,0.0,0.95,0.8,-0.03053384415928098,-0.023596864492090863,-0.5800686954905787
21,2,0.1,0.98,0.8,-0.034270161411703665,-0.0222304116135833,-0.41664631493019033
5,3,0.1,0.95,0.9,-0.037523809710088826,-0.02162055713221056,-0.4562692838242288
1,4,-0.1,0.95,0.9,-0.03799575069024534,-0.03573843536451049,-0.6668761249393451
1,2,-0.2,0.98,1.0,-0.04028627163635711,-0.05739557988956756,-0.5582338739384725
10,2,0.0,0.95,0.8,-0.04031757127180068,-0.031213217116438652,-0.5498442917312618
1,2,-0.1,0.98,0.8,-0.04103096897905906,-0.040983976757037466,-0.523427138555473
1,3,-0.2,0.95,0.9,-0.04279562747759887,-0.04992760699105869,-0.6846507126066643
5,2,0.0,0.9,0.9,-0.04319565908609793,-0.039367574684775364,-0.523893116286132
5,5,0.1,0.95,0.9,-0.04463860825051994,-0.020364770665488585,-0.4759543214114854
1,5,-0.1,0.9,0.9,-0.04642786354302503,-0.038854015758370886,-0.6441314889196532
1,4,-0.2,0.95,0.9,-0.050314468757213335,-0.047522739855743956,-0.7130339147601843
5,3,0.0,0.95,0.8,-0.051114175307257696,-0.0341880901288768,-0.6105472637094729
5,4,0.1,0.95,0.9,-0.051506095985218894,-0.02213601438892543,-0.47077243004048375
1,3,-0.1,0.9,0.8,-0.052569567415919075,-0.04458825029010227,-0.650813386669431
1,2,-0.1,0.95,0.9,-0.054280445308516015,-0.046816628629244295,-0.5590219039419464
5,5,0.1,0.9,1.0,-0.05481819709730162,-0.02951871473242529,-0.39917994419501646
5,3,0.1,0.9,1.0,-0.056721792258046425,-0.03224110583144335,-0.41941395115647384
10,3,0.0,0.9,1.0,-0.062464054819814735,-0.045253214010014475,-0.6168838826578985
5,4,0.1,0.9,1.0,-0.06475466838700554,-0.0321565138630735,-0.4046832332065138
1,3,-0.2,0.95,0.8,-0.06661864929905709,-0.055630988006037496,-0.6746909274449551
5,2,0.1,0.95,0.9,-0.0668587982889324,-0.02902945807500812,-0.4549700023630632
1,4,-0.1,0.95,0.8,-0.06816992592136292,-0.04205279158199127,-0.6640721379320675
1,4,-0.2,0.95,0.8,-0.06996344342398242,-0.05196804015347056,-0.7056542493153296
1,2,0.1,0.9,0.8,-0.07104895484299625,-0.027149601839886794,-0.4380863885454257
1,5,-0.1,0.9,0.8,-0.07131281717275109,-0.04406138116411029,-0.6423994301483562
5,3,0.0,0.9,1.0,-0.07253383214642548,-0.047468728813425454,-0.5469933272852138
1,5,-0.2,0.9,0.9,-0.07324312813369226,-0.05434286249147624,-0.6919288608305095
5,3,0.0,0.95,0.9,-0.07414445067248887,-0.03966831199694798,-0.6240072304234463
3,4,0.0,0.95,0.9,-0.0759590540047316,-0.037199163019142056,-0.516102214977885
10,4,0.0,0.9,1.0,-0.08028588876596134,-0.04825284700543153,-0.645349648942859
1,2,-0.2,0.95,1.0,-0.08068400433779983,-0.07107174388430237,-0.6153254339221053
10,5,0.0,0.9,1.0,-0.08144943454295661,-0.046973571160690786,-0.6418995757433562
1,2,-0.1,0.9,1.0,-0.08182374589025021,-0.06134980874051699,-0.6784106613446725
5,2,0.1,0.9,1.0,-0.08519886280644703,-0.04075594158466733,-0.44631210381582054
1,2,0.1,0.9,0.9,-0.08605369209173425,-0.029856458761673754,-0.45865832087145963
3,5,0.0,0.95,0.9,-0.08625168589307657,-0.03789257564096593,-0.5205854387010194
1,5,-0.2,0.9,0.8,-0.08632242197207327,-0.05711263854070581,-0.6834308533190455
1,3,-0.1,0.98,0.9,-0.08699427171276777,-0.04792290490469642,-0.6462954912054288
3,2,0.0,0.95,0.9,-0.08897375884056091,-0.04604224934717005,-0.504711100705251
1,2,-0.1,0.95,0.8,-0.08956315253313529,-0.054898255247172845,-0.5717416487555476
5,5,0.0,0.95,0.8,-0.08957265822142114,-0.03783671499933894,-0.6542645577621419
1,3,-0.2,0.9,1.0,-0.09478324044123566,-0.07148148538322785,-0.689024119958862
5,3,0.1,0.98,0.8,-0.0979771869215585,-0.028019002760995337,-0.4673123193806863
3,3,0.0,0.95,0.9,-0.0985077883466424,-0.04455418671643041,-0.4937775952330151
10,4,0.1,0.9,0.8,-0.0999758764032804,-0.030678883154553693,-0.45262079922210996
10,3,0.0,0.95,1.0,-0.10047402626256349,-0.05201700364921058,-0.6444493923356845
3,4,0.0,0.95,1.0,-0.10085483220608134,-0.04568172445016283,-0.5195845858622998
1,2,0.1,0.9,1.0,-0.10216537201297975,-0.03494179175207213,-0.44499039414508834
10,2,0.0,0.9,1.0,-0.10504377686198084,-0.061001923638090205,-0.6414207635011537
5,5,0.0,0.9,1.0,-0.10668638620718227,-0.05122866373839363,-0.563919945341177
1,4,-0.1,0.9,1.0,-0.10733444999275905,-0.05906646011082595,-0.6897181046404577
5,4,0.0,0.95,0.8,-0.10969025395713201,-0.04324004710451057,-0.6498876022812223
3,5,0.0,0.95,1.0,-0.10995947969908794,-0.04602986448641,-0.5253737411365047
5,5,0.0,0.95,0.9,-0.11150374950729464,-0.0426963554806391,-0.670510688065864
1,4,0.1,0.9,0.8,-0.11179924888820081,-0.03250267990820843,-0.5151238789238197
1,4,-0.2,0.9,1.0,-0.11267512857866863,-0.07136385112042543,-0.7110363510522015
5,5,0.1,0.98,0.8,-0.11370136985503548,-0.027281520922596614,-0.4763702428928317
5,2,0.1,0.98,0.8,-0.11413045470920162,-0.03322903903787444,-0.463775853647584
10,5,0.1,0.9,0.8,-0.11438561779107922,-0.032242260740899864,-0.46935986626600357
3,4,0.1,0.95,0.8,-0.11575548517634356,-0.031979743106712144,-0.45294792024798747
5,4,0.1,0.98,0.8,-0.11773332377496368,-0.02866956189473624,-0.46878182046157546
10,4,0.0,0.95,1.0,-0.11947848421576283,-0.0549953861027318,-0.6708670240721504
3,2,0.0,0.95,1.0,-0.1214917322684456,-0.056616011228872276,-0.5165059150995208
10,5,0.0,0.95,1.0,-0.12157510684011842,-0.053725173135007465,-0.6676651863862789
5,4,0.0,0.9,1.0,-0.12167937337930887,-0.05591449512590818,-0.5676010733299447
5,3,0.0,0.98,0.8,-0.12351104621607431,-0.046236578468265455,-0.6295366970760667
5,2,0.0,0.95,0.8,-0.1240836514283596,-0.053105671089310524,-0.6213499474717874
1,5,-0.1,0.98,0.9,-0.12593211303424137,-0.05057127059749733,-0.6515941901285565
1,3,-0.1,0.98,0.8,-0.12688491878141514,-0.05623559952860513,-0.6440954231275255
3,2,0.1,0.95,0.8,-0.12821053618901251,-0.03801106813329869,-0.45352667967671356
3,4,0.0,0.95,0.8,-0.1282439218470172,-0.04652254515671239,-0.4994364347957738
3,3,0.1,0.95,0.8,-0.12855113018645983,-0.03606271559210372,-0.4365778290765284
10,3,0.0,0.9,0.9,-0.1290588306045633,-0.05440909103109737,-0.6652241712373503
5,3,0.1,0.98,0.9,-0.12972696957494914,-0.03382582524747302,-0.48572266236189976
1,4,0.1,0.9,0.9,-0.12998211793763173,-0.035635474434868475,-0.5304002542941673
10,3,0.1,0.9,0.8,-0.13207865780503097,-0.03766589235401552,-0.46378966863990645
5,4,0.0,0.95,0.9,-0.13238529000642024,-0.04844527068708504,-0.6658400280822421
3,5,0.0,0.95,0.8,-0.1359197050914522,-0.046454208258611795,-0.4990205165322872
1,3,-0.1,0.95,0.9,-0.13648607354713074,-0.06173650710128775,-0.6767365442580581
3,3,0.0,0.95,1.0,-0.13762512209620123,-0.056602560281507786,-0.5121206188552583
10,4,0.0,0.9,0.9,-0.140374911838706,-0.055264679276385564,-0.6844003860078252
10,2,0.0,0.95,1.0,-0.14144487752372817,-0.06765414342381681,-0.6672208250661316
1,5,-0.2,0.98,0.9,-0.14389575442378397,-0.0658712940224776,-0.7011793547882015
5,2,0.0,0.9,1.0,-0.14399964734973483,-0.06854811945488126,-0.6120024175471196
3,5,0.1,0.95,0.8,-0.14454701526674418,-0.035679677075561855,-0.4621462323137433
5,5,0.1,0.98,0.9,-0.14539108182137755,-0.03258570469711175,-0.5009756383067581
5,3,0.0,0.98,0.9,-0.1466830832552697,-0.05164843465498581,-0.6423403655612319
1,2,-0.1,0.98,1.0,-0.14966978704508088,-0.07300369703239296,-0.6465526590265509
5,4,0.1,0.98,0.9,-0.15053311005206332,-0.03433485218304033,-0.492986100711156
10,3,0.0,0.98,0.8,-0.1512929540305982,-0.04693103981330338,-0.6245152463056755
3,2,0.0,0.95,0.8,-0.15290851859673593,-0.0586346584943962,-0.5255362022035044
1,5,-0.1,0.98,0.8,-0.15366936896879418,-0.055715153422547514,-0.6498785057100949
5,2,0.0,0.95,0.9,-0.1537054605334942,-0.06053841000628957,-0.6369376989498758
10,4,0.0,0.98,0.8,-0.1537197329583953,-0.04498875642254385,-0.6354911055983844
3,4,0.0,0.98,0.9,-0.15497845675337724,-0.049210913441991466,-0.5517703829183875
5,2,0.1,0.98,0.9,-0.1551588385601327,-0.04114230026788679,-0.48585040156875947
3,3,0.0,0.95,0.8,-0.15829987001320178,-0.05568433768157344,-0.5079251921028731
1,5,-0.2,0.98,0.8,-0.15837743799802434,-0.06860730395048531,-0.6929190226715383
1,3,-0.2,0.98,1.0,-0.15839298673576852,-0.08300958301431949,-0.7134655085169388
10,5,0.0,0.9,0.9,-0.1587381967574804,-0.057186534665480404,-0.6922759535765115
3,2,0.0,0.98,0.9,-0.160353343524435,-0.05794367482859997,-0.5412189091431554
10,4,0.1,0.95,0.8,-0.16114007450968154,-0.03754592290098746,-0.49200516853849596
3,4,0.1,0.95,1.0,-0.1620447893558527,-0.044677002159098866,-0.4487523082795427
3,2,0.1,0.95,0.9,-0.16467883441089975,-0.045191869836408105,-0.4754949193150707
1,3,0.1,0.9,0.8,-0.1648246508208828,-0.042435703949336157,-0.5405415533399911
3,4,0.1,0.95,0.9,-0.16750209747620207,-0.041064175920762835,-0.4822616256903415
3,5,0.0,0.98,0.9,-0.16808977453749355,-0.04989567515800741,-0.5559231476445596
5,5,0.0,0.98,0.8,-0.17012827026206148,-0.04983968680102857,-0.6626927004027656
3,2,0.1,0.95,1.0,-0.1724881604643662,-0.05086145496435979,-0.4788112323631888
10,3,0.0,0.95,0.9,-0.17260331247623345,-0.0611080169524556,-0.6893115586635632
10,2,0.0,0.9,0.9,-0.1738643459133077,-0.07051038222430783,-0.682651540313556
3,3,0.0,0.98,0.9,-0.17479434451702994,-0.05647417703104973,-0.5310913137648101
3,3,0.1,0.95,0.9,-0.17539099650853548,-0.04465751178199484,-0.4679181592883802
1,3,-0.1,0.95,0.8,-0.17546607122052993,-0.06992859357559555,-0.6747258217706505
10,2,0.0,0.98,0.8,-0.17590282553403436,-0.05649572203271014,-0.6256159405326485
3,4,0.0,0.98,1.0,-0.17640644677864453,-0.05758764778298342,-0.5549960677972442
1,5,-0.1,0.95,0.9,-0.1775513167121505,-0.06434644789095789,-0.6815792185306118
10,5,0.1,0.95,0.8,-0.17776390971517747,-0.03909822492544068,-0.5075398463810289
10,2,0.1,0.9,0.8,-0.17844114867239347,-0.048995642549449325,-0.479402739845024
3,4,0.0,0.9,0.9,-0.18018914149101659,-0.059364342092367406,-0.5822974374949046
1,4,-0.2,0.98,1.0,-0.18085815445391543,-0.08289340924933708,-0.7415574739564494
1,3,0.1,0.9,0.9,-0.18214515162184566,-0.045495734962963774,-0.5569335246260241
1,3,-0.1,0.9,1.0,-0.18224079946172597,-0.08128026183565551,-0.7165560741785051
5,3,0.0,0.95,1.0,-0.18244089849599404,-0.06846102737576765,-0.6444299673774553
3,2,0.0,0.9,0.9,-0.18396765150000677,-0.06800384676104132,-0.5724645807041907
10,5,0.0,0.98,0.8,-0.1846231829166285,-0.04907813396220684,-0.6507528759675303
1,4,-0.1,0.98,1.0,-0.18529794001019975,-0.07074869750453994,-0.720525937658606
10,4,0.0,0.95,0.9,-0.18535362941520933,-0.061957543884949784,-0.7071080295133014
21,5,0.1,0.9,0.9,-0.18706662767321516,-0.06788844701090868,-0.5496865949425777
21,5,0.1,0.95,0.9,-0.18706662767321516,-0.06788844701090868,-0.5496865949425777
3,5,0.0,0.98,1.0,-0.18804258571609359,-0.05793144447939658,-0.5603585036919752
3,3,0.1,0.95,1.0,-0.18895969425853262,-0.05179726323472589,-0.4521236035122058
21,3,0.1,0.95,0.9,-0.18901742937125157,-0.07252848573439852,-0.5690856998822772
21,3,0.1,0.9,0.9,-0.18901742937125157,-0.07252848573439852,-0.5690856998822772
5,4,0.0,0.98,0.8,-0.18903082292255,-0.05517561242342783,-0.6626318890927136
1,5,-0.2,0.95,0.9,-0.18927486795935178,-0.07942448463200313,-0.7268969096622223
3,2,0.0,0.98,1.0,-0.19077103443872745,-0.0683855201353718,-0.5504521773924678
3,5,0.1,0.95,1.0,-0.19102539986552602,-0.04855312864065475,-0.45972828526372767
5,3,0.1,0.95,1.0,-0.19215234713153187,-0.05356899737398624,-0.5072927158762802
5,5,0.0,0.98,0.9,-0.19226680195891202,-0.05463870334398735,-0.6785427917505957
10,3,0.1,0.95,0.8,-0.19255160300491755,-0.044483433467799705,-0.5023704289090863
3,5,0.0,0.9,0.9,-0.19263647196744488,-0.06004179127259135,-0.5861673746911507
1,2,-0.1,0.95,1.0,-0.19271530983116636,-0.08645340423874415,-0.6823848193155153
5,2,0.0,0.98,0.8,-0.19544057366738837,-0.06491816290465269,-0.6385807638040939
1,2,0.1,0.98,0.8,-0.1955903078888392,-0.03881488148876133,-0.41566058334093803
1,5,0.1,0.9,0.8,-0.1963645092364294,-0.045548440980535676,-0.5420210827511427
21,4,0.1,0.9,0.9,-0.19680197368968405,-0.07297346672630034,-0.5672779140543363
21,4,0.1,0.95,0.9,-0.19680197368968405,-0.07297346672630034,-0.5672779140543363
5,5,0.1,0.95,1.0,-0.19786517855672506,-0.05090660351441301,-0.4993707515947624
3,3,0.0,0.9,0.9,-0.1981547709353768,-0.06655004165627743,-0.5630267337160952
1,3,-0.2,0.95,1.0,-0.1986838650451438,-0.09631411570771276,-0.7381256738237645
21,5,0.1,0.98,0.9,-0.19879652249706484,-0.0666414876223258,-0.5428600892608912
3,4,0.0,0.9,1.0,-0.19955948189045158,-0.0676516217102704,-0.585303434395569
21,3,0.1,0.98,0.9,-0.1999055017879748,-0.07128773369281216,-0.5677112680282432
3,5,0.1,0.95,0.9,-0.20054366598987844,-0.045317593452172344,-0.4932003518942658
1,5,-0.2,0.95,0.8,-0.20361816792222204,-0.08212079803443939,-0.7193474907568517
1,5,-0.1,0.95,0.8,-0.20461693122440747,-0.06941569857596663,-0.6800111919426418
10,5,0.0,0.95,0.9,-0.2056614424048939,-0.06386578411894817,-0.7144169437249348
21,3,0.1,0.9,1.0,-0.20566319529042568,-0.0830507499184695,-0.5690856998822772
21,3,0.1,0.95,1.0,-0.20566319529042568,-0.0830507499184695,-0.5690856998822772
5,4,0.1,0.95,1.0,-0.20609798157023526,-0.05348626968021841,-0.5004610147089356
1,4,0.1,0.9,1.0,-0.2073137222732388,-0.050581249819501184,-0.5399389195934003
21,4,0.1,0.98,0.9,-0.20827829183699745,-0.07173330997100014,-0.5607180831784947
3,5,0.0,0.9,1.0,-0.21066971278004334,-0.06799174701912003,-0.5903006570893328
3,3,0.0,0.98,1.0,-0.21135033359272026,-0.06837223699989103,-0.5476142690181858
5,4,0.0,0.98,0.9,-0.21184931751450425,-0.06031590092392469,-0.6780036376852915
3,4,0.0,0.98,0.8,-0.21189978943051957,-0.058417978543856,-0.5328567466893022
3,2,0.0,0.9,1.0,-0.21218236917304475,-0.07833418412898796,-0.582645913103828
1,2,0.1,0.98,0.9,-0.21258310553371143,-0.04148928096074889,-0.43661314321838607
21,2,0.1,0.9,0.9,-0.21505865547988876,-0.08419082529225763,-0.6099480227285995
21,2,0.1,0.95,0.9,-0.21505865547988876,-0.08419082529225763,-0.6099480227285995
5,2,0.1,0.95,1.0,-0.21509113912925343,-0.0618961794724191,-0.5382870841108763
10,2,0.0,0.95,0.9,-0.21527603664484707,-0.07709524047018512,-0.7054850146591567
21,5,0.1,0.95,1.0,-0.21585163989690057,-0.07970575438575855,-0.5496865949425777
21,5,0.1,0.9,1.0,-0.21585163989690057,-0.07970575438575855,-0.5496865949425777
21,3,0.1,0.98,1.0,-0.2159493806680173,-0.0818240743423787,-0.5677112680282432
1,5,0.1,0.9,0.9,-0.22035932031520955,-0.04960758845067126,-0.5557932078199311
10,3,0.0,0.98,1.0,-0.22181515170978114,-0.07675659051108152,-0.7042968079747561
1,4,-0.2,0.95,1.0,-0.22241780882381249,-0.09619962749759059,-0.7669728654863837
3,5,0.0,0.98,0.8,-0.22250729217624945,-0.05835049420604865,-0.5359477786611162
1,2,0.1,0.98,1.0,-0.22364587948469714,-0.04673049126280837,-0.46676551444736847
5,2,0.0,0.98,0.9,-0.2252005786376868,-0.07225817852089844,-0.6534591804201924
5,5,0.0,0.95,1.0,-0.22531733273682503,-0.07213809921906245,-0.6627091595998176
21,4,0.1,0.95,1.0,-0.22532307596879492,-0.0857772651504477,-0.569333223171486
21,4,0.1,0.9,1.0,-0.22532307596879492,-0.0857772651504477,-0.569333223171486
21,2,0.1,0.98,0.9,-0.22585419849406105,-0.08296567488521678,-0.6099480227285995
3,4,0.1,0.98,0.8,-0.22601618646237118,-0.044056610183943246,-0.42929380191626343
21,5,0.1,0.98,1.0,-0.22756371097451597,-0.07847460394443273,-0.5428600892608912
3,2,0.1,0.98,0.8,-0.22849841816531694,-0.050012689356813245,-0.4491651795355228
3,2,0.0,0.98,0.8,-0.2286469540681071,-0.07037898307801826,-0.5545242577968269
21,2,0.1,0.95,1.0,-0.2312949299339915,-0.09515136640532174,-0.6099480227285995
21,2,0.1,0.9,1.0,-0.2312949299339915,-0.09515136640532174,-0.6099480227285995
1,4,-0.1,0.95,1.0,-0.2313886031676441,-0.08423112229919472,-0.7488587562641842
3,3,0.0,0.9,1.0,-0.2320126283201717,-0.07832104284344099,-0.5788605073109726
3,4,0.0,0.9,0.8,-0.23319204205634483,-0.0684730854108696,-0.5679114673506177
1,3,0.1,0.9,1.0,-0.2334086860523866,-0.05631141241462667,-0.5701984118113843
3,3,0.1,0.98,0.8,-0.23408986117247899,-0.048088644152673554,-0.41719597221902427
21,4,0.1,0.98,1.0,-0.2366336803314636,-0.0845542370495489,-0.5607180831784947
10,2,0.1,0.95,0.8,-0.23710063179756352,-0.055732919400383496,-0.5168601272099536
5,4,0.0,0.95,1.0,-0.23883000064425053,-0.07672066221584328,-0.6606052190343235
3,3,0.0,0.98,0.8,-0.23922039482234275,-0.06746546999937042,-0.5379892179645754
21,2,0.1,0.98,1.0,-0.24149709960857094,-0.09394087878150792,-0.6099480227285995
3,5,0.0,0.9,0.8,-0.2430889912896376,-0.06840632173490024,-0.5675524449912953
10,4,0.0,0.98,1.0,-0.2435316609700203,-0.07965724588331535,-0.7262677394310058
10,4,0.1,0.9,1.0,-0.24443576833767233,-0.07237557119121663,-0.608740468061057
3,4,0.1,0.9,0.8,-0.24717629648404027,-0.05450365210977581,-0.5211781680994266
1,5,-0.1,0.9,1.0,-0.24723911297513274,-0.08943136233412818,-0.7075419020602911
10,5,0.1,0.9,1.0,-0.24817250087925205,-0.07102162291147662,-0.6093318248552873
3,2,0.0,0.9,0.8,-0.24837722048054306,-0.08030635898151894,-0.590440894151981
10,5,0.0,0.98,1.0,-0.24859056926335044,-0.07842018176337495,-0.7236048453066533
3,2,0.1,0.9,0.8,-0.24982819413935328,-0.06039464018049967,-0.5216847426288937
1,4,0.1,0.98,0.8,-0.2509205269561911,-0.04410377173050006,-0.4667060100516721
5,2,0.0,0.95,1.0,-0.25143538651651715,-0.08907586123547462,-0.6954563335160876
5,3,0.0,0.98,1.0,-0.2535167853969461,-0.08008196136367596,-0.6661514853535347
3,3,0.1,0.9,0.8,-0.2546616356331305,-0.05849162193373836,-0.5068498119278372
10,2,0.0,0.98,1.0,-0.2550854839714077,-0.09198564661834918,-0.7232352803053634
1,5,-0.2,0.9,1.0,-0.258461367231107,-0.10649264704196437,-0.7500254288052203
3,3,0.0,0.9,0.8,-0.2584684911636467,-0.07742395916193578,-0.5752389976460879
3,5,0.1,0.98,0.8,-0.2603200401304714,-0.04771038436386543,-0.4398927494717324
1,2,0.1,0.95,0.8,-0.261239504440976,-0.052760631189912144,-0.46862191640882744
1,3,-0.1,0.98,1.0,-0.2614900737775694,-0.09268670195552842,-0.7225989645799278
3,4,0.1,0.98,1.0,-0.2630292822855327,-0.056595460247749085,-0.48243158751537873
10,3,0.1,0.9,1.0,-0.26335869112256205,-0.07704760222977447,-0.6082496111763612
3,2,0.1,0.98,0.9,-0.2657255361899817,-0.05710390451763825,-0.4843187845963369
3,2,0.1,0.98,1.0,-0.2657571209749299,-0.062702756801431,-0.5106540179266761
1,4,0.1,0.98,0.9,-0.27188670886515426,-0.047199001463738566,-0.48350782564761485
1,2,0.1,0.95,0.9,-0.27672010625474264,-0.055396228036973416,-0.48807592811514455
3,5,0.1,0.9,0.8,-0.27726030016060915,-0.05811749596280591,-0.5292292345275347
3,4,0.1,0.98,0.9,-0.2801129562820177,-0.0530277070561207,-0.4649476223192196
3,4,0.1,0.9,1.0,-0.2811414069404853,-0.06690547115928314,-0.5241607204378294
3,3,0.1,0.98,0.9,-0.2827517858750519,-0.05657621302949578,-0.45048675928197324
3,2,0.1,0.9,0.9,-0.2835933058074229,-0.06740835888820773,-0.540913026619762
3,2,0.1,0.9,1.0,-0.2841072441652761,-0.07294602402936468,-0.5501077076002348
1,2,0.1,0.95,1.0,-0.2843320438464052,-0.06056139408325345,-0.5126575482230129
5,3,0.1,0.98,1.0,-0.28442793433682173,-0.06537570920123725,-0.5373918500752568
3,3,0.1,0.98,1.0,-0.28713141587652247,-0.06362689007635092,-0.4855969085639633
3,4,0.1,0.9,0.9,-0.2954074969484811,-0.06337670821286345,-0.5468357657198674
10,4,0.1,0.9,0.9,-0.29604330636668374,-0.07403023634838624,-0.6342012522928211
10,4,0.1,0.95,1.0,-0.2961211749665905,-0.07894721572850216,-0.6368919029028288
3,5,0.1,0.98,1.0,-0.2966770100559602,-0.06042322879055462,-0.49273697122672533
5,5,0.1,0.98,1.0,-0.2970802074980473,-0.0627465286630603,-0.5299538329033313
3,3,0.1,0.9,0.9,-0.2984559154154949,-0.0668864342845491,-0.5342812665915506
10,5,0.1,0.95,1.0,-0.3015152309598552,-0.07760285933373079,-0.6374407111048757
5,2,0.1,0.98,1.0,-0.3024952518191373,-0.07359900983435752,-0.5664927946098833
10,2,0.1,0.9,1.0,-0.30275766952601485,-0.09210034648643184,-0.6471103487327994
5,5,0.0,0.98,1.0,-0.30335298041460107,-0.08371316179373556,-0.6786257525913836
3,3,0.1,0.9,1.0,-0.30342052764507865,-0.07386005789968508,-0.5330523375825658
5,4,0.1,0.98,1.0,-0.30370368688885907,-0.06529401353414321,-0.5309774926267231
1,3,-0.1,0.95,1.0,-0.3037612648132275,-0.10585083018782093,-0.7507216216584065
10,5,0.1,0.9,0.9,-0.3051604325437453,-0.07339892527188863,-0.6391270916299019
10,3,0.0,0.98,0.9,-0.3072382925217215,-0.08561035492469105,-0.7416076309584878
1,3,0.1,0.98,0.8,-0.3086922769449518,-0.05391769061073337,-0.49466179590171677
10,3,0.1,0.9,0.9,-0.3093773363355801,-0.07807187546174454,-0.6310032392487954
3,5,0.1,0.9,1.0,-0.3113335786060944,-0.07069140787514716,-0.5336352290100954
1,5,0.1,0.9,1.0,-0.313935513420233,-0.06727723203930114,-0.5747007731787013
1,4,0.1,0.95,0.8,-0.313957409978202,-0.05797278539185102,-0.5414730329638746
10,3,0.1,0.95,1.0,-0.3150820128468121,-0.08358614832085698,-0.6364363635618029
5,4,0.0,0.98,1.0,-0.31568984702929453,-0.08823855738942255,-0.6813386025013148
3,5,0.1,0.98,0.9,-0.31904928665228527,-0.05722805962552657,-0.4773510684423248
5,2,0.0,0.98,1.0,-0.32072642265629436,-0.10043962549619512,-0.7140606874242098
10,4,0.0,0.98,0.9,-0.3236642375382617,-0.08643771168596937,-0.7564085429063581
1,3,0.1,0.98,0.9,-0.3284039488759633,-0.0569410293255499,-0.5126906065407013
3,5,0.1,0.9,0.9,-0.3295419793867307,-0.06753115716510527,-0.5564101757504343
1,4,0.1,0.95,0.9,-0.33303399994311605,-0.061023106711199815,-0.5559192590438955
1,5,-0.2,0.98,1.0,-0.337190988626549,-0.11758606072930455,-0.7767888239723537
1,5,-0.1,0.98,1.0,-0.33846729785069485,-0.10073660179847532,-0.7388537735341696
10,2,0.0,0.98,0.9,-0.3405088513531572,-0.1011803586120863,-0.7550587191042628
1,4,0.0,0.9,0.9,-0.34377279271726346,-0.0882690583752378,-0.7223938564729391
10,5,0.0,0.98,0.9,-0.34863749981265435,-0.08829615242440325,-0.7624871972976883
10,2,0.1,0.95,1.0,-0.35155291840993924,-0.09853225320764347,-0.6725010401103428
1,5,0.1,0.98,0.8,-0.35550199935505666,-0.05699310335444552,-0.4962890654425741
1,4,0.1,0.98,1.0,-0.35592617952203676,-0.06217890502835777,-0.5402713134115875
10,4,0.1,0.95,0.9,-0.3563146781836211,-0.08059015860787877,-0.6605207634373731
10,4,0.1,0.98,0.8,-0.35704385636784036,-0.06266316269601668,-0.5775124835750104
1,4,0.0,0.9,0.8,-0.3577752412735578,-0.09019894884413415,-0.7271078332420277
10,2,0.1,0.9,0.9,-0.3634522493533749,-0.09548471176366846,-0.6593985333814925
1,3,0.1,0.95,0.8,-0.36608530500415953,-0.06764431499279255,-0.5655094592850796
10,5,0.1,0.95,0.9,-0.3679176009681389,-0.07996331997934458,-0.6650921847122258
10,3,0.1,0.95,0.9,-0.3688090898529822,-0.08460316521138123,-0.6575528499781079
1,3,0.0,0.9,0.9,-0.3717521783567065,-0.09786922500913575,-0.7268115459632546
1,5,-0.2,0.95,1.0,-0.3756810675614562,-0.1303889263718102,-0.7991173909068073
10,5,0.1,0.98,0.8,-0.37915999589562016,-0.06417495417237185,-0.5904323147498131
1,5,-0.1,0.95,1.0,-0.3806873451735925,-0.11378393474735449,-0.7653285333097264
10,3,0.1,0.98,0.8,-0.3815216201697725,-0.06941962450358563,-0.5861330301629921
1,3,0.1,0.98,1.0,-0.38167074360952874,-0.06783907063842642,-0.5511090827246137
1,5,0.1,0.98,0.9,-0.3832369702544295,-0.06100357829439129,-0.5101195478476833
1,3,0.1,0.95,0.9,-0.38415025340529085,-0.07062378835413408,-0.5810106575310292
1,2,0.0,0.9,0.9,-0.3923573248546395,-0.10555673872819216,-0.6728576058083817
1,3,0.0,0.9,0.8,-0.39354581313551873,-0.10124631653878113,-0.7343605153498369
1,2,0.0,0.9,0.8,-0.4059261054353746,-0.10749899241754912,-0.6771869010494709
1,4,0.1,0.95,1.0,-0.40911503293271667,-0.07578566818256705,-0.5798371798065243
1,5,0.1,0.95,0.8,-0.4102337893678086,-0.07067510684556055,-0.5669085880605504
10,2,0.1,0.98,0.8,-0.4146721388857747,-0.08037553171645395,-0.5981837760953261
1,5,0.0,0.9,0.9,-0.4180327340937563,-0.10001759168642488,-0.7227214509587826
10,2,0.1,0.95,0.9,-0.41968913215160863,-0.10189264235305717,-0.6839050800897718
1,5,0.0,0.9,0.8,-0.4271289231440947,-0.10082725949652349,-0.7235947426031895
1,3,0.1,0.95,1.0,-0.43246065813388135,-0.08136371095142159,-0.5999717713784907
1,5,0.1,0.95,0.9,-0.4355375621037749,-0.07462739416002273,-0.5788000574365202
10,4,0.1,0.98,1.0,-0.4469757639114185,-0.10298400272633634,-0.6980114193385976
10,5,0.1,0.98,1.0,-0.45686930756711747,-0.1016747301062012,-0.6984678503885176
10,3,0.1,0.98,1.0,-0.46471586135032295,-0.10750187272974554,-0.6976325578366609
1,4,0.0,0.98,0.9,-0.4750714455067565,-0.09938389832971439,-0.6968676992236205
1,5,0.1,0.98,1.0,-0.4852829150271971,-0.07867093694159233,-0.5770890394948389
1,2,0.0,0.9,1.0,-0.4895075189654877,-0.13259864820965295,-0.7317324217718911
10,2,0.1,0.98,1.0,-0.4905502781244751,-0.12205792794104586,-0.7276267126626594
1,4,0.0,0.98,0.8,-0.4922100699185662,-0.10129026165621402,-0.7024688292521173
1,4,0.0,0.9,1.0,-0.4932562722175786,-0.12308310386468724,-0.7774321559336865
1,3,0.0,0.98,0.9,-0.49828458600055725,-0.10886703008983467,-0.7095096706070813
1,3,0.0,0.9,1.0,-0.5003428946910258,-0.12924092914334795,-0.7815383934261521
1,2,0.0,0.98,0.9,-0.5149165168686837,-0.11646082593584983,-0.6794224892866016
1,4,0.0,0.95,0.9,-0.5171518586654893,-0.11245085753334161,-0.7352170430810898
1,3,0.0,0.98,0.8,-0.5239710190651,-0.11220295176316675,-0.710967620534573
10,4,0.1,0.98,0.9,-0.5275920697207995,-0.10458406959609134,-0.717662994482525
1,5,0.1,0.95,1.0,-0.5289836557407125,-0.09203841866634987,-0.6182694354653633
1,2,0.0,0.98,0.8,-0.5310635639850977,-0.11837940176376616,-0.6820220751687913
1,4,0.0,0.95,0.8,-0.5335472394903102,-0.114329561603285,-0.7397132717736833
10,3,0.1,0.98,0.9,-0.5366746466877049,-0.10849234845043865,-0.7151946497106654
1,3,0.0,0.95,0.9,-0.5385303645743477,-0.12179639937517994,-0.742117302130314
10,5,0.1,0.98,0.9,-0.5453970476692084,-0.1039735896245777,-0.7214649395050527
1,2,0.0,0.95,0.9,-0.5538668640985944,-0.12928001751025198,-0.7193880308150931
1,5,0.0,0.98,0.9,-0.5627219461782547,-0.11098920619851316,-0.7130858503078543
1,3,0.0,0.95,0.8,-0.5631531385203016,-0.125083920456593,-0.746630937894825
1,2,0.0,0.95,0.8,-0.5694238885896746,-0.13117075689151036,-0.7247059804920487
1,5,0.0,0.9,1.0,-0.5715824598472802,-0.13499787947080477,-0.7780160463086285
1,5,0.0,0.98,0.8,-0.5748096688081314,-0.11178900341223963,-0.7058747736856049
10,2,0.1,0.98,0.9,-0.5750952276076744,-0.12533062074646983,-0.7371111881528107
1,5,0.0,0.95,0.9,-0.6005768557365114,-0.12388778501877051,-0.7382563602833538
1,2,0.0,0.98,1.0,-0.6117346443124704,-0.14336794070233583,-0.7531188182031223
1,5,0.0,0.95,0.8,-0.6120773377267158,-0.12467597804560338,-0.7363624578635244
1,4,0.0,0.98,1.0,-0.6310565158962772,-0.13397053737717168,-0.7852450081647975
1,3,0.0,0.98,1.0,-0.6313974746998092,-0.14005190967197723,-0.7816668519732567
1,2,0.0,0.95,1.0,-0.6460180930257842,-0.15579673933318627,-0.786259021239249
1,4,0.0,0.95,1.0,-0.6651715965318022,-0.14653568210003942,-0.8071432534431313
1,3,0.0,0.95,1.0,-0.665278139453558,-0.15252882030317005,-0.8039299564860921
1,5,0.0,0.98,1.0,-0.7227642014602803,-0.14573738411135284,-0.7912782734852611
1,5,0.0,0.95,1.0,-0.752733945404567,-0.15813180469777022,-0.8125613157236671
