Date,ret
2014-01-02,0.00023938720303573005
2014-01-03,-0.006534387086487188
2014-01-06,-0.011988815233933848
2014-01-07,-0.0004855389199849553
2014-01-08,0.007502708158441698
2014-01-09,0.008394159492639221
2014-01-10,-0.006158294212215739
2014-01-13,-0.0010412002164613997
2014-01-14,-0.01360844310522442
2014-01-15,0.02645965369993535
2014-01-16,0.008164086054956325
2014-01-17,-0.0024556055408828797
2014-01-21,0.006725864398240465
2014-01-22,0.0026968625320948386
2014-01-23,-0.0034857074589845958
2014-01-24,-0.007840604637743734
2014-01-27,-0.020810636772021468
2014-01-28,-0.01884936762854888
2014-01-29,-0.008210255604469889
2014-01-30,0.01997317159366523
2014-01-31,-0.011204640153371536
2014-02-03,0.010836262681162383
2014-02-04,-0.02891575148106699
2014-02-05,-0.002316557392819788
2014-02-06,0.0016663908670798578
2014-02-07,0.007754029231395556
2014-02-10,0.007575990159665422
2014-02-11,0.0045531056511027585
2014-02-12,0.00770099564967291
2014-02-13,-0.003523457758775767
2014-02-14,0.012549243210318736
2014-02-18,0.002150918131314824
2014-02-19,0.0014424519345147342
2014-02-20,-0.004299548129998902
2014-02-21,0.0030113799609825876
2014-02-24,0.000722266592448147
2014-02-25,0.002973060017538984
2014-02-26,0.0014917964210343173
2014-02-27,-0.00015853761816110807
2014-02-28,0.005781762493803193
2014-03-03,-0.007679574709816292
2014-03-04,0.010987284697234138
2014-03-05,0.0008358812299273117
2014-03-06,0.0012423336853250077
2014-03-07,-0.0029985417897178284
2014-03-10,-0.003927214568813973
2014-03-11,0.0022378496446531747
2014-03-12,-0.003804405093081836
2014-03-13,0.006964560010838713
2014-03-14,-0.005669290568124648
2014-03-17,-5.112944629413079e-05
2014-03-18,0.0015101499696384224
2014-03-19,0.007951704884524211
2014-03-20,-0.008547718546102262
2014-03-21,0.010088735811777607
2014-03-24,-0.00658347505133671
2014-03-25,-0.003372148723896403
2014-03-26,0.002805845427377383
2014-03-27,-0.017443459228455742
2014-03-28,-0.0007960978615367606
2014-03-31,0.004255738894890759
2014-04-01,0.005091404452372128
2014-04-02,0.008265083171067717
2014-04-03,-0.00018312462667388304
2014-04-04,0.0013596135897043636
2014-04-07,-0.011644982297596291
2014-04-08,-2.5538085628235485e-05
2014-04-09,0.004978792473892777
2014-04-10,0.005917864086242907
2014-04-11,-0.008645002372431404
2014-04-14,0.0009345101352736268
2014-04-15,0.0010586189315448242
2014-04-16,0.0037323957146825136
2014-04-17,0.0027078885482324008
2014-04-21,-0.0015618365439940048
2014-04-22,5.0370101244608936e-05
2014-04-23,0.0065025042483517785
2014-04-24,0.002502130240603002
2014-04-25,-0.0012129274068864958
2014-04-28,-0.006401036903357578
2014-04-29,-0.003054059748515573
2014-04-30,0.001255588044390353
2014-05-01,0.010022434278235164
2014-05-02,0.004626265334853226
2014-05-05,0.001093062054956509
2014-05-06,0.0029761670621653294
2014-05-07,-0.0006767092953918693
2014-05-08,-0.0012369233667911604
2014-05-09,-0.001954500910749858
2014-05-12,-0.0017517366532617614
2014-05-13,0.004593978570138532
2014-05-14,0.006824164524736224
2014-05-15,0.0051372923921921484
2014-05-16,-0.002846648808192169
2014-05-19,0.0027216724612472835
2014-05-20,-0.0033219269000718627
2014-05-21,-0.002413493705399573
2014-05-22,0.002431951760917354
2014-05-23,0.003629616545568867
2014-05-27,0.004640355523254753
2014-05-28,0.010696005475074002
2014-05-29,0.00646011217720848
2014-05-30,-0.002958877729112749
2014-06-02,-0.002837788430641905
2014-06-03,-0.007650949343373829
2014-06-04,-0.002592453951557703
2014-06-05,0.0017159154512489418
2014-06-06,0.007063702007547752
2014-06-09,-0.0026782465163616366
2014-06-10,-0.003034343471693709
2014-06-11,0.0005459633427139003
2014-06-12,0.003020162099154039
2014-06-13,0.0007775428030211898
2014-06-16,0.0032380819054757875
2014-06-17,-0.0021496984546191676
2014-06-18,-0.00029673937976237874
2014-06-19,0.004505820635711426
2014-06-20,-0.00587043461787364
2014-06-23,0.0061858798403031795
2014-06-24,-0.00018709186030595816
2014-06-25,0.006653245600004579
2014-06-26,0.014005883737665703
2014-06-27,0.0038118432300655136
2014-06-30,0.004342493304261118
2014-07-01,-0.0010671448813158223
2014-07-02,-0.00011471613678317415
2014-07-03,-0.008764328323809297
2014-07-07,0.011732821923560883
2014-07-08,0.008774350072203136
2014-07-09,0.0016709763490227148
2014-07-10,0.006126983315454528
2014-07-11,0.003196094416318439
2014-07-14,0.0038422277882039797
2014-07-15,-0.0024800073606772006
2014-07-16,0.0031138969409871104
2014-07-17,0.010937371117571832
2014-07-18,0.00032843263545852264
2014-07-21,0.0056240788680879655
2014-07-22,0.005688675440630979
2014-07-23,0.004804676316365843
2014-07-24,-0.009587396523160301
2014-07-25,0.0009415532978823914
2014-07-28,-0.003030830721667794
2014-07-29,0.0038699407905137487
2014-07-30,-0.00405412029098259
2014-07-31,-0.030088228191832246
2014-08-01,-0.02153738294655152
2014-08-04,0.012569464605547094
2014-08-05,-0.003059831904577237
2014-08-06,-0.004726042158612156
2014-08-07,0.0009555022168077679
2014-08-08,0.003989911268666425
2014-08-11,0.0033337171860657504
2014-08-12,-0.0015290938008302862
2014-08-13,-0.00044913705480196316
2014-08-14,0.011074945367537876
2014-08-15,0.01033415765083735
2014-08-18,0.006464427892652565
2014-08-19,0.00031568245261412106
2014-08-20,-0.008453126985885493
2014-08-21,0.0030728647984671425
2014-08-22,0.00604311966768154
2014-08-25,0.01002212928669768
2014-08-26,0.002561528926763978
2014-08-27,-0.0007640523631907757
2014-08-28,0.006171500921923492
2014-08-29,0.0063884128099203
2014-09-02,-0.008314737633654755
2014-09-03,-0.004340950262863657
2014-09-04,-0.006412479871751142
2014-09-05,-0.0028267945136700562
2014-09-08,0.006327657320514984
2014-09-09,-0.005991623214615001
2014-09-10,-0.008588000874757324
2014-09-11,-0.0058753842188402974
2014-09-12,-0.012446144353183686
2014-09-15,-0.004303051132847156
2014-09-16,-0.01041782297182031
2014-09-17,0.01215980298757107
2014-09-18,-0.0018226881704800156
2014-09-19,0.009676240277443056
2014-09-22,-0.00025536352603945043
2014-09-23,-0.0038424116543205314
2014-09-24,0.00451183331379698
2014-09-25,0.00461545223262482
2014-09-26,-0.014705693586378292
2014-09-29,0.004317992967208136
2014-09-30,0.013348539943550775
2014-10-01,-0.0028182011944597545
2014-10-02,-0.012861915865130316
2014-10-03,0.0022900957483450207
2014-10-06,0.011549202234905675
2014-10-07,0.00048421907108548356
2014-10-08,0.0019944301783747656
2014-10-09,0.008821921197026603
2014-10-10,-0.014938652139423915
2014-10-13,-0.008632835373756365
2014-10-14,0.004168393373604487
2014-10-15,0.010434176204263297
2014-10-16,-0.005613128196264744
2014-10-17,-0.005905843505549572
2014-10-20,0.003004897649264965
2014-10-21,0.006754313092683354
2014-10-22,0.0035225609595181014
2014-10-23,-0.0016770505368790105
2014-10-24,0.0020379478859206064
2014-10-27,-0.0016034378883517525
2014-10-28,0.0004873366942045954
2014-10-29,0.006596429909279637
2014-10-30,0.004772727727103769
2014-10-31,0.021458873148609024
2014-11-03,-0.00259091339645008
2014-11-04,0.0022801085922495726
2014-11-05,0.00512113600455537
2014-11-06,-0.010427497886462314
2014-11-07,0.003912401912572078
2014-11-10,0.0021538006971577256
2014-11-11,-0.00563146834745585
2014-11-12,0.0012396297689441617
2014-11-13,-0.0012664105654023878
2014-11-14,0.002433552367936692
2014-11-17,0.008454223041543144
2014-11-18,-0.0011773040936928318
2014-11-19,0.00045071646479192596
2014-11-20,0.0032667243188102693
2014-11-21,0.008340286792870038
2014-11-24,-0.0004433266127355612
2014-11-25,0.018711069931464246
2014-11-26,0.016509909322569172
2014-11-28,-0.010891708384401174
2014-12-01,0.03926526783139564
2014-12-02,-0.03215637672328921
2014-12-03,0.0005063525006888869
2014-12-04,0.006379565599480892
2014-12-05,0.009362929138787609
2014-12-08,-0.0033500059110121885
2014-12-09,0.012571063859327172
2014-12-10,0.002726531651260369
2014-12-11,5.6887285242241976e-05
2014-12-12,0.011342487983731362
2014-12-15,0.0021977982207857715
2014-12-16,0.0014739698176676206
2014-12-17,-0.005780433540780953
2014-12-18,0.004015557813149991
2014-12-19,0.002329498336047245
2014-12-22,0.006902906439458651
2014-12-23,0.008821289580831181
2014-12-24,-0.023717500325986716
2014-12-26,0.013262641270280106
2014-12-29,0.0072751117654398555
2014-12-30,0.006420654487059677
2014-12-31,-0.004464155796561415
2015-01-02,-0.0036257962238796693
2015-01-05,0.002732040193419925
2015-01-06,0.020116854180657326
2015-01-07,-0.015225230089467369
2015-01-08,0.00705128622553919
2015-01-09,-0.0005487257112848738
2015-01-12,0.01140199882861067
2015-01-13,0.0005243502337197066
2015-01-14,0.005761992682563165
2015-01-15,0.0012860388981801672
2015-01-16,0.004669213003438151
2015-01-20,0.007761772823283632
2015-01-21,0.00900074622201762
2015-01-22,-0.0034885964447936776
2015-01-23,0.010839260589968168
2015-01-26,0.005275311508485833
2015-01-27,-0.0037356415339778754
2015-01-28,-0.002059754316976528
2015-01-29,-0.016014378526028435
2015-01-30,0.021752344324652718
2015-02-02,-0.01476007084383811
2015-02-03,0.005416604178159918
2015-02-04,-0.01023413620449661
2015-02-05,0.012503851810839397
2015-02-06,-0.011758211936436964
2015-02-09,-0.013637836133248725
2015-02-10,-0.012555789103973317
2015-02-11,0.0007258022219566599
2015-02-12,0.0066181315149254185
2015-02-13,0.004531246218457358
2015-02-17,-0.016199359159361548
2015-02-18,-0.0089910835839905
2015-02-19,0.0017229284129192037
2015-02-20,0.0026388197802880327
2015-02-23,0.0048610482692235555
2015-02-24,0.004219111015393676
2015-02-25,0.019397332512813895
2015-02-26,0.0021522164364469
2015-02-27,-0.0021329879359667657
2015-03-02,-0.00016571647004884034
2015-03-03,-0.016202313385568313
2015-03-04,-0.009417688177992616
2015-03-05,-5.9232158580598514e-05
2015-03-06,-0.020339839645707743
2015-03-09,-0.004332564271759758
2015-03-10,0.006725606987649331
2015-03-11,-0.0017076075588033646
2015-03-12,0.011761316895399006
2015-03-13,-0.0058235068665454725
2015-03-16,0.01447249644606263
2015-03-17,0.008986065189946223
2015-03-18,0.014024139745816278
2015-03-19,0.023989325444382266
2015-03-20,0.003781946768890761
2015-03-23,0.007688447546609127
2015-03-24,-0.0015563602727491064
2015-03-25,0.006989092209370306
2015-03-26,-0.03372796112690678
2015-03-27,-0.0025745466399360165
2015-03-30,0.029300406172323844
2015-03-31,-0.0033295004501707006
2015-04-01,0.004892023716009678
2015-04-02,-0.0012723438547868567
2015-04-06,-0.010803327552468671
2015-04-07,0.00897305618358615
2015-04-08,0.008296801682740152
2015-04-09,0.0036757886531021086
2015-04-10,-0.005378741824597109
2015-04-13,0.005261281636273343
2015-04-14,0.00593259742693129
2015-04-15,-7.894075429902428e-05
2015-04-16,-0.0015595253008570409
2015-04-17,-0.005890732210115052
2015-04-20,0.0023614526311042995
2015-04-21,0.009966872652026957
2015-04-22,-0.003728865351643312
2015-04-23,-0.0057408088879472635
2015-04-24,0.01436417234527961
2015-04-27,0.0035736920862900695
2015-04-28,-0.00474457868873204
2015-04-29,-0.021926190746501022
2015-04-30,-0.013585577352866873
2015-05-01,-0.0084840583682887
2015-05-04,0.018106629060668983
2015-05-05,-0.014048384829226754
2015-05-06,-0.02199339291610722
2015-05-07,-0.010905488315343605
2015-05-08,0.02078642087463959
2015-05-11,-0.0027457263940976365
2015-05-12,-0.00925965831694459
2015-05-13,0.004231476971564716
2015-05-14,0.0004492088384323035
2015-05-15,0.004722414291070056
2015-05-18,-0.0008293268873046872
2015-05-19,-0.0023608516958191915
2015-05-20,0.0009896920234335092
2015-05-21,0.0005509592541909653
2015-05-22,0.004094127934564308
2015-05-26,0.0016067500969977407
2015-05-27,-0.006783756119078359
2015-05-28,0.01778580590380654
2015-05-29,0.0011029956096781934
2015-06-01,-0.0014890605176989676
2015-06-02,-0.016155091416475417
2015-06-03,-0.0002468921259200941
2015-06-04,-0.00916458613212544
2015-06-05,-0.009348703026187611
2015-06-08,0.0013053684880587936
2015-06-09,-0.010810358112749089
2015-06-10,0.00044561574640137393
2015-06-11,0.007257075923948084
2015-06-12,-0.0013996562049121088
2015-06-15,-0.0059770539036226285
2015-06-16,-0.001997241632606146
2015-06-17,0.00553230707948391
2015-06-18,0.0011516758221888567
2015-06-19,0.0036490401204097565
2015-06-22,0.0015226587465160168
2015-06-23,-0.0007647146755713569
2015-06-24,0.00028444801055415924
2015-06-25,-0.0014331607947844012
2015-06-26,-0.011085892097687032
2015-06-29,-0.01993016058516338
2015-06-30,-0.0035168300462198373
2015-07-01,0.0021573680269150208
2015-07-02,0.00037052579980958946
2015-07-06,-0.008161187669079431
2015-07-07,2.0231175544545242e-05
2015-07-08,-0.0023662213382334525
2015-07-09,0.0008360036641985692
2015-07-10,4.649765986277709e-05
2015-07-13,0.0009791194656730824
2015-07-14,0.000640545883040811
2015-07-15,0.001062020588953861
2015-07-16,0.00152796771015603
2015-07-17,0.0035720804042713127
2015-07-20,0.0030874776941179627
2015-07-21,0.0002642736107077055
2015-07-22,-0.008510331205863747
2015-07-23,0.0028099857036194727
2015-07-24,-0.00038660701678353996
2015-07-27,-0.006327201326241551
2015-07-28,0.0009216338847689671
2015-07-29,0.002972204042877189
2015-07-30,-3.2818970486002924e-06
2015-07-31,0.0066131123525051475
2015-08-03,-0.0028119519543223595
2015-08-04,-0.0035283109698307624
2015-08-05,0.002009200730978014
2015-08-06,0.002122690270642024
2015-08-07,0.00039871605615075323
2015-08-10,0.003059536942827019
2015-08-11,0.005049581860161641
2015-08-12,-0.0019488021730845338
2015-08-13,-0.0018560133684827702
2015-08-14,-0.005183790042141592
2015-08-17,0.007068591064240722
2015-08-18,-0.0021937693077060372
2015-08-19,-0.005348178703053699
2015-08-20,0.008334857227061133
2015-08-21,-0.00247150738903409
2015-08-24,-0.023192861199974036
2015-08-25,0.00552314215992268
2015-08-26,-0.0038772559105630486
2015-08-27,0.011314130588534857
2015-08-28,0.0007783135417948725
2015-08-31,0.006412243628022905
2015-09-01,-0.020562226046975676
2015-09-02,0.005794211065840487
2015-09-03,0.003981177291148776
2015-09-04,-0.005686872704126027
2015-09-08,-0.003923659743611637
2015-09-09,-0.004632179954484681
2015-09-10,0.00283201030071123
2015-09-11,0.000517681619283094
2015-09-14,0.0018941927667490979
2015-09-15,-0.0027214259241331046
2015-09-16,-0.006738011173491976
2015-09-17,-0.0005806856117183354
2015-09-18,0.003576666816042684
2015-09-21,-0.00036464904418628406
2015-09-22,0.0007004653354267101
2015-09-23,0.0002355401296302727
2015-09-24,0.0034107434358727796
2015-09-25,-0.0035141526047844035
2015-09-28,-0.007146246351955736
2015-09-29,-0.0026646246428009596
2015-09-30,0.0008466228402769648
2015-10-01,0.0022214908487468875
2015-10-02,0.00022802469031025978
2015-10-05,0.006801038929772267
2015-10-06,-0.0010855808665933774
2015-10-07,-0.0010395183581452844
2015-10-08,0.0025161993151165563
2015-10-09,-0.004072927793097281
2015-10-12,0.0031014438620471955
2015-10-13,0.000989027026079245
2015-10-14,0.0015672123486423135
2015-10-15,0.0014289571933857736
2015-10-16,-1.0301968009635223e-05
2015-10-19,-0.001545304474221652
2015-10-20,-0.003057650413321881
2015-10-21,0.0021929996057525477
2015-10-22,0.0009124830839284475
2015-10-23,-0.002236438946168544
2015-10-26,0.001564534564438567
2015-10-27,0.0012919271473491533
2015-10-28,0.00271248694492636
2015-10-29,-0.0018550603452021852
2015-10-30,-0.00093146948864842
2015-11-02,-0.00863288532599394
2015-11-03,0.007101730288548922
2015-11-04,0.005492899656850463
2015-11-05,-0.003162233702922145
2015-11-06,-0.010436788597528994
2015-11-09,-0.002666021118048284
2015-11-10,-0.004874198820164552
2015-11-11,0.0019647226292946614
2015-11-12,-0.002963154827286591
2015-11-13,-0.0037470470455742144
2015-11-16,-0.004262126544723293
2015-11-17,0.0035854433126967316
2015-11-18,0.0001706338096977992
2015-11-19,0.0033375345956382163
2015-11-20,0.0012276320635957964
2015-11-23,0.0006259739055505786
2015-11-24,-0.003895520863705521
2015-11-25,0.00536891220766554
2015-11-27,0.0006835256986169466
2015-11-30,0.0016446713156713871
2015-12-01,-0.0010047262675823316
2015-12-02,0.004745523481284442
2015-12-03,-0.008054609385895974
2015-12-04,-0.02120744666673232
2015-12-07,0.010734597001066019
2015-12-08,-0.0005468455759766615
2015-12-09,-0.0015444308429927102
2015-12-10,-0.00023451081708923262
2015-12-11,-0.0004867581971909243
2015-12-14,-0.0020004332636993243
2015-12-15,-0.0021579716483277047
2015-12-16,0.0002736971697135976
2015-12-17,0.000847616605762288
2015-12-18,-0.0006376718673994563
2015-12-21,0.00026258753175846945
2015-12-22,-0.0005103009216169804
2015-12-23,-0.0013169976844490568
2015-12-24,0.000531949677898848
2015-12-28,0.00014864991154250816
2015-12-29,0.0008878093386776477
2015-12-30,-0.0004384223876789664
2015-12-31,-0.0032173248065920958
2016-01-04,-0.004894663275433491
2016-01-05,0.00013771426528278995
2016-01-06,-5.561271850177047e-05
2016-01-07,-0.0
2016-01-08,-0.0
2016-01-11,-0.0
2016-01-12,0.0
2016-01-13,0.0
2016-01-14,0.0
2016-01-15,0.0
2016-01-19,-0.0
2016-01-20,0.0
2016-01-21,0.0
2016-01-22,-0.0
2016-01-25,0.0
2016-01-26,0.0
2016-01-27,-0.0
2016-01-28,-0.0
2016-01-29,0.0
2016-02-01,0.0
2016-02-02,0.0
2016-02-03,-0.0
2016-02-04,-0.0
2016-02-05,-0.0
2016-02-08,0.0
2016-02-09,0.0
2016-02-10,-0.0
2016-02-11,0.0
2016-02-12,-0.0
2016-02-16,-0.0
2016-02-17,-0.0
2016-02-18,-0.0
2016-02-19,0.0
2016-02-22,0.0
2016-02-23,-0.0
2016-02-24,0.0
2016-02-25,0.0
2016-02-26,-0.0
2016-02-29,-0.0
2016-03-01,0.0
2016-03-02,-0.0
2016-03-03,0.0
2016-03-04,-0.0
2016-03-07,-0.0
2016-03-08,0.0
2016-03-09,-0.0
2016-03-10,-1.797242475835123e-05
2016-03-11,-5.6601713970728393e-05
2016-03-14,-0.0
2016-03-15,0.0
2016-03-16,-0.0
2016-03-17,0.0
2016-03-18,0.0
2016-03-21,-8.208958899536201e-05
2016-03-22,0.00010332699897996482
2016-03-23,-3.988970547669196e-05
2016-03-24,0.00011984304117357564
2016-03-28,-1.2799004501971858e-05
2016-03-29,0.00011717628488889883
2016-03-30,0.00011714150657256311
2016-03-31,-0.0001243218972591135
2016-04-01,0.0005998481643427819
2016-04-04,0.0014767326179687646
2016-04-05,0.00018047270869722004
2016-04-06,-0.0015619160395282492
2016-04-07,0.0013160589564380075
2016-04-08,0.0007528383284598134
2016-04-11,-0.0018952657355822992
2016-04-12,-0.0005632818264033599
2016-04-13,0.00029647152891170054
2016-04-14,0.0002479145366738086
2016-04-15,0.00029739905076109493
2016-04-18,0.00010782392343149047
2016-04-19,0.0005465484087607644
2016-04-20,-0.0003068133479560645
2016-04-21,-0.005161632142331032
2016-04-22,-0.0015834680879367698
2016-04-25,-0.0006091298066168123
2016-04-26,3.850660126757051e-05
2016-04-27,-0.0005409653016700413
2016-04-28,4.374867338134379e-05
2016-04-29,-0.002325690167152712
2016-05-02,0.0009380733609834754
2016-05-03,0.00024357208777746456
2016-05-04,-0.0012681253035262841
2016-05-05,0.001324240893888054
2016-05-06,0.00015502695089568695
2016-05-09,0.0008990211668787226
2016-05-10,0.0015900477199078705
2016-05-11,0.0001955537268491718
2016-05-12,-0.000725861644460122
2016-05-13,-0.0002460714063934871
2016-05-16,0.00019621810976504323
2016-05-17,-0.0004642935252151651
2016-05-18,-0.002870765263785778
2016-05-19,-0.0037837981898404824
2016-05-20,-0.0026215840367610982
2016-05-23,0.0010152924156148083
2016-05-24,-4.263301875460498e-05
2016-05-25,0.0012032178058612446
2016-05-26,0.0011007349262240748
2016-05-27,0.0003691657349998616
2016-05-31,0.0005047384859594026
2016-06-01,0.0011279461543681675
2016-06-02,0.0008119567645507686
2016-06-03,0.008797008916207123
2016-06-06,0.00893523622443747
2016-06-07,0.0029854996024764767
2016-06-08,-0.0008793232589538845
2016-06-09,0.009464322840051722
2016-06-10,0.0006402882654989645
2016-06-13,0.03506926261784212
2016-06-14,0.014894524493903206
2016-06-15,-0.00879411551442246
2016-06-16,0.007845904346288669
2016-06-17,0.022383794328151158
2016-06-20,-0.009123768094608492
2016-06-21,-0.008527850150405776
2016-06-22,-0.02266917278546313
2016-06-23,-0.022203094291428565
2016-06-24,0.01358074150117012
2016-06-27,0.005846429534736202
2016-06-28,0.011163931988352352
2016-06-29,0.0235166110305958
2016-06-30,0.008175051146300209
2016-07-01,0.03542757845581064
2016-07-05,0.007448138818524061
2016-07-06,-0.0054460213890008755
2016-07-07,0.008750893932217172
2016-07-08,-0.010153052949571346
2016-07-11,0.012561242906148856
2016-07-12,-0.018314842008332943
2016-07-13,0.010631286142133416
2016-07-14,-0.0158458004698146
2016-07-15,-0.003117425452881426
2016-07-18,0.003337816718664084
2016-07-19,-0.0013668366484468502
2016-07-20,-0.0047375229075523155
2016-07-21,-0.008232065455879956
2016-07-22,0.0049419352432855945
2016-07-25,0.005904575158139601
2016-07-26,0.0028135253951957935
2016-07-27,0.00539246664778918
2016-07-28,0.009687732932951004
2016-07-29,0.0018675145385764788
2016-08-01,-0.005847335137081973
2016-08-02,-0.014292259391385554
2016-08-03,-0.0226312528943849
2016-08-04,0.019305256091693517
2016-08-05,0.0022783508845368853
2016-08-08,-0.0003982424315933258
2016-08-09,0.002801225647003604
2016-08-10,0.00726504585803633
2016-08-11,-0.0030984627098829425
2016-08-12,-4.1175457759748196e-05
2016-08-15,-0.0066326822447317565
2016-08-16,-0.0016569193305201726
2016-08-17,0.00033476271267075873
2016-08-18,0.002552672552228608
2016-08-19,-0.003971352398548043
2016-08-22,0.006333805380374051
2016-08-23,0.007857261650435975
2016-08-24,-0.005244451281543936
2016-08-25,-0.008655075383120792
2016-08-26,0.002876867581826488
2016-08-29,-0.0023271907447240565
2016-08-30,0.0019729360000237455
2016-08-31,-0.006429149046406887
2016-09-01,-0.004910857430111086
2016-09-02,0.008569214576920604
2016-09-06,0.013546800938009536
2016-09-07,0.015293251267589129
2016-09-08,-0.007861263241345522
2016-09-09,-0.01863661256698389
2016-09-12,-0.022709596960189274
2016-09-13,0.014934515586154625
2016-09-14,-0.014939180486635558
2016-09-15,0.0037034459231691645
2016-09-16,0.009110836781177597
2016-09-19,0.002502488376961956
2016-09-20,0.0012861560065844605
2016-09-21,-0.00090664832004637
2016-09-22,0.024256571091817152
2016-09-23,0.0021518112841536945
2016-09-26,-0.0011580703642372267
2016-09-27,0.006539523846171874
2016-09-28,0.013571394485371629
2016-09-29,-0.004079397535694958
2016-09-30,0.012472925643196024
2016-10-03,-0.0029784483555769514
2016-10-04,-0.009551023965769163
2016-10-05,-0.0141732554381096
2016-10-06,-0.006632074833956509
2016-10-07,0.0015970914454421288
2016-10-10,-0.0021787907325634135
2016-10-11,-0.002842538491220925
2016-10-12,-0.00731021937698691
2016-10-13,-0.0053377359634242255
2016-10-14,0.005657740095576977
2016-10-17,-0.004008149503770746
2016-10-18,0.006843010609435782
2016-10-19,-0.003191672388426074
2016-10-20,0.0018532450195030846
2016-10-21,-0.0015488662293062215
2016-10-24,0.010305177061527147
2016-10-25,0.0036023239313789277
2016-10-26,-0.005072730727661169
2016-10-27,0.002438861894671167
2016-10-28,-0.012127774576639518
2016-10-31,0.004902478279970799
2016-11-01,-0.0016928865373419504
2016-11-02,-0.008453323841248798
2016-11-03,-0.008555875163178687
2016-11-04,-0.028609044706953034
2016-11-07,0.013117884831595142
2016-11-08,0.0006654494329880037
2016-11-09,-0.001921120802964873
2016-11-10,0.013524668379736756
2016-11-11,-0.014800098640967065
2016-11-14,0.006256856801075439
2016-11-15,-0.00031297827794337415
2016-11-16,0.0035305883407355052
2016-11-17,0.01789987812316323
2016-11-18,0.00652618269862626
2016-11-21,-0.002836626450978259
2016-11-22,0.01578913585038511
2016-11-23,0.0008613274488919289
2016-11-25,-0.0004366556411380515
2016-11-28,-0.002165237607125691
2016-11-29,9.889225441760805e-05
2016-11-30,0.004969521883027194
2016-12-01,-0.01181206321471834
2016-12-02,-0.020369883688132178
2016-12-05,0.021224298774769623
2016-12-06,0.003964657194724555
2016-12-07,0.003774667689307964
2016-12-08,0.02169428580479891
2016-12-09,0.010900646054557763
2016-12-12,-0.006555623903078457
2016-12-13,0.0048590631194006285
2016-12-14,0.008154971679152141
2016-12-15,-0.0029668447418261996
2016-12-16,0.0040153254636980515
2016-12-19,-0.0015593106716808333
2016-12-20,0.004944692829283015
2016-12-21,0.002766561524306815
2016-12-22,0.007821728530859858
2016-12-23,0.0037373039896397165
2016-12-27,0.01359387453884227
2016-12-28,0.013820248262240827
2016-12-29,-0.007335384378696895
2016-12-30,0.0009012046067792452
2017-01-03,0.007870800870668927
2017-01-04,0.002929150063767869
2017-01-05,0.028347787532271976
2017-01-06,-0.027560102099308252
2017-01-09,-0.013954634343115412
2017-01-10,0.003864440289137195
2017-01-11,0.005381196074410801
2017-01-12,-0.030847458287844725
2017-01-13,0.008234151023593452
2017-01-17,0.005971863120870683
2017-01-18,0.017138204759215594
2017-01-19,-0.0028358918025551895
2017-01-20,0.004385654556792106
2017-01-23,0.005731972295403895
2017-01-24,-0.0013256769733607054
2017-01-25,0.007493902866863482
2017-01-26,0.005927304909462246
2017-01-27,0.004065304706084233
2017-01-30,-0.004415046223763112
2017-01-31,-0.007297999773554895
2017-02-01,0.019920759821195032
2017-02-02,-0.00041552136288827235
2017-02-03,0.014907617860377682
2017-02-06,0.004495446303586289
2017-02-07,0.006863879358168492
2017-02-08,0.001406858989010317
2017-02-09,0.004644709142685624
2017-02-10,-0.00824803637574784
2017-02-13,0.002415677849132166
2017-02-14,0.00030363052329195967
2017-02-15,0.006103563350085846
2017-02-16,0.004360745068701355
2017-02-17,0.0010817077295807054
2017-02-21,0.01878346975159511
2017-02-22,0.008974014643757197
2017-02-23,0.001901303644251111
2017-02-24,-0.0031734572498950645
2017-02-27,0.005938443142787294
2017-02-28,0.007633298544315532
2017-03-01,0.0036593247992537316
2017-03-02,0.016055683249025107
2017-03-03,-0.009141399959065443
2017-03-06,-0.0037953484429767313
2017-03-07,0.0007950592096934573
2017-03-08,-0.006340849496030591
2017-03-09,-0.015137992779169204
2017-03-10,0.014698194388043921
2017-03-13,0.005751947565345203
2017-03-14,0.0010458088955594346
2017-03-15,0.003700420800301252
2017-03-16,0.01106886896725043
2017-03-17,-0.013397780276527167
2017-03-20,-0.027029269499470994
2017-03-21,0.00903084318733413
2017-03-22,0.0032725532374133642
2017-03-23,-0.008039103844504172
2017-03-24,0.0009317839494446681
2017-03-27,-0.018510118460444046
2017-03-28,0.0235490530869368
2017-03-29,0.0052138815158506375
2017-03-30,0.0034012258730563827
2017-03-31,-0.005101729792935364
2017-04-03,0.019368075009751486
2017-04-04,0.005765077301410732
2017-04-05,-0.000662282392947616
2017-04-06,-0.008996689831703666
2017-04-07,0.012574071853652348
2017-04-10,0.001660721221423694
2017-04-11,-0.004430751436961254
2017-04-12,0.0019480951022199558
2017-04-13,-0.010252944038952225
2017-04-17,-0.0037500253220334526
2017-04-18,0.008199758440916867
2017-04-19,0.013891708203127158
2017-04-20,-0.0008151658177120227
2017-04-21,0.010071918498537218
2017-04-24,0.0016678596577999975
2017-04-25,0.010774657172026143
2017-04-26,0.004687574296437638
2017-04-27,0.004661759416101948
2017-04-28,0.011357020866184824
2017-05-01,0.004230012178084674
2017-05-02,0.01550396323489053
2017-05-03,0.005900455839845224
2017-05-04,0.002578720365261249
2017-05-05,0.010222671928783124
2017-05-08,0.007626349899427494
2017-05-09,0.01559589188314006
2017-05-10,0.01021336585871609
2017-05-11,0.00010871060705565459
2017-05-12,0.013826691937463501
2017-05-15,-0.001739383993958436
2017-05-16,-0.0019770725432446366
2017-05-17,-0.0008027662850809535
2017-05-18,0.0002615910218153354
2017-05-19,0.026980155096166226
2017-05-22,0.023720385909528956
2017-05-23,0.025043286978979323
2017-05-24,0.012023051063394876
2017-05-25,0.019158625519634324
2017-05-26,-0.004593502065125129
2017-05-30,-0.002844107092436255
2017-05-31,-0.001458377747829672
2017-06-01,0.007451380849623698
2017-06-02,0.02349211910697994
2017-06-05,0.01711371819164156
2017-06-06,0.017245242878568014
2017-06-07,0.015497079332823986
2017-06-08,-0.009427136315686407
2017-06-09,0.007596355358071575
2017-06-12,-0.01324668838778569
2017-06-13,-0.003269339589295493
2017-06-14,0.01358132445147473
2017-06-15,-0.04519764345112389
2017-06-16,0.006469757395767136
2017-06-19,0.014218486989552165
2017-06-20,0.014774338748886142
2017-06-21,0.00268183759614506
2017-06-22,0.008997132645743302
2017-06-23,-0.00342537366614782
2017-06-26,0.005872045360758256
2017-06-27,-0.022635965552581863
2017-06-28,-0.008994530025771231
2017-06-29,0.004643187553436738
2017-06-30,-0.018935874253363176
2017-07-03,-0.002713191307266182
2017-07-05,-0.009870371463870806
2017-07-06,-0.003389487937651433
2017-07-07,0.0010721198997359614
2017-07-10,0.002859797091254865
2017-07-11,-0.006278215699849171
2017-07-12,0.012502586403816192
2017-07-13,0.01056860532480187
2017-07-14,8.433312417870304e-05
2017-07-17,-0.03794545558629901
2017-07-18,0.03643447477723183
2017-07-19,0.006099818367132341
2017-07-20,0.0005715533719479048
2017-07-21,0.026345174613975963
2017-07-24,-0.003807524843123768
2017-07-25,-0.0014347293156010356
2017-07-26,-0.007541412896529025
2017-07-27,0.0017113202438415443
2017-07-28,-0.0032512199963806447
2017-07-31,0.00759711845971222
2017-08-01,0.002360745477130048
2017-08-02,0.0015032809874353566
2017-08-03,-0.0024396565722974908
2017-08-04,0.0018770901953129103
2017-08-07,0.03135429825418742
2017-08-08,0.022945831404872996
2017-08-09,-0.0026958320098063493
2017-08-10,-0.0031531181835181632
2017-08-11,-0.005279127468635031
2017-08-14,0.02926570452446237
2017-08-15,0.007402122051599949
2017-08-16,-0.0025857626331308972
2017-08-17,0.0052284818910419
2017-08-18,-0.005094770746149472
2017-08-21,-0.01463418552947762
2017-08-22,-0.0026015228370071487
2017-08-23,0.009382254395981946
2017-08-24,0.005638608476368318
2017-08-25,0.010339551428584694
2017-08-28,0.000994339689432364
2017-08-29,-0.000930816267311149
2017-08-30,0.01831477792024269
2017-08-31,0.014114039277998857
2017-09-01,0.014992847399076609
2017-09-05,-0.022938865343057807
2017-09-06,0.010692959452896259
2017-09-07,0.011727295776378838
2017-09-08,0.00458905877092158
2017-09-11,-0.03217136919764677
2017-09-12,0.005227535811705603
2017-09-13,-0.004824433720856601
2017-09-14,-0.01800484879391079
2017-09-15,-0.03660224321873051
2017-09-18,0.03317339428846382
2017-09-19,0.009017457503517737
2017-09-20,-0.004590709699421264
2017-09-21,-0.0033233319669408574
2017-09-22,-0.009729156156931056
2017-09-25,-6.580305794408781e-05
2017-09-26,0.00695558247989542
2017-09-27,-0.0025479478466190406
2017-09-28,0.015116353149791944
2017-09-29,0.010674928761799412
2017-10-02,0.0216450296237293
2017-10-03,0.00208406094331565
2017-10-04,-0.0006050982942838355
2017-10-05,-0.0007374298719593811
2017-10-06,-0.00219528987301166
2017-10-09,0.02293271006910114
2017-10-10,0.01366008121482852
2017-10-11,0.0008428876696773523
2017-10-12,0.004355034956877736
2017-10-13,0.037127268830218205
2017-10-16,0.010705849042376356
2017-10-17,-0.0005300623110084511
2017-10-18,-0.00776321071027314
2017-10-19,-0.0012694836583408246
2017-10-20,0.00010092802736674355
2017-10-23,0.011799697207572683
2017-10-24,-0.008563989231062509
2017-10-25,-0.01958952322258004
2017-10-26,0.009417016014560322
2017-10-27,0.01950124894986213
2017-10-30,0.020052766391139214
2017-10-31,0.01727703002157782
2017-11-01,0.020810684574220032
2017-11-02,0.009122703057996872
2017-11-03,0.01611812845001239
2017-11-06,0.016601839577466256
2017-11-07,-0.006859714333113012
2017-11-08,0.004883184542112909
2017-11-09,0.004265061406555838
2017-11-10,-0.01575648373141756
2017-11-13,-0.0397349632044353
2017-11-14,0.02606119938375134
2017-11-15,0.004154350445721372
2017-11-16,0.028780863959876134
2017-11-17,0.024715287285037194
2017-11-20,0.007011828459388357
2017-11-21,0.02040895679759765
2017-11-22,-0.0017228360510708812
2017-11-24,0.01636258509955578
2017-11-27,0.031188773647862777
2017-11-28,0.008628150283303559
2017-11-29,-0.010589310459650163
2017-11-30,-0.04379216201480225
2017-12-01,-0.0026295360669797243
2017-12-04,0.029710394606038366
2017-12-05,-0.027223190858106833
2017-12-06,-0.004877682690749346
2017-12-07,0.02539065534436573
2017-12-08,0.031247658406100078
2017-12-11,-0.01600769325368579
2017-12-12,0.028959822394696612
2017-12-13,0.0363190969009594
2017-12-14,0.0027624044455703306
2017-12-15,0.005245768065391603
2017-12-18,0.03138549289427364
2017-12-19,0.0026010986371097847
2017-12-20,-0.016545596454968677
2017-12-21,-0.007975613766405815
2017-12-22,-0.002253773168004723
2017-12-26,-0.022347719224986472
2017-12-27,0.02251931476832079
2017-12-28,0.005758387203753764
2017-12-29,-0.010308905225861012
2018-01-02,-0.0005166939430187993
2018-01-03,0.0386059853314738
2018-01-04,0.02370578889116277
2018-01-05,0.0038046375824754776
2018-01-08,0.014077181477493605
2018-01-09,-0.0061567377743938665
2018-01-10,-0.00531509013349654
2018-01-11,0.003657584671515875
2018-01-12,-0.0046141076402538535
2018-01-16,0.028743255530066323
2018-01-17,-0.015846528900254467
2018-01-18,-0.0008380815783064036
2018-01-19,0.004266055954415534
2018-01-22,0.0023680994440617663
2018-01-23,-0.0010340223819924914
2018-01-24,0.0012217866836153222
2018-01-25,0.009812672677359174
2018-01-26,0.002526215155560896
2018-01-29,0.01562856421449598
2018-01-30,-0.022649805146913952
2018-01-31,-0.008553251194011067
2018-02-01,-0.009981607269703529
2018-02-02,-0.024042285752383565
2018-02-05,-0.053136020220989906
2018-02-06,-0.03518356163426575
2018-02-07,0.007142587809084281
2018-02-08,-0.0001825277281482206
2018-02-09,-0.0
2018-02-12,0.0
2018-02-13,0.0
2018-02-14,0.0
2018-02-15,0.0
2018-02-16,-0.0
2018-02-20,0.0009509580803211773
2018-02-21,-0.00026012515406177874
2018-02-22,-0.0031724515542603826
2018-02-23,-0.0019119599271937525
2018-02-26,0.001439619291371749
2018-02-27,0.0005372785727556271
2018-02-28,-0.0008507349365868601
2018-03-01,-0.004382360225308236
2018-03-02,-0.0009488004940117699
2018-03-05,0.0011291122924102079
2018-03-06,0.0009270268343432861
2018-03-07,-0.002157456017034658
2018-03-08,-0.00403703663941127
2018-03-09,-0.002557697380842882
2018-03-12,0.001176935461845101
2018-03-13,-9.076782880259011e-05
2018-03-14,-0.0008041619943254415
2018-03-15,-0.0015728549894600667
2018-03-16,-0.00011109711836969303
2018-03-19,-1.6847656439572255e-05
2018-03-20,-0.0
2018-03-21,0.0
2018-03-22,-0.0
2018-03-23,-0.0
2018-03-26,-0.0
2018-03-27,0.0
2018-03-28,-0.0
2018-03-29,-0.0
2018-04-02,0.0
2018-04-03,-0.0
2018-04-04,-0.0
2018-04-05,0.0
2018-04-06,-0.0
2018-04-09,-0.0
2018-04-10,0.0
2018-04-11,0.0
2018-04-12,0.0
2018-04-13,0.0
2018-04-16,-0.0
2018-04-17,-0.0
2018-04-18,0.0
2018-04-19,-0.0
2018-04-20,-0.0
2018-04-23,-0.0
2018-04-24,-0.0
2018-04-25,-0.0
2018-04-26,0.0
2018-04-27,0.0
2018-04-30,-0.0
2018-05-01,-0.0
2018-05-02,0.0
2018-05-03,-0.0
2018-05-04,0.0
2018-05-07,0.0
2018-05-08,-0.0
2018-05-09,0.0
2018-05-10,0.0
2018-05-11,-0.0
2018-05-14,-0.0
2018-05-15,-0.0
2018-05-16,-0.0
2018-05-17,-0.0
2018-05-18,-0.0
2018-05-21,0.0
2018-05-22,0.0
2018-05-23,-0.0
2018-05-24,0.0
2018-05-25,0.0
2018-05-29,0.0
2018-05-30,0.0
2018-05-31,0.0
2018-06-01,-0.0
2018-06-04,0.0
2018-06-05,0.0
2018-06-06,-0.0
2018-06-07,0.0
2018-06-08,-0.0
2018-06-11,-0.0
2018-06-12,0.0
2018-06-13,0.0
2018-06-14,0.0
2018-06-15,0.0
2018-06-18,-0.0
2018-06-19,-0.0
2018-06-20,0.0
2018-06-21,-0.0
2018-06-22,-0.0
2018-06-25,-0.0
2018-06-26,-0.0
2018-06-27,0.0
2018-06-28,-0.0
2018-06-29,0.0
2018-07-02,-0.0
2018-07-03,0.0
2018-07-05,-0.0
2018-07-06,0.0
2018-07-09,0.0
2018-07-10,-0.0
2018-07-11,-0.0
2018-07-12,0.0
2018-07-13,0.0
2018-07-16,-0.0
2018-07-17,-0.0
2018-07-18,0.0
2018-07-19,-0.0
2018-07-20,0.0
2018-07-23,-0.0
2018-07-24,-0.0
2018-07-25,0.0
2018-07-26,0.0
2018-07-27,0.0
2018-07-30,-0.0
2018-07-31,-0.0
2018-08-01,-0.0
2018-08-02,-0.0
2018-08-03,0.0
2018-08-06,0.0
2018-08-07,0.0
2018-08-08,-0.0
2018-08-09,0.0
2018-08-10,0.0
2018-08-13,-0.0
2018-08-14,0.0
2018-08-15,-0.0
2018-08-16,0.0
2018-08-17,-0.0
2018-08-20,0.0
2018-08-21,0.0
2018-08-22,0.0
2018-08-23,0.0
2018-08-24,0.0
2018-08-27,0.0
2018-08-28,-0.0
2018-08-29,-2.8462774151031357e-07
2018-08-30,-1.6006305309262946e-07
2018-08-31,0.0
2018-09-04,-0.000523426005050681
2018-09-05,-0.0003561812024031943
2018-09-06,-6.713992513346118e-05
2018-09-07,-0.0
2018-09-10,0.0
2018-09-11,-0.0
2018-09-12,0.0
2018-09-13,0.0
2018-09-14,-0.0
2018-09-17,-0.0
2018-09-18,-0.0
2018-09-19,0.0
2018-09-20,0.0
2018-09-21,0.0
2018-09-24,-0.0
2018-09-25,0.0
2018-09-26,0.0
2018-09-27,0.0
2018-09-28,0.0
2018-10-01,0.0
2018-10-02,-0.0
2018-10-03,0.0
2018-10-04,-0.0
2018-10-05,-0.0
2018-10-08,-0.0
2018-10-09,0.0
2018-10-10,-0.0
2018-10-11,-0.0
2018-10-12,0.0
2018-10-15,-0.0
2018-10-16,0.0
2018-10-17,0.0
2018-10-18,-0.0
2018-10-19,-0.0
2018-10-22,-0.0
2018-10-23,-0.0
2018-10-24,0.0
2018-10-25,-0.0
2018-10-26,-0.0
2018-10-29,0.0
2018-10-30,-0.0
2018-10-31,0.0
2018-11-01,0.0
2018-11-02,0.0
2018-11-05,-0.0
2018-11-06,0.0
2018-11-07,0.0
2018-11-08,0.0
2018-11-09,-0.0
2018-11-12,-0.0
2018-11-13,-0.0
2018-11-14,0.0
2018-11-15,-0.0
2018-11-16,-0.0
2018-11-19,0.0
2018-11-20,0.0
2018-11-21,-0.0
2018-11-23,0.0
2018-11-26,0.0
2018-11-27,-0.0
2018-11-28,0.0
2018-11-29,0.0
2018-11-30,0.0
2018-12-03,0.0
2018-12-04,0.0
2018-12-06,-0.0
2018-12-07,0.0
2018-12-10,-0.0
2018-12-11,-0.0
2018-12-12,-0.0
2018-12-13,-0.0
2018-12-14,0.0
2018-12-17,-0.0
2018-12-18,0.0
2018-12-19,0.0
2018-12-20,0.0
2018-12-21,-0.0
2018-12-24,-0.0
2018-12-26,0.0
2018-12-27,0.0
2018-12-28,0.0
2018-12-31,0.0
2019-01-02,0.0
2019-01-03,0.0
2019-01-04,-0.0
2019-01-07,0.0
2019-01-08,-0.0
2019-01-09,-0.0
2019-01-10,0.0
2019-01-11,-0.0
2019-01-14,0.0
2019-01-15,-0.0
2019-01-16,-0.0
2019-01-17,0.0
2019-01-18,-0.0
2019-01-22,0.0
2019-01-23,-0.0
2019-01-24,0.0
2019-01-25,0.0
2019-01-28,0.0
2019-01-29,0.0
2019-01-30,0.0
2019-01-31,0.0
2019-02-01,0.0
2019-02-04,-0.0
2019-02-05,0.0
2019-02-06,0.00021927769279525534
2019-02-07,-0.0010200463812107857
2019-02-08,0.005343409483342783
2019-02-11,-0.0008618447704567453
2019-02-12,-0.001666940089775087
2019-02-13,-0.005503295478313628
2019-02-14,0.008554197985402155
2019-02-15,-0.004204357586927743
2019-02-19,0.00663432524414175
2019-02-20,-0.0012463444827107246
2019-02-21,-0.008510427276553144
2019-02-22,0.003559539381754524
2019-02-25,-0.0007212027641070523
2019-02-26,0.000996302665263494
2019-02-27,-0.00448153341783842
2019-02-28,-0.005353743047928766
2019-03-01,-0.005871222886754776
2019-03-04,-0.0013380212351893745
2019-03-05,-0.0040035298008276755
2019-03-06,0.010544533374719747
2019-03-07,0.004176077023600964
2019-03-08,0.002368368643840771
2019-03-11,0.0015004707474407862
2019-03-12,0.008422113966210168
2019-03-13,0.008460342687839026
2019-03-14,-0.00012422673310299895
2019-03-15,0.003921978767803955
2019-03-18,0.017571120040762035
2019-03-19,-0.006009027957725349
2019-03-20,0.006515821066391552
2019-03-21,0.013668203525575332
2019-03-22,0.011468879732664748
2019-03-25,0.0007508350924051751
2019-03-26,0.000750856309757845
2019-03-27,0.00838805431173548
2019-03-28,0.004368288306123355
2019-03-29,0.004310568452964332
2019-04-01,0.009354092731634085
2019-04-02,-0.001620520600147191
2019-04-03,0.03606121899761516
2019-04-04,-0.00011028793677367504
2019-04-05,0.001655658427572069
2019-04-08,0.018927107578932838
2019-04-09,0.0069126300817108285
2019-04-10,-0.0034623031229618277
2019-04-11,0.0009253602127052597
2019-04-12,-0.019124910086826583
2019-04-15,0.00035790800991387776
2019-04-16,-0.007626116582292765
2019-04-17,-0.0017762069269571601
2019-04-18,0.0023826979629019253
2019-04-22,0.0021353330319579893
2019-04-23,0.0012762493853158093
2019-04-24,0.011280700252091618
2019-04-25,0.0014277876873514514
2019-04-26,-0.008565785687526549
2019-04-29,-0.0020568374291708865
2019-04-30,-0.010343888312851665
2019-05-01,0.02869696188660731
2019-05-02,-0.015612847149619297
2019-05-03,0.014181571345387757
2019-05-06,-0.009524682989648262
2019-05-07,0.011321496497097376
2019-05-08,-0.008725840838470302
2019-05-09,-0.00793434678611806
2019-05-10,0.002926012496985719
2019-05-13,0.012850159625589719
2019-05-14,0.016109302373919165
2019-05-15,0.01772300511832315
2019-05-16,0.02199987898761346
2019-05-17,0.0010837921594008255
2019-05-20,-0.009335466543689098
2019-05-21,-0.005779044384938931
2019-05-22,-0.0018559818680198958
2019-05-23,-0.007968898400242135
2019-05-24,0.015177019863891864
2019-05-28,0.021736851321524447
2019-05-29,-0.005699981772704706
2019-05-30,-0.0008690659869421585
2019-05-31,-0.005574534857469516
2019-06-03,0.016673681754614426
2019-06-04,-0.018595809884701255
2019-06-05,0.007292206447472474
2019-06-06,0.00817185426040605
2019-06-07,0.014019419690231112
2019-06-10,-0.0056696687452013885
2019-06-11,0.006419133305517308
2019-06-12,-0.0012185417746535812
2019-06-13,0.012815725854721162
2019-06-14,0.0038927078947202706
2019-06-17,0.017644814999426356
2019-06-18,0.017532051045488738
2019-06-19,0.014146036184918814
2019-06-20,0.03006566021505339
2019-06-21,-0.011809289512462896
2019-06-24,0.01188731776969136
2019-06-25,0.0024190922047547044
2019-06-26,0.0032637209520705018
2019-06-27,0.008218609207336957
2019-06-28,-0.008777491727747347
2019-07-01,0.004975222487560154
2019-07-02,-0.00642468870066042
2019-07-03,0.012842813454476349
2019-07-05,-0.009974498447428431
2019-07-08,0.012375671573479448
2019-07-09,0.005785934926245563
2019-07-10,0.006768376731469439
2019-07-11,-0.01343122078887396
2019-07-12,-0.027750246129653676
2019-07-15,-0.016834011671893613
2019-07-16,0.0007849512989230108
2019-07-17,-0.00787563873221558
2019-07-18,0.0047861307745926274
2019-07-19,0.007600294613891787
2019-07-22,5.302509781005675e-05
2019-07-23,-0.006147304443251752
2019-07-24,-0.0018218840510307727
2019-07-25,-0.0008045288991734024
2019-07-26,0.002110274916761124
2019-07-29,-0.0034620434200575917
2019-07-30,-0.0029687010671635766
2019-07-31,0.0025018261685504696
2019-08-01,0.013870207804605345
2019-08-02,0.001022504644295086
2019-08-05,0.002728279891397026
2019-08-06,0.0030626535106275865
2019-08-07,0.02226883470504047
2019-08-08,-0.0003885373677668183
2019-08-09,0.0171228604287895
2019-08-12,-0.0054504787419995095
2019-08-13,0.00784349021205968
2019-08-14,0.006556642435300723
2019-08-15,-0.016297595092358133
2019-08-16,0.00445826931523173
2019-08-19,-0.00493014921416887
2019-08-20,0.02256886520666094
2019-08-21,-0.005510351246345214
2019-08-22,-0.01508584187011941
2019-08-23,-0.010390267789118054
2019-08-26,0.007607841853460139
2019-08-27,0.011020275887927665
2019-08-28,-0.010450839037222732
2019-08-29,0.015298606595027547
2019-08-30,0.009142253726020488
2019-09-03,0.002062465582138062
2019-09-04,0.013024078140923979
2019-09-05,0.028736205825353925
2019-09-06,0.009204534582769767
2019-09-09,-0.013477355181988223
2019-09-10,-0.014634554202408005
2019-09-11,-0.02242349911636226
2019-09-12,0.01491767653526873
2019-09-13,-0.011324441211244683
2019-09-16,-0.011168702414707658
2019-09-17,0.001175238938394336
2019-09-18,0.009511008721386063
2019-09-19,0.00510536185644456
2019-09-20,0.0007706814128118543
2019-09-23,-0.0023461372868617005
2019-09-24,0.0016384487972754718
2019-09-25,-0.027026584801881044
2019-09-26,0.007367008540033036
2019-09-27,-0.009084749455085618
2019-09-30,-0.015557184177200816
2019-10-01,0.007394776225056864
2019-10-02,-0.0066240335755775905
2019-10-03,-0.0028022358427737286
2019-10-04,0.01681636685337773
2019-10-07,0.0016868438572587247
2019-10-08,0.00022681502664813677
2019-10-09,-0.008325428487719779
2019-10-10,-0.00907909618104552
2019-10-11,-0.005116594941271453
2019-10-14,0.0025784895400469588
2019-10-15,-0.0029122007047531506
2019-10-16,-0.005299412862830028
2019-10-17,-9.431106826277418e-05
2019-10-18,0.0010076833983531628
2019-10-21,-0.004232905963863018
2019-10-22,0.004977556582464981
2019-10-23,-0.0028428866438539747
2019-10-24,0.001957957247460272
2019-10-25,0.0013181613694924592
2019-10-28,-0.005419547482520417
2019-10-29,0.0014872250733193575
2019-10-30,-0.0008686086474581511
2019-10-31,0.011908637570082935
2019-11-01,0.0021743919685061073
2019-11-04,-0.00403695019928053
2019-11-05,-0.010232901548566986
2019-11-06,0.002308468578201834
2019-11-07,-0.001548826651937493
2019-11-08,-0.003248250151720628
2019-11-11,0.0003359314608325143
2019-11-12,0.0017056364423495903
2019-11-13,-0.0001376388518611286
2019-11-14,0.001797150163359153
2019-11-15,0.0021141960207991376
2019-11-18,-7.36278901948126e-05
2019-11-19,-0.0012714164477915586
2019-11-20,-0.0032952470561310137
2019-11-21,-0.0037761447157061167
2019-11-22,-0.008592295814658998
2019-11-25,0.0007813749063097245
2019-11-26,0.0038036873949452584
2019-11-27,0.000747268533113398
2019-11-29,-0.0006486520266630315
2019-12-02,-0.005425877972350369
2019-12-03,-0.015120778354372207
2019-12-04,0.003485357295871031
2019-12-05,-0.0002446283505706056
2019-12-06,0.0006643326045191029
2019-12-09,0.0007692504744309039
2019-12-10,-0.0003267176298617029
2019-12-11,0.0005304564838778026
2019-12-12,0.00180472030697486
2019-12-13,0.0029431275493577947
2019-12-16,0.0011150296771794874
2019-12-17,0.00013455466338029658
2019-12-18,-0.0010393267960169127
2019-12-19,-0.001167912932068315
2019-12-20,0.0017500739371072982
2019-12-23,0.0019970987455679946
2019-12-24,-0.001335672676228808
2019-12-26,0.0014280853767958878
2019-12-27,0.0033971432490388204
2019-12-30,-0.002704137044904962
2019-12-31,-0.002848404434267984
2020-01-02,0.0070272744667423115
2020-01-03,0.00017192206247349298
2020-01-06,0.003693653707163629
2020-01-07,0.0031314929624918185
2020-01-08,0.0011629029690848121
2020-01-09,-0.0013923572668518244
2020-01-10,0.004436659759486504
2020-01-13,-0.002376650753956968
2020-01-14,0.0051527847992058114
2020-01-15,1.57921191847504e-05
2020-01-16,0.00128987797459369
2020-01-17,0.004393342989847872
2020-01-21,0.00035724533927072654
2020-01-22,0.0064620313911571995
2020-01-23,0.006431266938051871
2020-01-24,0.002952674900191228
2020-01-27,0.018213442580949465
2020-01-28,0.007456061629344875
2020-01-29,0.01332169018887703
2020-01-30,0.0011679275320064103
2020-01-31,0.013339633301419272
2020-02-03,-0.017678013694761498
2020-02-04,0.011224538548970885
2020-02-05,0.0022960736176740916
2020-02-06,0.004251420534221923
2020-02-07,0.01744967216022595
2020-02-10,0.0038460775616037087
2020-02-11,0.018684847438025898
2020-02-12,0.002427132925985233
2020-02-13,0.009920856735664785
2020-02-14,0.016032298723165875
2020-02-18,-0.008424055996113932
2020-02-19,0.01593346580676028
2020-02-20,0.0012458514783757215
2020-02-21,0.002603343001185754
2020-02-24,-0.013696120272094006
2020-02-25,0.0031339948830844335
2020-02-26,-0.054046203569400535
2020-02-27,-0.03286640040672873
2020-02-28,-0.05400904112648856
2020-03-02,0.023315598542406116
2020-03-03,-0.0005516152585872334
2020-03-04,0.001716704639905527
2020-03-05,0.0006672740118895593
2020-03-06,0.017597947739595433
2020-03-09,0.015677367751744775
2020-03-10,-0.02298566460798192
2020-03-11,-0.015060897484784229
2020-03-12,-0.019807986855387816
2020-03-13,-0.014200325098818092
2020-03-16,0.006391359066557877
2020-03-17,0.00028274313108953356
2020-03-18,-0.013155300277198696
2020-03-19,-0.011597880196637237
2020-03-20,-0.00024060994402457005
2020-03-23,0.0
2020-03-24,0.0
2020-03-25,0.0007281198918763144
2020-03-26,0.0002587282250261255
2020-03-27,0.0035883055979392823
2020-03-30,0.005706598697637583
2020-03-31,-0.005552646175244852
2020-04-01,0.003624666439569044
2020-04-02,0.0001255580309847851
2020-04-03,0.0019440625730937373
2020-04-06,0.0003637663672597089
2020-04-07,-0.0056781094548403865
2020-04-08,0.00039489596367144113
2020-04-09,-0.0016262014797233594
2020-04-13,0.0011562624607733593
2020-04-14,-0.00043881180466085184
2020-04-15,0.006493230079539616
2020-04-16,0.005163075780518651
2020-04-17,-0.0003441982382432487
2020-04-20,-0.007989625510525192
2020-04-21,0.0042416416742499935
2020-04-22,-0.005156136078856854
2020-04-23,0.0041177656528809505
2020-04-24,-0.0018165757471674355
2020-04-27,0.0018033801773161401
2020-04-28,-0.0030654740707209906
2020-04-29,0.0004891619968920028
2020-04-30,0.004731481859139953
2020-05-01,-0.018471393659172462
2020-05-04,-0.01087778663544236
2020-05-05,0.0014643990942511608
2020-05-06,-0.007318056550930995
2020-05-07,0.0041721253182220655
2020-05-08,0.002905426335368843
2020-05-11,-0.003876049783330036
2020-05-12,-0.002274965451415163
2020-05-13,0.008447478211255795
2020-05-14,0.008920989435823975
2020-05-15,0.006972199211032401
2020-05-18,-0.020006397934204837
2020-05-19,-0.01667233210301898
2020-05-20,0.0030148312725252705
2020-05-21,0.002570142503185671
2020-05-22,-0.0002113745686072657
2020-05-26,-0.00581718102889655
2020-05-27,-0.009586532398907539
2020-05-28,-0.0018056542522882552
2020-05-29,0.004206061257858067
2020-06-01,0.0006842857323437771
2020-06-02,0.0011755017216011911
2020-06-03,-0.0073726359198095425
2020-06-04,-0.005773206236832307
2020-06-05,-0.01685288572697214
2020-06-08,0.0027496947259527927
2020-06-09,0.0008033356858553652
2020-06-10,0.0005687542066465431
2020-06-11,0.004825523076626436
2020-06-12,-0.007090817430922163
2020-06-15,-0.009648728368555336
2020-06-16,0.007558645527418866
2020-06-17,0.0003698863378471934
2020-06-18,0.0042259544359305
2020-06-19,0.0004045437211095954
2020-06-22,0.006866214022233799
2020-06-23,-0.0013881116005454864
2020-06-24,-0.0017999308143938136
2020-06-25,-0.0009697101203001309
2020-06-26,0.002931512390568185
2020-06-29,-0.005817282591430295
2020-06-30,0.005135984439955671
2020-07-01,0.004889156822841989
2020-07-02,0.007534955120476642
2020-07-06,0.006440508788069606
2020-07-07,0.005335756844592149
2020-07-08,0.005560899829760133
2020-07-09,0.0030816155668799616
2020-07-10,0.006003689561605626
2020-07-13,0.0061347546124545784
2020-07-14,-0.023505135115632465
2020-07-15,0.00971228258425445
2020-07-16,-0.0007461105907079867
2020-07-17,0.0005993713363292497
2020-07-20,0.006030293537306174
2020-07-21,0.019562562616153793
2020-07-22,0.004118805060326222
2020-07-23,0.011062157029786858
2020-07-24,-0.0169785812002009
2020-07-27,0.027547162765245166
2020-07-28,0.01753526077887545
2020-07-29,-0.0063165509950346395
2020-07-30,0.005306400643339714
2020-07-31,0.042018070967887906
2020-08-03,0.011720328714393918
2020-08-04,0.019784321626070283
2020-08-05,0.00829826440834757
2020-08-06,0.015648617203192206
2020-08-07,0.0015077705904006497
2020-08-10,-0.013955106885382571
2020-08-11,-0.02665496788889515
2020-08-12,-0.019476883080953855
2020-08-13,0.021327676900884846
2020-08-14,-0.0011781176856121376
2020-08-17,0.007301683896000632
2020-08-18,0.014259914432734359
2020-08-19,0.004277048153430632
2020-08-20,-0.012757929122326673
2020-08-21,0.012469684178946996
2020-08-24,0.011584444724319217
2020-08-25,-0.013463246859876482
2020-08-26,0.0015267530478977054
2020-08-27,0.025808420034917946
2020-08-28,-0.0200376023088661
2020-08-31,0.0138155296920374
2020-09-01,0.01627038396610503
2020-09-02,0.028005832370155755
2020-09-03,-0.009691190318604045
2020-09-04,-0.057365687734871176
2020-09-08,-0.04360643867379915
2020-09-09,0.007845173152857246
2020-09-10,0.003206102097071291
2020-09-11,-0.007638081900216815
2020-09-14,0.0034996627985900376
2020-09-15,0.006673417171760985
2020-09-16,0.0028317055313316526
2020-09-17,-0.02308593951085143
2020-09-18,0.01221229167294263
2020-09-21,-0.01426545869579365
2020-09-22,0.012556006439150646
2020-09-23,0.00029788066054031693
2020-09-24,-0.017105418404084752
2020-09-25,0.011857374302805859
2020-09-28,0.0011399661399799194
2020-09-29,0.0006785285771586225
2020-09-30,-0.0028871498505423465
2020-10-01,0.004627362206148752
2020-10-02,-0.006146219295344612
2020-10-05,-0.011010700145732907
2020-10-06,-0.002281658028270677
2020-10-07,-0.003447658550358634
2020-10-08,0.0021975017104484307
2020-10-09,0.001957652711808097
2020-10-12,0.005379854445847978
2020-10-13,0.002085259605415462
2020-10-14,0.00043592330808762817
2020-10-15,-0.0037803822279566983
2020-10-16,0.0016241492698230331
2020-10-19,-0.001434977065297494
2020-10-20,-0.0048483130722794835
2020-10-21,-0.00026563510925602964
2020-10-22,0.0026421725439788007
2020-10-23,0.0017489863337540141
2020-10-26,-0.004690570650893991
2020-10-27,-0.004004321139480088
2020-10-28,-0.0068136584508733476
2020-10-29,-0.011262900336553932
2020-10-30,0.0010228177230162212
2020-11-02,-0.00046428931966747717
2020-11-03,0.00022750075426184238
2020-11-04,0.0012042858053080737
2020-11-05,0.0023302845643381953
2020-11-06,0.0019570145287384315
2020-11-09,0.009057483523747245
2020-11-10,-0.031585455094356986
2020-11-11,-0.004074622544862012
2020-11-12,0.010098211762797363
2020-11-13,0.003117775647531767
2020-11-16,-0.0025527284086974515
2020-11-17,0.008429143971615845
2020-11-18,0.0010649891650566891
2020-11-19,-0.008037382564852424
2020-11-20,0.008189754933255204
2020-11-23,0.009451454106036948
2020-11-24,-0.00027327776722810813
2020-11-25,0.01297558994396627
2020-11-27,-0.012578742930203035
2020-11-30,0.01452073583332884
2020-12-01,0.025022801021951813
2020-12-02,-0.005189787963219555
2020-12-03,0.010061030604595502
2020-12-04,0.003530357725340624
2020-12-07,0.008720424579678423
2020-12-08,-0.0003805963326024516
2020-12-09,-0.0044188714280589845
2020-12-10,-0.024909400172382384
2020-12-11,-0.000630220478711075
2020-12-14,0.013600191786119573
2020-12-15,0.018426603417237904
2020-12-16,0.007665771953814983
2020-12-17,0.02062973396859738
2020-12-18,0.006723882854477202
2020-12-21,-0.021629285134760107
2020-12-22,0.00973438433184844
2020-12-23,0.006797194104828982
2020-12-24,-0.012421423266195364
2020-12-28,0.04240956892601106
2020-12-29,0.00710418632293365
2020-12-30,-0.002183416012326492
2020-12-31,0.011702393550029978
2021-01-04,0.05240082924710943
2021-01-05,-0.018451531319646615
2021-01-06,0.004858500921103876
2021-01-07,0.024287630228653302
2021-01-08,0.019047761865329846
2021-01-11,-0.01829070756921679
2021-01-12,-0.012654268574866668
2021-01-13,-0.004927051900551707
2021-01-14,0.01964133975378661
2021-01-15,0.00757842281064488
2021-01-19,-0.004675430013106667
2021-01-20,0.028797320232841064
2021-01-21,0.011442653072834756
2021-01-22,-0.030389153034014002
2021-01-25,0.03558769388072687
2021-01-26,-0.005600347532201646
2021-01-27,-0.012983896876095375
2021-01-28,-0.03037031085128683
2021-01-29,0.0162848358096838
2021-02-01,-0.004143377822296987
2021-02-02,0.0357734868837124
2021-02-03,0.014484949723215
2021-02-04,-0.012875094941652756
2021-02-05,0.01386893252905633
2021-02-08,0.007807608445627235
2021-02-09,0.028157725821074404
2021-02-10,0.009875331332240977
2021-02-11,-0.004371586765270212
2021-02-12,0.009521035912023471
2021-02-16,0.015303428554317067
2021-02-17,-0.009415463461218089
2021-02-18,0.0009447466176928697
2021-02-19,0.01263716870840169
2021-02-22,-0.010182769563285003
2021-02-23,-0.04810962480608647
2021-02-24,-0.012205052567112146
2021-02-25,0.022721233959833075
2021-02-26,-0.03983650990722617
2021-03-01,0.014791747809389919
2021-03-02,0.022815719208457735
2021-03-03,-0.028133545699817415
2021-03-04,-0.037536494508925954
2021-03-05,-0.013204534704533711
2021-03-08,0.007099665159904192
2021-03-09,-0.0005392071138073518
2021-03-10,0.016126044641577658
2021-03-11,-0.0015615491115860483
2021-03-12,-0.003403853952582557
2021-03-15,0.008464761752564979
2021-03-16,0.01021247107221733
2021-03-17,-0.01064314331956247
2021-03-18,0.005694364135821109
2021-03-19,-0.015691643182707632
2021-03-22,0.009173258501244726
2021-03-23,0.0004007359560579869
2021-03-24,-0.006127553541807587
2021-03-25,-0.030620229198869364
2021-03-26,0.008190448316263761
2021-03-29,0.013366823112063234
2021-03-30,5.2264675539468155e-05
2021-03-31,0.012157937416052927
2021-04-01,0.03401957081717586
2021-04-05,0.027242447715587648
2021-04-06,0.011272984449830818
2021-04-07,-0.004079184022046224
2021-04-08,0.001575506840468796
2021-04-09,0.004268678934337813
2021-04-12,0.010837623881324759
2021-04-13,0.003361300624760085
2021-04-14,0.012458242139432942
2021-04-15,0.004006666424848335
2021-04-16,0.00996958152200862
2021-04-19,-0.024900252567711067
2021-04-20,-0.012312898802999654
2021-04-21,-0.0035460599877903468
2021-04-22,0.010293672179560627
2021-04-23,-0.011775188125340504
2021-04-26,0.0036753427264205767
2021-04-27,0.026684752795391363
2021-04-28,-0.0021171482972154776
2021-04-29,0.013810517222237487
2021-04-30,-0.023412341513383395
2021-05-03,0.015157368435453521
2021-05-04,-0.008404033306605446
2021-05-05,-0.009150382700527239
2021-05-06,0.0001896308568475726
2021-05-07,0.0171948722663517
2021-05-10,0.016283420188124273
2021-05-11,-0.049937676062651676
2021-05-12,0.01336907849034359
2021-05-13,-0.02472088578740924
2021-05-14,0.009631796722805229
2021-05-17,-0.001010699828535832
2021-05-18,-0.005642729913919347
2021-05-19,-0.030927024656833495
2021-05-20,-0.012264515509730477
2021-05-21,0.023766924055139766
2021-05-24,-0.020684735845007116
2021-05-25,0.04856001711840016
2021-05-26,-0.0002381463717188912
2021-05-27,0.011336650183327746
2021-05-28,-0.0033383983029458175
2021-06-01,0.007126550136084983
2021-06-02,-0.009304908263590091
2021-06-03,-0.005593435059153192
2021-06-04,0.017020923879113165
2021-06-07,-0.001511293732235011
2021-06-08,-0.0022839979850875955
2021-06-09,-0.006187175915047917
2021-06-10,0.00028500368231866927
2021-06-11,0.002634806194843248
2021-06-14,0.0038439432678363467
2021-06-15,0.0074125514887208475
2021-06-16,-0.00347271510368577
2021-06-17,-0.01710113128835161
2021-06-18,0.01211811500965105
2021-06-21,-0.009989860919834816
2021-06-22,-0.024176272922835102
2021-06-23,0.014436148223897773
2021-06-24,0.010034275652621348
2021-06-25,0.0056778228694375965
2021-06-28,-0.00045185359689109465
2021-06-29,0.016128328601921243
2021-06-30,0.012177013623624784
2021-07-01,0.011572360358122103
2021-07-02,-0.004234503134572848
2021-07-06,0.02060674708259303
2021-07-07,0.020469115092444996
2021-07-08,-0.014318665038432153
2021-07-09,-0.011375665664469856
2021-07-12,0.014554004062232596
2021-07-13,-0.005383623740586076
2021-07-14,-0.003561828323656193
2021-07-15,-0.004550288969569329
2021-07-16,-0.014751777066080917
2021-07-19,-0.012530998763227373
2021-07-20,0.0061606539924530385
2021-07-21,0.0020062179326732653
2021-07-22,0.011310194282543349
2021-07-23,0.00572901573697012
2021-07-26,0.005718950445378549
2021-07-27,0.004355064902574982
2021-07-28,-0.009653379117602437
2021-07-29,0.002192862946428794
2021-07-30,-0.006437984456635296
2021-08-02,0.012800593436058053
2021-08-03,-0.0027344556882161614
2021-08-04,0.007681482256664078
2021-08-05,0.0007695671455356982
2021-08-06,-0.00502160653779442
2021-08-09,-0.006185500299084613
2021-08-10,-0.0003483499643609231
2021-08-11,-0.0047170890110236185
2021-08-12,-0.0016269032728469007
2021-08-13,0.005950920366894735
2021-08-16,0.0014315589101089416
2021-08-17,-0.006058786877386703
2021-08-18,-0.005031293502018348
2021-08-19,-0.016439381818588616
2021-08-20,0.010368639990590761
2021-08-23,0.020607157788248214
2021-08-24,0.016522855982231015
2021-08-25,-0.0054252520110508
2021-08-26,-0.0008661811256758531
2021-08-27,-0.007096576470244942
2021-08-30,0.02822971215794751
2021-08-31,0.007046931826280208
2021-09-01,0.004341195977134232
2021-09-02,0.019508556829752843
2021-09-03,-0.010418003848431992
2021-09-07,0.007610883914692896
2021-09-08,-0.016781165692384522
2021-09-09,-0.005652367811622636
2021-09-10,0.009801496514550407
2021-09-13,-0.00565759298686
2021-09-14,-0.00017427448852619896
2021-09-15,0.008269767131804105
2021-09-16,0.005149043460969105
2021-09-17,-0.004362549986417964
2021-09-20,-0.0310055733851898
2021-09-21,-0.014322698588450365
2021-09-22,-0.008898872776145348
2021-09-23,0.023888639274288595
2021-09-24,-0.0027933976811437417
2021-09-27,-0.0071709448422849755
2021-09-28,-0.024501419763980715
2021-09-29,-0.023681185762144428
2021-09-30,-0.0025059543972708494
2021-10-01,0.0020676878440987396
2021-10-04,0.013813891601653106
2021-10-05,-0.005644324165590388
2021-10-06,0.001250873952483895
2021-10-07,0.018375699930626346
2021-10-08,0.004589013454565231
2021-10-11,-0.011520690551525466
2021-10-12,0.007266998639009138
2021-10-13,-0.0040708435101675265
2021-10-14,0.016551233419848068
2021-10-15,0.013759583752436615
2021-10-18,0.006235745884584037
2021-10-19,0.00827369131126961
2021-10-20,0.008850920304287946
2021-10-21,0.00991869016594465
2021-10-22,-0.004168594414540565
2021-10-25,0.0023019351608841014
2021-10-26,0.012530367370627746
2021-10-27,-0.009070067291363264
2021-10-28,-0.00400787459153983
2021-10-29,0.009794826680183097
2021-11-01,0.01732704185049516
2021-11-02,-0.0003665068302631426
2021-11-03,0.014136426160251372
2021-11-04,0.015894526534869082
2021-11-05,0.004137393521090948
2021-11-08,0.00567114831099532
2021-11-09,0.012705769518833393
2021-11-10,-0.012291567038126472
2021-11-11,-0.01740365832123137
2021-11-12,-0.002242382174119306
2021-11-15,0.0025643527638515374
2021-11-16,-0.011263500130193428
2021-11-17,-0.009476834456292903
2021-11-18,0.006383640516317256
2021-11-19,-0.005504740269114091
2021-11-22,0.007664476778069294
2021-11-23,-0.015441954102148544
2021-11-24,0.003508740393937528
2021-11-26,0.0029965628377496127
2021-11-29,-0.007783206513459731
2021-11-30,0.005111056474081656
2021-12-01,0.0012493375378880773
2021-12-02,-0.022782118260497062
2021-12-03,0.01374071938234662
2021-12-06,-0.01451522006727621
2021-12-07,-0.002185394868465393
2021-12-08,-0.0015742359909018506
2021-12-09,-0.004051992809877743
2021-12-10,-0.005099525515262764
2021-12-13,0.005660556288092012
2021-12-14,-0.0207013708476094
2021-12-15,-1.1290736105250859e-05
2021-12-16,0.0072119798406626925
2021-12-17,-0.00652045755119515
2021-12-20,-0.007031699065093023
2021-12-21,-0.000629413311931774
2021-12-22,0.005042053496596552
2021-12-23,0.002236362207294083
2021-12-27,0.0039659905283676135
2021-12-28,0.009738869921243178
2021-12-29,-0.014571614070238749
2021-12-30,-0.0020638402928295856
2021-12-31,0.0006882990267789305
2022-01-03,-0.0062068936491095714
2022-01-04,-0.005157357450377127
2022-01-05,-0.003129265056039556
2022-01-06,-0.017168047905179697
2022-01-07,0.0006625370518663513
2022-01-10,-0.0002918270165393663
2022-01-11,0.0
2022-01-12,0.0
2022-01-13,0.0
2022-01-14,-0.0016122588368403133
2022-01-18,-0.000708512008676501
2022-01-19,-8.963712095986094e-05
2022-01-20,-0.0
2022-01-21,-0.0
2022-01-24,-0.0
2022-01-25,0.0
2022-01-26,0.0
2022-01-27,-0.0
2022-01-28,-0.0
2022-01-31,0.0
2022-02-01,0.0
2022-02-02,0.0
2022-02-03,-0.0
2022-02-04,-0.0
2022-02-07,0.0
2022-02-08,0.0
2022-02-09,0.0
2022-02-10,-0.0
2022-02-11,0.0
2022-02-14,0.0
2022-02-15,-0.0
2022-02-16,0.0
2022-02-17,0.0
2022-02-18,-0.0
2022-02-22,0.0
2022-02-23,-0.0
2022-02-24,-0.0
2022-02-25,0.0
2022-02-28,0.0
2022-03-01,0.0
2022-03-02,-0.0
2022-03-03,0.0
2022-03-04,-0.0
2022-03-07,0.0
2022-03-08,0.0
2022-03-09,-0.0
2022-03-10,0.0
2022-03-11,-0.0
2022-03-14,-0.0
2022-03-15,-0.0
2022-03-16,-0.0
2022-03-17,0.0
2022-03-18,0.0
2022-03-21,0.0
2022-03-22,0.0
2022-03-23,0.0
2022-03-24,0.0
2022-03-25,-0.0
2022-03-28,-0.0
2022-03-29,0.0
2022-03-30,0.0
2022-03-31,-0.0
2022-04-01,-0.0006583039573069781
2022-04-04,4.775579904416554e-05
2022-04-05,-8.190109760711495e-06
2022-04-06,-0.0002218298622961805
2022-04-07,-0.00035232252892390713
2022-04-08,-8.525544878215304e-05
2022-04-11,0.0
2022-04-12,-0.0
2022-04-13,0.0
2022-04-14,0.0
2022-04-18,0.0
2022-04-19,-6.281449187661316e-05
2022-04-20,7.42189908284555e-06
2022-04-21,-5.71001513629052e-05
2022-04-22,-3.106855753384407e-05
2022-04-25,-0.0007885013142714442
2022-04-26,-3.1756436975017564e-05
2022-04-27,-0.0
2022-04-28,0.0
2022-04-29,0.0
2022-05-02,-0.0
2022-05-03,0.0
2022-05-04,0.0
2022-05-05,0.0
2022-05-06,-0.0
2022-05-09,-0.0
2022-05-10,-0.0
2022-05-11,-0.0
2022-05-12,-0.0
2022-05-13,-0.0
2022-05-16,0.0
2022-05-17,0.0
2022-05-18,-0.0
2022-05-19,-0.0
2022-05-20,-0.0
2022-05-23,0.0
2022-05-24,0.0
2022-05-25,0.0
2022-05-26,0.0
2022-05-27,0.0
2022-05-31,0.0
2022-06-01,-0.0
2022-06-02,-0.0
2022-06-03,0.0
2022-06-06,0.0
2022-06-07,-0.0
2022-06-08,9.041729306894097e-05
2022-06-09,-1.0224256479259952e-05
2022-06-10,-0.0005293909729294003
2022-06-13,-0.0006405114029763594
2022-06-14,2.4638948663217254e-05
2022-06-15,-2.8928855187051187e-05
2022-06-16,-0.0
2022-06-17,-0.0
2022-06-21,-0.0
2022-06-22,0.0
2022-06-23,-0.0
2022-06-24,-0.0
2022-06-27,0.0
2022-06-28,-0.0
2022-06-29,-0.0
2022-06-30,-0.0
2022-07-01,-0.0
2022-07-05,-0.0
2022-07-06,0.0
2022-07-07,0.0
2022-07-08,0.0
2022-07-11,-0.0
2022-07-12,-0.0
2022-07-13,-0.0
2022-07-14,-0.0
2022-07-15,0.0
2022-07-18,0.0
2022-07-19,-0.0
2022-07-20,0.0
2022-07-21,-0.0
2022-07-22,0.0
2022-07-25,0.0
2022-07-26,0.0
2022-07-27,-0.0
2022-07-28,0.0
2022-07-29,0.0
2022-08-01,-0.0
2022-08-02,0.0
2022-08-03,0.0
2022-08-04,0.0
2022-08-05,-0.00040220349317758125
2022-08-08,0.0006851215090370739
2022-08-09,-6.195709785417587e-05
2022-08-10,-0.0
2022-08-11,0.0001758993531867602
2022-08-12,-0.0003544328572365503
2022-08-15,-0.00045953353886995645
2022-08-16,-7.745615631382514e-05
2022-08-17,-0.0
2022-08-18,0.0
2022-08-19,-0.0
2022-08-22,-0.0
2022-08-23,0.0
2022-08-24,0.0
2022-08-25,0.0
2022-08-26,-0.0
2022-08-29,-0.0
2022-08-30,0.0
2022-08-31,-0.0
2022-09-01,-0.0
2022-09-02,0.0
2022-09-06,-0.0
2022-09-07,-0.0
2022-09-08,0.0
2022-09-09,0.0
2022-09-12,0.0
2022-09-13,-0.0
2022-09-14,-0.0
2022-09-15,0.0
2022-09-16,-0.0
2022-09-19,-0.0
2022-09-20,0.0
2022-09-21,0.0
2022-09-22,-0.0
2022-09-23,-0.0
2022-09-26,-0.0
2022-09-27,-0.0
2022-09-28,-0.0
2022-09-29,0.0
2022-09-30,-0.0
2022-10-03,-0.0
2022-10-04,0.0
2022-10-05,-0.0
2022-10-06,0.0
2022-10-07,0.0
2022-10-10,0.0
2022-10-11,-0.0
2022-10-12,-0.0
2022-10-13,-0.0
2022-10-14,0.0
2022-10-17,0.0
2022-10-18,-0.0
2022-10-19,0.0
2022-10-20,0.0
2022-10-21,0.0
2022-10-24,0.0
2022-10-25,-0.0
2022-10-26,0.0
2022-10-27,0.0
2022-10-28,-0.0
2022-10-31,0.0
2022-11-01,0.0
2022-11-02,-0.0
2022-11-03,-0.0
2022-11-04,0.0
2022-11-07,-0.0
2022-11-08,0.0
2022-11-09,-0.0
2022-11-10,-0.0
2022-11-11,0.0
2022-11-14,0.0
2022-11-15,0.0
2022-11-16,-0.0
2022-11-17,-0.0
2022-11-18,-0.0
2022-11-21,-0.0
2022-11-22,0.0
2022-11-23,0.0
2022-11-25,0.0
2022-11-28,-0.0
2022-11-29,-0.0
2022-11-30,0.0
2022-12-01,0.0
2022-12-02,-0.0
2022-12-05,0.0004683133973372876
2022-12-06,-8.62280213823527e-05
2022-12-07,-0.000929885228224246
2022-12-08,-0.00012704907715100993
2022-12-09,-0.0
2022-12-12,-0.0
2022-12-13,0.0
2022-12-14,0.0
2022-12-15,-0.0
2022-12-16,-0.0
2022-12-19,-0.0
2022-12-20,-0.0
2022-12-21,0.0
2022-12-22,0.0
2022-12-23,-0.0
2022-12-27,0.0
2022-12-28,-0.0
2022-12-29,-0.0
2022-12-30,3.2947718711746524e-05
2023-01-03,-1.1742884142567914e-05
2023-01-04,-0.0
2023-01-05,-0.00043073484356279926
2023-01-06,0.0017921252565811525
2023-01-09,0.0022169945639506695
2023-01-10,-0.002518908361680063
2023-01-11,0.0019731530425454676
2023-01-12,0.0030358730798649173
2023-01-13,0.0048859958396267715
2023-01-17,-0.001619907456767858
2023-01-18,0.009934290351422147
2023-01-19,-0.008253348809164
2023-01-20,0.0011693646264099604
2023-01-23,-0.0015130954307062076
2023-01-24,0.002196417542660089
2023-01-25,0.002355239995660915
2023-01-26,0.005044476537488618
2023-01-27,-0.001620922214252216
2023-01-30,-0.003903248378749739
2023-01-31,-0.004016671197222345
2023-02-01,0.009227573114103878
2023-02-02,0.017992917811356757
2023-02-03,-0.019070301348484805
2023-02-06,-0.008156883347558333
2023-02-07,-0.0017040230423626698
2023-02-08,0.004672045373951814
2023-02-09,0.005288839297566098
2023-02-10,-0.013095240611101885
2023-02-13,0.0018914605977780115
2023-02-14,0.0036369564479812196
2023-02-15,-0.004300258077840403
2023-02-16,-0.008255742404843662
2023-02-17,-0.009659475607177104
2023-02-21,-0.002416003070467645
2023-02-22,-0.0022379445165215213
2023-02-23,0.004188278433240477
2023-02-24,-0.009783911606973795
2023-02-27,0.007791860091549373
2023-02-28,-0.003113965805358722
2023-03-01,-0.00017421052400133156
2023-03-02,-0.0053040257475770415
2023-03-03,0.008508655619689103
2023-03-06,0.006012942345693216
2023-03-07,-0.002354127613664958
2023-03-08,-0.005577761753304911
2023-03-09,0.0017062109506881323
2023-03-10,-0.0048561537482471944
2023-03-13,0.010618655079425271
2023-03-14,0.009258025080627444
2023-03-15,0.0006861587729592308
2023-03-16,0.0014956174259870246
2023-03-17,0.02236866048434982
2023-03-20,0.0008231240998199573
2023-03-21,0.0037849308416086696
2023-03-22,-0.0038421712014548907
2023-03-23,0.0061723803219029556
2023-03-24,0.003577993510257809
2023-03-27,-0.0061349524545493035
2023-03-28,0.00014088718439093687
2023-03-29,0.004467070644742527
2023-03-30,0.011844392971816296
2023-03-31,0.007540049728919111
2023-04-03,0.007355663611380299
2023-04-04,0.005251927111535551
2023-04-05,0.01157397002999862
2023-04-06,-0.007385871674596529
2023-04-10,-0.010098971803452117
2023-04-11,0.013214124077218854
2023-04-12,0.005430626139945731
2023-04-13,-0.006863310565018788
2023-04-14,-0.007981600363620209
2023-04-17,-0.00893353781689013
2023-04-18,0.0007804386789488278
2023-04-19,-0.011736046020370589
2023-04-20,-0.01183208565589365
2023-04-21,-0.0025567298791383222
2023-04-24,-0.009776217021405053
2023-04-25,-0.0005667133284683339
2023-04-26,0.004650246500042541
2023-04-27,-0.011284915649296675
2023-04-28,0.025035008654280582
2023-05-01,0.00633675331744474
2023-05-02,-0.00961748681614099
2023-05-03,0.012877432507475133
2023-05-04,-0.0019911985663682136
2023-05-05,-0.00851125581701335
2023-05-08,0.007785161291907925
2023-05-09,-0.004154068143429421
2023-05-10,0.005165120162981173
2023-05-11,-0.0030876921555701067
2023-05-12,-0.007801580555439638
2023-05-15,-0.0010905600052913196
2023-05-16,-0.0014846132605610546
2023-05-17,-0.00904789638113507
2023-05-18,-0.006682728860744309
2023-05-19,0.0001768850970204315
2023-05-22,0.000660007766728143
2023-05-23,-0.0006759210265184272
2023-05-24,0.0008241983667715745
2023-05-25,-0.008092460278788776
2023-05-26,0.0032686961414534967
2023-05-30,0.033173000975176004
2023-05-31,-0.0039225853956350865
2023-06-01,0.0015864933716083708
2023-06-02,0.015303131213862495
2023-06-05,-0.01491688911436108
2023-06-06,-0.005293781010521276
2023-06-07,0.006947450813941953
2023-06-08,-0.02012896826193636
2023-06-09,0.014653532781506471
2023-06-12,-0.0023515466809389107
2023-06-13,0.005721472651106205
2023-06-14,-0.0022872352978466565
2023-06-15,-0.008317877677580554
2023-06-16,0.015171203581664896
2023-06-20,-0.005573375283394841
2023-06-21,0.005497779002769069
2023-06-22,-0.0008968616885135149
2023-06-23,-2.245402941737432e-05
2023-06-26,0.004768423345111727
2023-06-27,-0.0057818351250522775
2023-06-28,0.008591378965211463
2023-06-29,0.0011947314750057566
2023-06-30,0.016372583682232985
2023-07-03,0.015002298595342953
2023-07-05,-0.0037193631102637134
2023-07-06,-0.010056269841594925
2023-07-07,-0.0008326883607718374
2023-07-10,-0.0005841651832002538
2023-07-11,0.004756672709654825
2023-07-12,0.016186865529239463
2023-07-13,0.0038381854659596663
2023-07-14,0.006750980990835002
2023-07-17,-0.005706470612788515
2023-07-18,0.005171474894839291
2023-07-19,0.0036805910176078106
2023-07-20,-0.005174169183445765
2023-07-21,-0.004541545494943804
2023-07-24,-0.001041750897154329
2023-07-25,-0.001885497493994638
2023-07-26,0.0008647685053328744
2023-07-27,0.01890968598280561
2023-07-28,-0.0024155728526758596
2023-07-31,0.01088507397960722
2023-08-01,-0.009007556992104553
2023-08-02,-0.00602922861664596
2023-08-03,-0.03845428112287759
2023-08-04,0.011064565855650596
2023-08-07,-0.0012409536450606593
2023-08-08,-0.005946901506205399
2023-08-09,0.0023706123172177397
2023-08-10,-0.0024305418772547576
2023-08-11,-0.009222195475800226
2023-08-14,-0.0028311603058617085
2023-08-15,0.005185461380625036
2023-08-16,-0.004024536672989035
2023-08-17,-0.004180384409480055
2023-08-18,-0.012618254686621297
2023-08-21,0.004939057648736251
2023-08-22,0.0032247618851170175
2023-08-23,-0.0018284916717444342
2023-08-24,0.0073776976121205625
2023-08-25,-0.007398340054406921
2023-08-28,0.008105247472811562
2023-08-29,-0.000837198172328344
2023-08-30,0.018786793858439482
2023-08-31,0.003404773654369276
2023-09-01,0.01000185195615615
2023-09-05,-0.010862294793424408
2023-09-06,0.0021769248436255104
2023-09-07,-0.02774509070704556
2023-09-08,0.003073493816109945
2023-09-11,0.003978808593857667
2023-09-12,-0.007977802931140747
2023-09-13,-0.0032811985760553214
2023-09-14,0.005172469878312026
2023-09-15,-0.003719432157607145
2023-09-18,-0.02599129475001246
2023-09-19,0.004882442679076067
2023-09-20,0.0011427427876562792
2023-09-21,-0.00842663366804337
2023-09-22,-0.002302064054404626
2023-09-25,-0.0017268411483195663
2023-09-26,3.640493689804116e-05
2023-09-27,-0.0006378002558367783
2023-09-28,-0.0010787045598233513
2023-09-29,0.0033983342594487444
2023-10-02,-0.0007605454740250529
2023-10-03,-0.00040685252269348477
2023-10-04,-0.0013991347816925774
2023-10-05,0.0010992691275612237
2023-10-06,-0.0003357451074288657
2023-10-09,0.0012760320411743693
2023-10-10,0.0005464595145036148
2023-10-11,0.0003184047077936132
2023-10-12,0.0005460462489022999
2023-10-13,-0.00032984566754410967
2023-10-16,-0.001843234806364412
2023-10-17,-0.0005293425655635217
2023-10-18,-0.0001175666430964583
2023-10-19,-0.00011116137002906
2023-10-20,-0.0032249262427202206
2023-10-23,-0.0026276919064847195
2023-10-24,0.00018957195909976608
2023-10-25,-4.5371620507795594e-05
2023-10-26,-0.0
2023-10-27,-0.0
2023-10-30,0.0
2023-10-31,0.0
2023-11-01,0.0
2023-11-02,0.0
2023-11-03,0.0
2023-11-06,0.0015341183406063644
2023-11-07,4.40581241953323e-05
2023-11-08,0.002780821063240535
2023-11-09,0.001094415784325209
2023-11-10,0.00028920014812940196
2023-11-13,0.004988572464122288
2023-11-14,0.007677358301357286
2023-11-15,0.002203361791279234
2023-11-16,0.0019297539275586432
2023-11-17,-0.004807655688964473
2023-11-20,0.005957703775896653
2023-11-21,0.006333769568424364
2023-11-22,-0.0034071824639319965
2023-11-24,0.005608535405073589
2023-11-27,-0.0009417593895059755
2023-11-28,-0.0023790855286775106
2023-11-29,0.016654120411534686
2023-11-30,-0.006595187868406964
2023-12-01,-0.010967209590657077
2023-12-04,0.008073287437846263
2023-12-05,-0.004089932229759456
2023-12-06,0.022976667729401795
2023-12-07,-0.00714452016928167
2023-12-08,-0.004197378783395513
2023-12-11,0.0009497798472631689
2023-12-12,-0.003793428206116948
2023-12-13,0.012567741200828483
2023-12-14,0.036647047661818394
2023-12-15,0.005531383346531734
2023-12-18,-0.008508570112433021
2023-12-19,0.009574045195474574
2023-12-20,0.000439841928389969
2023-12-21,0.005407132873856838
2023-12-22,0.009409760432656327
2023-12-26,-0.004088208198374759
2023-12-27,0.009006936776286683
2023-12-28,0.012486563323913435
2023-12-29,-0.014924283141663934
2024-01-02,-0.015758917871031987
2024-01-03,-0.025909558612367014
2024-01-04,-0.0269167922438296
2024-01-05,0.0016656011211352917
2024-01-08,-0.001832155361526525
2024-01-09,0.01609868610576018
2024-01-10,0.00536185067797124
2024-01-11,0.010901623139858046
2024-01-12,0.004079941512257804
2024-01-16,-0.02335290965803791
2024-01-17,-0.009880736199931257
2024-01-18,0.004187863949115507
2024-01-19,0.0023242351023047957
2024-01-22,0.014327113921435394
2024-01-23,-0.013923069807267995
2024-01-24,0.011801889277378318
2024-01-25,0.00042677403814026806
2024-01-26,-0.008911375991879118
2024-01-29,0.005697574560369935
2024-01-30,0.01928037447231305
2024-01-31,-0.014069122093626497
2024-02-01,-8.689647379575136e-05
2024-02-02,0.008068912728207393
2024-02-05,0.01217763790378507
2024-02-06,0.0005466513386495286
2024-02-07,0.005504069953405442
2024-02-08,0.009958179663160231
2024-02-09,0.011993099383206099
2024-02-12,0.01379954073284969
2024-02-13,-0.021575838960858722
2024-02-14,0.011903859990737306
2024-02-15,0.019966348263486398
2024-02-16,-0.004271621413709332
2024-02-20,-0.006745765387009422
2024-02-21,-0.012263215995388762
2024-02-22,0.028883808598512827
2024-02-23,0.016042781202180827
2024-02-26,0.0058527543201766915
2024-02-27,0.010186450523079378
2024-02-28,-0.004319185978857989
2024-02-29,0.022259667976374437
2024-03-01,0.005423641662994194
2024-03-04,0.03369382863055473
2024-03-05,0.011879845316963709
2024-03-06,-0.00010961163480371992
2024-03-07,0.019321832837789526
2024-03-08,0.00720405183916629
2024-03-11,-0.007099243624915862
2024-03-12,0.0030975429947443407
2024-03-13,-0.0026171343057097966
2024-03-14,-0.0100919066830454
2024-03-15,-0.030821105275084124
2024-03-18,0.003899677916344065
2024-03-19,-0.022444937187146165
2024-03-20,-0.0024927016765772373
2024-03-21,0.04737854590318457
2024-03-22,-0.015429673148878708
2024-03-25,-0.0022358007837524987
2024-03-26,0.013199335206513162
2024-03-27,-0.0010615138327733083
2024-03-28,-0.0005051017380824654
2024-04-01,0.006362437322470804
2024-04-02,-0.021784779376809955
2024-04-03,-0.006197042952370306
2024-04-04,0.028827125794348
2024-04-05,-0.02012618444071033
2024-04-08,0.028796357196347887
2024-04-09,0.012395653901426752
2024-04-10,-0.013614858350726258
2024-04-11,0.005805820919146381
2024-04-12,0.0009731466582409359
2024-04-15,-0.009261024166197517
2024-04-16,-0.022808936430196783
2024-04-17,0.0007572368880697131
2024-04-18,-0.009812766425043461
2024-04-19,-0.0018844180511724195
2024-04-22,-0.002520534035219476
2024-04-23,0.0028867228296243965
2024-04-24,0.006024634838930619
2024-04-25,-0.01397228878198343
2024-04-26,0.011246834703193348
2024-04-29,0.006435229734184233
2024-04-30,-0.005411746132898098
2024-05-01,-0.022451287328874598
2024-05-02,0.0015415931544906375
2024-05-03,0.00928258398337642
2024-05-06,0.006321662677581712
2024-05-07,0.0008529465600653138
2024-05-08,-0.005971654466318716
2024-05-09,0.0015543212280370534
2024-05-10,0.007840766813595641
2024-05-13,-0.005004805319217277
2024-05-14,-0.001893247809348118
2024-05-15,0.012926580347783916
2024-05-16,0.0160303220825828
2024-05-17,-6.995339782663153e-05
2024-05-20,0.005470035590924161
2024-05-21,0.027359759448490468
2024-05-22,0.0048816812254828595
2024-05-23,0.0012949633714819454
2024-05-24,-0.017746804485644863
2024-05-28,0.01450549980585359
2024-05-29,-0.02614864189880314
2024-05-30,-0.002409675796737397
2024-05-31,-0.0039826420004927515
2024-06-03,0.009449216373065656
2024-06-04,-0.009124888967859743
2024-06-05,0.018322477810550433
2024-06-06,0.02086697771895349
2024-06-07,-0.011347765738877786
2024-06-10,-0.011050263686637219
2024-06-11,-0.0012517095813307263
2024-06-12,0.017703421837563516
2024-06-13,-0.0009831267038445783
2024-06-14,-0.003923867322463964
2024-06-17,0.0029681201846701514
2024-06-18,0.00442800302465035
2024-06-20,0.005517342588845078
2024-06-21,-0.005732220564387781
2024-06-24,-0.006810490832422771
2024-06-25,-0.004094165820615028
2024-06-26,0.0019519445955603464
2024-06-27,0.0032603298214096098
2024-06-28,0.00791139962224746
2024-07-01,-0.020005194627830736
2024-07-02,-0.001385329735729905
2024-07-03,0.02658516549942943
2024-07-05,0.0253348823981754
2024-07-08,0.004726539734008742
2024-07-09,0.0024584738126352443
2024-07-10,0.00401977538185254
2024-07-11,0.017447438057523013
2024-07-12,-0.015791126253762354
2024-07-15,0.005262191881567672
2024-07-16,0.007645981089137768
2024-07-17,-0.005660421785106421
2024-07-18,-0.008174639195273224
2024-07-19,-0.02587328014447232
2024-07-22,0.008185040872489327
2024-07-23,-0.004273955026703155
2024-07-24,-0.012401427340822724
2024-07-25,-0.045436735601765865
2024-07-26,0.014993074156805753
2024-07-29,0.011883921755090874
2024-07-30,-0.00442041525870592
2024-07-31,0.009424643826282934
2024-08-01,0.008091856264053657
2024-08-02,-0.029020995670278105
2024-08-05,-0.09424097217436461
2024-08-06,0.032045765760173435
2024-08-07,-0.0007428044678177157
2024-08-08,-0.0016164671577886226
2024-08-09,0.0029018538965594172
2024-08-12,3.789874150348129e-05
2024-08-13,0.002507678715891379
2024-08-14,0.001760697610784829
2024-08-15,-0.0007186167707404331
2024-08-16,0.0038239101248371994
2024-08-19,0.0007602002056145726
2024-08-20,0.009576774766507718
2024-08-21,0.001179267456391857
2024-08-22,0.0005348223054122998
2024-08-23,-0.0076835386451084365
2024-08-26,0.007481162028705291
2024-08-27,-0.015950914823871336
2024-08-28,0.009999662092123695
2024-08-29,-0.0077142877921212985
2024-08-30,0.005062810415033131
2024-09-03,-0.0036882289243468386
2024-09-04,-0.021512529856682023
2024-09-05,0.01060749340775201
2024-09-06,4.4936987015339934e-05
2024-09-09,-0.0057880356540664524
2024-09-10,0.005478766284702195
2024-09-11,0.0032994759964477625
2024-09-12,0.00738374368461208
2024-09-13,0.006167004747717402
2024-09-16,0.001518035348085966
2024-09-17,0.009691677608785714
2024-09-18,-0.009406502109237342
2024-09-19,-0.002327996970396748
2024-09-20,0.0013289327248814699
2024-09-23,-0.0017353538221264917
2024-09-24,-0.001353624549678925
2024-09-25,0.0033738187642314323
2024-09-26,0.01435357641166731
2024-09-27,-0.0014918711282881196
2024-09-30,-0.016797048887079797
2024-10-01,0.0067263573231190425
2024-10-02,-0.02655388466156718
2024-10-03,-0.003076991819315675
2024-10-04,0.001187155146898422
2024-10-07,-0.0016731476997218623
2024-10-08,-0.004110611018152673
2024-10-09,-0.0014828927919242427
2024-10-10,-0.0035619865800960286
2024-10-11,0.0010966568071740397
2024-10-14,0.004816255392069555
2024-10-15,0.007373324481964766
2024-10-16,0.006674838247277499
2024-10-17,-0.0046658200841849014
2024-10-18,0.0013165347152045849
2024-10-21,-0.007290028794442062
2024-10-22,-0.0033360467649377404
2024-10-23,-0.003403090674203893
2024-10-24,0.0002854721575997983
2024-10-25,0.0034804899369213172
2024-10-28,-0.00031097144155128344
2024-10-29,-0.002152502493128049
2024-10-30,0.013297155446093315
2024-10-31,-0.009432111107906458
2024-11-01,-0.0158409089934314
2024-11-04,-0.002759711968612282
2024-11-05,0.0015029092704485266
2024-11-06,0.0151049787216187
2024-11-07,0.007535147230072034
2024-11-08,0.0072606445724403505
2024-11-11,0.0053760441275195565
2024-11-12,0.0019373608438079382
2024-11-13,0.0025585678656722672
2024-11-14,-0.010527203582340407
2024-11-15,-0.011399982091762803
2024-11-18,-0.00027305220444483837
2024-11-19,0.00573590987398214
2024-11-20,0.01252965947371511
2024-11-21,0.018872970786201884
2024-11-22,0.0025479946679476937
2024-11-25,0.005189152069149774
2024-11-26,-0.015893640447337935
2024-11-27,0.014844282382282104
2024-11-29,0.0029501046361479757
2024-12-02,0.0053625113853520995
2024-12-03,0.0002603202955472663
2024-12-04,0.015616197500777836
2024-12-05,0.014925978001297057
2024-12-06,-0.005179021822500102
2024-12-09,0.013932836902229313
2024-12-10,-0.0072062695359899525
2024-12-11,0.004294779829710798
2024-12-12,0.007360374199443628
2024-12-13,-0.00020620610352169936
2024-12-16,0.004569298985006039
2024-12-17,0.005283002033153844
2024-12-18,-0.006013443972498084
2024-12-19,-0.0265525829321448
2024-12-20,-0.026860902375162362
2024-12-23,0.015705901827182074
2024-12-24,0.010087249273448347
2024-12-26,0.00318178361204689
2024-12-27,-0.006681902924046799
2024-12-30,-0.029117839542720726
2024-12-31,0.008606040834492321
2025-01-02,0.0011676714801900911
2025-01-03,8.33946305813909e-05
2025-01-06,0.019448598126871795
2025-01-07,0.007037403296893556
2025-01-08,-0.025552658000866025
2025-01-10,-0.0011370179239654176
2025-01-13,-0.03421049664837516
2025-01-14,0.025777896594485643
2025-01-15,0.013797112942769982
2025-01-16,0.013406576079400184
2025-01-17,0.011039572022269713
2025-01-21,0.010117693472327752
2025-01-22,0.008863435121945307
2025-01-23,-0.009060120690228485
2025-01-24,0.01684129149102381
2025-01-27,-0.02200045277148715
2025-01-28,0.007926297249717166
2025-01-29,0.010962553460363705
2025-01-30,0.011728766791570071
2025-01-31,0.014555926019610067
2025-02-03,-0.05923338925175994
2025-02-04,0.026582398125907552
2025-02-05,0.009343673852107168
2025-02-06,0.012150485453610586
2025-02-07,0.010343091955941089
2025-02-10,-0.007883735281901741
2025-02-11,-0.0048621934736543864
2025-02-12,-0.008055727821284183
2025-02-13,0.01161535606577567
2025-02-14,0.011881639470635244
2025-02-18,0.0027291020743073382
2025-02-19,0.0005307085499203523
2025-02-20,0.0026514988141570638
2025-02-21,0.0009860337492355524
2025-02-24,-0.016391692775210284
2025-02-25,-0.021739641539459568
2025-02-26,-0.01889681679182377
2025-02-27,0.003173129750188976
2025-02-28,-0.04178119355116506
2025-03-03,0.02451590533552344
2025-03-04,-0.006695873327862586
2025-03-05,-0.00735615682665122
2025-03-06,-0.0027555410019369686
2025-03-07,-0.0026734099375018126
2025-03-10,-0.004012214251261557
2025-03-11,-0.0039398371661038935
2025-03-12,0.00029704501924080525
2025-03-13,-0.0007461190856196093
2025-03-14,0.004585626373135706
2025-03-17,0.0012802607829954728
2025-03-18,0.00449283860285987
2025-03-19,-0.00012888865913100584
2025-03-20,0.006546260044753195
2025-03-21,-0.0048146407094216215
2025-03-24,-0.006177084164671069
2025-03-25,-0.003566254037785967
2025-03-26,-0.0006897581705464101
2025-03-27,-0.004982376951271185
2025-03-28,0.004765710932135656
2025-03-31,0.0009812195326209092
2025-04-01,0.004263988899600578
2025-04-02,0.004786140204589968
2025-04-03,-0.006860190996757217
2025-04-04,-0.0059003821516236165
2025-04-07,-0.010190872058935145
2025-04-08,-0.012635419700186688
2025-04-09,-0.005307964884369127
2025-04-10,0.0007440595722940906
2025-04-11,-9.856692007535891e-05
2025-04-14,0.0005311414484718421
2025-04-15,-4.635846283920415e-05
2025-04-16,0.0006926694842768091
2025-04-17,0.00020443552285668
2025-04-21,-0.0011775906976955759
2025-04-22,0.001397242888675796
2025-04-23,0.0010803212535766909
2025-04-24,0.0002604626301721283
2025-04-25,-0.0008961314802309901
2025-04-28,0.0015207322062294182
2025-04-29,-8.574575103779035e-05
2025-04-30,-0.0007551904955697637
2025-05-01,0.000991516899280238
2025-05-02,-0.001986324647298801
2025-05-05,-0.0008134367980123068
2025-05-06,-9.343316209935117e-05
2025-05-07,0.001794127808788258
2025-05-08,-0.00026149414649051056
2025-05-09,-0.0035331795426622663
2025-05-12,-0.0023454533254626247
2025-05-13,-0.0011161721724784344
2025-05-14,-0.0005041642044593921
2025-05-15,-0.00015200234466778247
2025-05-16,-1.8171810278472058e-05
2025-05-19,-2.4994124400122932e-05
2025-05-20,0.0002273523195029485
2025-05-21,0.00022029717648318939
2025-05-22,0.00016072796658024688
2025-05-23,0.00043320182905209903
2025-05-27,-0.00010831167145141412
2025-05-28,0.000556577090701733
2025-05-29,0.0014352421160808606
2025-05-30,-0.0034078894330425106
2025-06-02,0.00014973454820818463
2025-06-03,0.002678904920648472
2025-06-04,0.0009920811391230207
2025-06-05,0.002871529731458101
2025-06-06,-0.0042779488512798705
2025-06-09,0.000715962606508692
2025-06-10,0.004888536781427947
2025-06-11,0.0016616743526615403
2025-06-12,-0.0006151707799377073
2025-06-13,-0.0019500873797084373
2025-06-16,0.002022401266918904
2025-06-17,-0.003251845960279371
2025-06-18,-0.003968714637925677
2025-06-20,-0.0006293512728348092
2025-06-23,-0.005700062313420508
2025-06-24,0.003804710297667386
2025-06-25,0.002209706828593617
2025-06-26,0.0003123166661353733
2025-06-27,-0.003142055433745452
2025-06-30,0.0036898755706651853
2025-07-01,0.002768370245940732
2025-07-02,-0.0015427976624936388
2025-07-03,0.0045677976574983814
2025-07-07,-0.0023362839516265907
2025-07-08,0.002132916398155271
2025-07-09,-0.0010758778261343287
2025-07-10,0.0056603985684806095
2025-07-11,0.008000915283103038
2025-07-14,0.0020659687910615397
2025-07-15,-0.0006175062922583274
2025-07-16,0.0004174334757730559
2025-07-17,0.0020042009675626986
2025-07-18,0.014248590472740897
2025-07-21,0.006203039281894547
2025-07-22,0.004578219506481029
2025-07-23,-0.002023101661020201
2025-07-24,-0.009498506245066334
2025-07-25,-0.004213321588415344
2025-07-28,0.01156461227910168
2025-07-29,0.008367828672038065
2025-07-30,-0.005517349292179026
2025-07-31,-0.0014023349829471476
2025-08-01,-0.02985190216187902
2025-08-04,0.008365981059511616
2025-08-05,0.010608483415130286
2025-08-06,-0.009644621897484329
2025-08-07,0.026363372306024067
2025-08-08,-0.004947207006611998
2025-08-11,0.006352767634883326
2025-08-12,-0.0010407908301850923
2025-08-13,0.031053742672256888
2025-08-14,-0.01321218952479314
2025-08-15,-0.0059221377525813974
2025-08-18,-0.009887593237026341
2025-08-19,-0.0024373852256178137
2025-08-20,-0.008051366917964839
2025-08-21,-0.00494925688294844
2025-08-22,0.0032641391380089494
2025-08-25,0.02304517873245171
2025-08-26,-0.006247504550111485
2025-08-27,-0.0015039805783397557
2025-08-28,0.0150984369707002
2025-08-29,-0.003466757878497644
2025-09-02,-0.025285834463730915
2025-09-03,0.025489109110631257
2025-09-04,0.006867610235436705
2025-09-05,0.03896608293013462
2025-09-08,0.007709080769952147
2025-09-09,0.009414242293153687
2025-09-10,0.007382746865454341
2025-09-11,0.006743826448744725
2025-09-12,0.007014366209856659
2025-09-15,0.005163250802370716
2025-09-16,0.0034572643727086255
2025-09-17,0.00881589998970273
2025-09-18,-0.01633736764013209
2025-09-19,-0.0016181986098376187
2025-09-22,-0.006606704601490734
2025-09-23,0.005682592101872908
2025-09-24,-0.0006916281613282163
2025-09-25,-0.013067972869704833
2025-09-26,-0.0020737438545506593
2025-09-29,0.024485312465872724
2025-09-30,0.005649721114203567
2025-10-01,0.009104143394073883
2025-10-02,0.01832000488394978
2025-10-03,0.003028896246548153
2025-10-06,-0.0016447855327905775
2025-10-07,0.010200811672053766
2025-10-08,0.00048680685068954507
2025-10-09,-0.0019161558473906812
2025-10-10,0.0006996829641255668
2025-10-13,-0.008706725287170165
2025-10-14,-0.008415013729045755
2025-10-15,0.024341489632278997
2025-10-16,0.0012947867348005915
2025-10-17,-0.009252943400465171
2025-10-20,0.020516486720880567
2025-10-21,-0.0022449209514636206
2025-10-22,-0.008370760697280223
2025-10-23,-0.003660651428556124
2025-10-24,0.013010105387122207
2025-10-27,0.005636591176973497
2025-10-28,-0.00256795816612713
2025-10-29,0.008626886778431294
2025-10-30,-0.03578237114521468
2025-10-31,0.005239277535685185
2025-11-03,-0.009970654302985757
2025-11-04,-0.02287957122015601
2025-11-05,-0.01193024684124795
2025-11-06,0.01004961910362166
2025-11-07,-0.019424837092637672
2025-11-10,0.01852096100608504
2025-11-11,0.0045666757636802
2025-11-12,0.0029181912118286645
2025-11-13,-0.00284448300271984
2025-11-14,-0.03183464511321162
2025-11-17,0.0021348884161207712
2025-11-18,-0.005621826491909379
2025-11-19,-0.002130849424950002
2025-11-20,0.008568582014538348
2025-11-21,-0.014031419579833917
2025-11-24,0.009457823341243326
2025-11-25,0.007556200607260301
2025-11-26,0.00846037413038553
2025-11-28,0.009566488174031409
2025-12-01,-0.01290331292105059
2025-12-02,0.009083652289034067
2025-12-03,0.004196244209516641
2025-12-04,0.0043029130369306124
2025-12-05,-0.0013499230763640653
2025-12-08,-0.004317555727647088
2025-12-09,-0.00310892574527779
2025-12-10,-0.0029862551735995056
2025-12-11,0.005000007417807969
2025-12-12,0.0024788378548804783
2025-12-15,-0.009174897422148953
2025-12-16,-0.017183894984247102
2025-12-17,0.005613029515476166
2025-12-18,-0.0037499256712747535
2025-12-19,0.0001469269073780368
2025-12-22,0.01867470586353558
2025-12-23,-0.00428563702704273
2025-12-24,0.008135377576516433
2025-12-26,0.007582129522882726
2025-12-29,-0.015391709809040767
2025-12-30,0.0025283564688967303
2025-12-31,-0.0032443711263276456
2026-01-02,0.005313710690674348
2026-01-05,0.009646987716568948
2026-01-06,0.0039026418930161446
2026-01-07,0.005120432651639313
2026-01-08,-0.004924770549270404
2026-01-09,-0.00110139318707796
2026-01-12,0.008335028368420993
2026-01-13,0.011078375776734012
2026-01-14,-0.0031911808176532746
2026-01-15,0.010977324493467893
2026-01-16,-0.004091407232263041
2026-01-20,-0.012248225054228026
2026-01-21,0.007781802558290999
2026-01-22,0.019874759780335618
2026-01-23,-0.001867273831355374
2026-01-26,0.010785644147378261
2026-01-27,0.010976624978624495
2026-01-28,0.025847715741863297
2026-01-29,0.007444265506274655
2026-01-30,-0.02610748656118752
2026-02-02,-0.03224451131330335
2026-02-03,0.03565242630036063
2026-02-04,-0.02118483646171705
2026-02-05,-0.053701256217856624
2026-02-06,0.019494775974274688
2026-02-09,0.014118951932416537
2026-02-10,0.01790731679349128
2026-02-11,0.006064195331111195
2026-02-12,0.0017873700938994006
2026-02-13,-0.03224310782926929
2026-02-17,-0.010563008681673607
2026-02-18,0.010970477835636252
2026-02-19,-0.0012106811431757698
2026-02-20,0.0031905269905849565
2026-02-23,0.016191291104996473
2026-02-24,-0.0029414456241338253
2026-02-25,0.018572160678147303
2026-02-26,0.005400717668907191
2026-02-27,-0.012850368678363715
2026-03-02,-0.00481449075436019
2026-03-03,-0.02895566796339627
2026-03-04,0.010269344649060111
2026-03-05,-0.009525717819129708
2026-03-06,-0.019590108506994164
2026-03-09,-0.013072392470239206
2026-03-10,0.027029048604507312
2026-03-11,-0.004429305367337146
2026-03-12,-0.014604701316920763
2026-03-13,-0.006824690613323472
2026-03-16,0.001787139570235393
2026-03-17,0.0035145378283985636
2026-03-18,-0.005950906240247407
2026-03-19,-0.020369087825629108
2026-03-20,0.0032010713009532244
2026-03-23,-0.004391049860386716
2026-03-24,-0.004849051861969083
2026-03-25,0.002882729950623375
2026-03-26,-0.0008845335303996574
2026-03-27,-0.0021030443949557032
2026-03-30,0.001132344059303445
2026-03-31,-0.0014976318093797136
2026-04-01,0.005247432648608575
2026-04-02,-0.0014666320021395258
2026-04-06,0.00885284081175094
2026-04-07,0.00012960296871175088
2026-04-08,0.015433969373124936
2026-04-09,-0.0015934055986296816
2026-04-10,0.004481724921280823
2026-04-13,-0.002547026930864523
2026-04-14,0.00924607756985861
2026-04-15,0.00482768494017734
2026-04-16,0.0005176622997053137
2026-04-17,0.008777980930167968
2026-04-20,-0.0014758191010297355
2026-04-21,-0.004059340223331981
2026-04-22,-0.0006949421489331822
2026-04-23,-0.0018046883020988536
2026-04-24,0.004455358156625105
2026-04-27,0.003941707500360868
2026-04-28,-0.04059248611463599
2026-04-29,-0.004308480482575453
2026-04-30,0.02711197044690204
2026-05-01,-0.0064187639802106315
2026-05-04,0.008369456565891562
2026-05-05,0.007378831629091924
2026-05-06,0.03727482377544852
2026-05-07,0.013486877233868747
2026-05-08,0.0011492964480677933
2026-05-11,0.016321484863581055
2026-05-12,-0.0016523620593367444
2026-05-13,0.0005638769658851706
2026-05-14,0.0008412211642749045
2026-05-15,-0.01957003647309056
2026-05-18,0.0030829442770333184
2026-05-19,-0.021947299334221276
2026-05-20,0.020338855023717423
2026-05-21,0.011607787297114456
2026-05-22,0.01348356910188925
2026-05-26,0.01954007659520634
2026-05-27,0.01117247686322449
2026-05-28,-0.014339239475145479
2026-05-29,0.013767225831519448
2026-06-01,-0.0028809682554310377
2026-06-02,0.009314898180176267
2026-06-03,0.007274706078701243
2026-06-04,-0.019431532353322758
2026-06-05,-0.014048863733519807
2026-06-08,-0.020111072150529798
2026-06-09,0.012378843954303744
2026-06-10,-0.04525440611641046
2026-06-11,-0.005013795726737586
2026-06-12,0.02241597961982417
2026-06-15,0.025425042447279007
2026-06-16,-0.0007682707830412101
2026-06-17,-0.014354653617663407
2026-06-18,0.003304177882511574
2026-06-22,0.014564576488961704
2026-06-23,-0.042069856876617
2026-06-24,-0.013174035719214857
2026-06-25,0.0300651564848676
2026-06-26,-0.03555249690907138
2026-06-29,0.006957807893377926
2026-06-30,0.0074826938060468815
2026-07-01,-0.006269984130325996
